502,Air Force,47.7865,176,37.0588,54,67.4074,224,8.1501,187,48.1242,172,34.6341,191,73.7391,341,13.2813,339,39.9061,39,44.3084,343,62.0504,27,62.3932,337,0.0856,262,0.106,247,-4.5
503,Akron,47.0228,208,33.1579,213,71.4078,91,6.7126,263,46.2134,90,29.4425,6,69.7352,224,7.5306,84,39.9579,38,33.0645,180,54.1191,168,49.1501,44,0.1137,56,0.115,305,11.7
504,Alabama,47.1726,202,33.0296,221,70.4678,116,11.5702,48,46.6942,107,31.135,31,67.8511,104,9.8958,255,24.6214,325,35.0161,243,43.0039,337,53.6458,162,0.0985,161,0.1023,210,-0.1
505,Alabama A&M,43.8849,300,26.799,342,65.8088,270,8.1935,182,49.4571,232,33.2394,111,65.0435,18,9.2497,197,29.2878,265,25.9503,6,47.8505,296,53.3118,150,0.1119,64,0.12,323,11.7
506,Alabama St.,52.2507,38,32.3643,246,63.0068,317,8.1811,183,42.8118,21,29.6907,9,66.4407,46,6.9726,54,31.2917,216,27.8096,23,53.8867,174,46.5593,19,0.0861,258,0.0997,192,10.9
507,Albany,46.0268,249,29.4118,327,71.8644,72,6.2687,278,49.7512,241,32.1008,52,66.8103,58,9.4414,218,25.8027,317,37.1875,295,51.3287,235,56.1505,235,0.0787,306,0.1131,297,6.2
508,Alcorn St.,42.1502,330,33.71,182,67.4797,222,3.9184,339,54.5306,337,34.2199,166,67.5112,89,8.8737,174,31.1803,218,31.526,121,44.1308,334,55.8653,224,0.1112,70,0.1041,227,2
509,American,52.1522,39,37.4593,47,64.786,293,7.308,231,43.0157,23,33.0258,101,72.8522,331,10.2102,274,38.0657,58,33.3949,190,56.0586,119,52.0186,117,0.089,240,0.0986,179,8.4
510,Appalachian St.,49.134,118,36.9028,60,70.4708,114,8.3752,174,50.5025,268,35.5786,252,71.1297,285,11.2124,309,35.6221,96,32.6565,161,49.8034,262,48.9493,42,0.0832,279,0.1219,327,11.6
511,Arizona,50.8576,66,38.9091,21,73.7659,33,8.6522,159,49.8336,245,35.0242,222,69.0196,177,6.0403,14,29.0851,270,40.7882,333,55.8036,124,61.7548,329,0.0953,192,0.0843,46,-11.8
512,Arizona St.,57.1277,2,37.018,55,73.6842,36,6.2016,281,46.4255,98,31.6998,43,73.75,342,7.234,65,45.2852,11,35.9978,278,65.9394,5,56.8365,257,0.0939,205,0.0948,142,0.9
515,Arkansas,49.0924,122,33.2237,205,65.0957,284,7.6039,217,48.8064,205,36.9138,305,66.3732,44,12.3762,332,33.4066,156,36.8862,289,48.9335,281,60.1759,305,0.1042,115,0.0853,50,-2.2
513,Arkansas Little Rock,48.2728,154,36.087,80,67.0407,238,9.6774,111,44.1756,36,31.8949,47,70.1649,241,8.5917,156,28.949,273,32.3226,147,56.8214,103,55.5053,214,0.0835,277,0.0791,18,7.1
514,Arkansas Pine Bluff,43.7874,303,28.7703,331,61.7874,329,7.0648,247,47.0984,122,33.4021,122,66.7429,55,7.8593,109,24.3916,327,28.9725,44,47.8138,299,55.5402,216,0.1214,30,0.1313,338,13.2
516,Arkansas St.,45.9459,252,31.4149,288,67.4952,220,9.3128,126,44.8463,52,36.2416,277,70.8835,278,6.8003,46,26.6624,305,28.783,39,55.3191,131,49.3921,50,0.0979,170,0.0812,27,11.4
517,Army,45.208,274,33.7237,180,68.9732,172,8.3893,172,46.868,115,33.8409,149,67.5439,92,9.8553,251,27.8539,288,39.798,324,61.4907,34,58.9661,290,0.1152,47,0.1044,231,1.2
518,Auburn,50.4823,76,33.4559,193,60.7235,339,10.0433,91,46.4935,102,33.5492,125,66.0589,35,7.9582,112,39.6117,43,40.0623,328,54.717,146,51.6332,108,0.128,14,0.0939,130,4
519,Austin Peay,51.9966,42,36.5052,69,68.7976,178,8.726,153,51.2216,292,36.1248,270,70.6475,266,6.7969,45,32.9345,168,34.7009,233,54.435,154,54.8947,199,0.0921,221,0.1056,242,3.6
520,Ball St.,43.5374,310,33.8384,175,61.0927,336,5.625,305,46.6964,108,30.5677,22,64.3333,11,6.6327,36,25.1908,320,29.0241,47,51.548,233,51.7345,113,0.0828,285,0.1017,206,11.1
521,Baylor,53.2703,20,36.3529,73,70.9202,101,9.1667,132,48.2639,178,34.3137,173,71.2644,290,7.565,86,40.1133,36,33.1476,184,46.7005,313,53.8298,167,0.1022,130,0.0795,19,4.8
522,Belmont,52.7201,29,35.3684,111,68.3735,186,6.8237,256,50.2031,261,32.7217,82,66.3755,45,10.1879,272,48.4447,3,34.695,232,63.1761,14,55.0481,206,0.1114,68,0.1089,269,3.3
523,Bethune Cookman,43.6876,308,27.991,339,62.3946,323,8.6957,155,47.7146,145,31.9527,50,62.7976,3,9.2643,198,28.6917,276,36.1111,280,44.7934,333,50.339,73,0.1052,105,0.0978,167,12.1
524,Binghamton,48.951,126,33.452,194,68.2471,189,11.1015,61,45.3528,69,32.9068,92,70.3235,246,9.2657,199,32.9426,167,32.007,134,49.3316,273,56.0113,229,0.1052,107,0.0942,135,5.3
526,Boise St.,52.8489,26,34.331,150,69.3333,156,8.3077,176,48.6923,199,34.5489,188,67.0213,67,10.4872,284,31.928,196,28.6107,33,58.5629,69,45.5105,12,0.0887,243,0.0864,62,13.8
527,Boston College,49.4815,110,33.3846,199,73.8063,32,10.4299,76,46.5116,103,33.0537,102,69.4286,206,11.9259,324,32.5,178,29.5782,60,56.9492,101,49.2415,46,0.089,239,0.1002,197,6.6
528,Boston University,47.5193,187,36.0811,82,68.3391,187,8.8022,147,48.0944,169,32.5342,67,66.2362,38,11.3561,316,44.9302,14,34.6382,231,54.4413,153,55.9722,228,0.1026,125,0.1041,228,-0.5
529,Bowling Green,46.4064,233,35.0459,120,66.6023,248,9.9728,96,44.6963,47,30.1418,13,69.2821,195,9.1393,194,32.5957,175,33.8332,207,52.8011,205,54.4495,188,0.1046,111,0.1036,223,3.7
530,Bradley,50.2128,88,32.8267,230,71.9363,71,10.305,82,48.3924,182,34.517,186,73.0015,334,7.3191,73,35.8974,91,36.724,287,56.2035,115,60.1205,302,0.1199,38,0.1025,212,-2.6
536,Brigham Young,53.604,17,38.1967,31,72.8125,51,9.6996,109,46.3519,97,30.1146,12,70.3876,250,6.3795,29,33.5718,152,34.4032,223,59.3182,58,51.3812,98,0.1042,114,0.0752,9,11.2
531,Brown,48.8789,129,31.7121,272,65.8537,266,7.9022,198,48.1656,174,38.8145,336,66.9192,64,10.9865,303,36.5576,82,32.976,175,62.2705,24,54.965,201,0.0712,331,0.1104,281,3.9
532,Bryant,44,297,32.9094,226,66.1538,255,7.709,208,50.5972,270,38.2003,329,67.5373,91,8.4706,144,42.5287,19,39.0066,318,60.4131,48,63.8205,342,0.0954,191,0.1131,298,-7.4
533,Bucknell,40.6794,339,34.3042,151,67.803,206,6.0855,287,46.2993,95,31.2057,32,69.4561,209,10.0174,261,34.9943,116,31.6854,125,49.7791,264,54.3978,186,0.0685,339,0.0879,72,8.3
534,Buffalo,44.4772,286,34.4554,145,64.4917,300,7.7315,205,47.3237,132,34.4828,183,68.8312,164,7.8056,105,27.1068,302,30.724,104,52.1851,220,52.1031,122,0.0989,159,0.0971,164,11.7
535,Butler,50.6494,72,35.2436,117,72.1726,67,9.369,124,42.2562,16,32.6786,78,71.0623,284,11.3341,313,45.178,13,34.8692,239,58.5185,70,52.48,133,0.0941,202,0.0925,120,5.9
538,Cal Poly,44.1441,293,33.8889,170,70.7889,104,7.669,213,49.9495,247,37.2439,314,68.172,121,7.5075,83,35.0877,110,35.144,246,46.4744,315,60.1439,304,0.0907,227,0.0913,107,-2.8
563,Cal St. Bakersfield,43.1774,314,32.3268,249,68.007,195,6.0549,290,49.4797,235,38.6555,334,73.0769,335,9.8441,249,35.4311,99,31.0502,113,47.84,297,57.1429,259,0.0817,292,0.0763,11,2.1
564,Cal St. Fullerton,49.1276,120,33.97,166,71.2838,92,9.0238,138,50.041,250,36.8948,303,68.4909,143,5.4178,6,40.2305,34,32.9483,174,50.7653,242,52.9483,141,0.0957,186,0.0822,33,1.4
565,Cal St. Northridge,50.3466,83,36.0684,85,69.2308,162,7.6772,212,48.0315,162,32.81,85,72.973,332,6.7591,40,33.64,151,38.536,310,52.7778,206,57.9627,275,0.1221,28,0.1063,250,2.2
539,California,50.295,84,42.6829,1,75.5134,17,4.8601,324,47.6436,142,35.0195,221,70.5024,257,7.9646,114,26.6234,306,27.4573,18,57.0628,96,50.1814,69,0.0717,327,0.0753,10,11
540,Campbell,45.9031,256,34.5114,138,70.4969,112,7.2362,234,50.1508,255,33.9559,155,66.0436,34,10.9251,301,29.7649,250,37.1843,294,63.1732,15,61.9456,332,0.1126,61,0.1195,322,-1
541,Canisius,46.384,235,28.6765,332,61.5514,333,11.1374,60,43.6019,31,30.54,20,68.3492,133,11.2219,310,31.1391,222,29.7837,66,52.521,216,51.5363,103,0.0746,321,0.1171,312,8.8
543,Centenary,44.0419,295,34.4725,142,67.9417,197,7.212,239,50.3078,266,35.2818,240,69.4514,208,12.4881,335,39.0825,49,29.6411,62,53.6023,185,56.5452,247,0.1309,10,0.1029,219,10.6
542,Central Arkansas,41.1246,338,31.2958,291,66.4931,250,7.6344,216,50.9677,285,34.4754,182,67.2897,77,13.7817,342,31.079,224,33.4288,192,48.1038,292,50.3937,78,0.0789,304,0.0935,125,5.5
544,Central Connecticut,49.0909,123,31.5657,279,71.9697,70,7.2374,232,51.8094,309,33.7545,141,67.3961,81,7.686,95,24.6575,324,32.8394,169,54.242,161,51.6796,110,0.0948,195,0.1098,276,1.5
809,Central Florida,48.6239,142,35.5818,99,71.7466,77,8.5685,164,47.9839,156,35.9746,268,68.2819,131,8.2569,128,35.2347,105,38.8786,317,60.7287,40,54.7653,194,0.0999,151,0.1098,278,1.4
537,Central Michigan,45.7875,260,33.5821,185,63.0894,315,7.6476,214,48.4995,190,35.7664,261,69.3607,203,10.4396,283,32.9238,169,28.4626,31,45,329,50.463,79,0.1227,25,0.0996,190,18.6
545,Charleston Southern,47.6626,181,32.1293,257,62.531,322,8.0732,189,51.6685,306,35.5993,253,68.6747,155,9.5528,225,34.8344,120,37.5672,298,49.373,272,55.9647,226,0.0829,284,0.0955,149,-0.5
546,Charlotte,47.6444,182,30.5516,311,68.2196,190,9.6623,113,46.1538,86,36.8839,302,72.023,316,9.3333,206,38.5917,51,37.1091,292,56.117,117,54.9724,202,0.0947,196,0.0829,39,1.5
547,Chattanooga,49.5446,105,34.4603,144,65.2778,281,6.5944,266,51.3098,294,36.2947,280,65.0238,17,10.5647,287,41.1891,29,45.468,344,53.6465,182,61.5725,325,0.0826,288,0.1074,258,-11.8
548,Chicago St.,51.6283,47,33.8733,171,67.8082,205,10,93,51.2712,293,37.3534,318,68.375,136,8.2605,129,35.0361,112,33.5959,200,53.2955,191,61.715,328,0.1246,22,0.1003,198,2.7
549,Cincinnati,47.7293,178,33.0409,218,65.8135,269,8.1719,185,46.7565,109,32.2523,57,69.8052,230,9.6171,232,37.8528,61,31.8599,132,58.9239,65,54.9046,200,0.0852,269,0.091,104,3.4
551,Clemson,50.9713,64,37.4269,50,68.7601,179,14.2422,11,46.0015,81,35.9168,266,66.7224,53,8.2362,126,34.7032,124,28.7188,37,52.4123,217,53.7783,165,0.1322,7,0.1078,260,6.7
552,Cleveland St.,47.4359,191,30.4348,312,70.3377,120,8.8723,144,45.2736,68,32.8215,86,69.2308,192,10.3318,277,28.5175,280,30.1679,84,56.7089,105,53.8354,168,0.133,6,0.0937,127,8.6
553,Coastal Carolina,49.5385,106,33.0373,219,61.7769,330,8.1985,181,49.0831,218,34.7352,200,68.7037,156,9.3333,206,36.606,80,40.9178,334,57.1001,94,57.5221,268,0.0923,216,0.138,344,-5.5
555,Colgate,44.2442,290,31.6916,274,67.0863,237,8.6918,156,45.8297,78,31.7526,44,69.5886,214,5.3053,4,31.8554,200,29.8645,70,52.5424,215,47.929,29,0.0716,330,0.1124,292,10.1
554,College of Charleston,52.3077,36,38.2166,29,65.9389,264,9.5238,116,48.3912,181,35.0689,225,69.1057,184,7.033,56,36.5116,83,29.5877,61,47.929,295,49.949,62,0.0977,174,0.0904,95,4.4
556,Colorado,50.7353,70,34.9174,126,72.7113,55,4.7081,327,51.4124,299,36.7793,298,66.2732,41,10.7143,291,33.7047,149,32.1406,141,53.3742,189,54.9932,204,0.0943,200,0.0917,112,8.7
557,Colorado St.,46.3372,239,35.3728,109,72.0313,68,6.8182,257,55.0189,338,37.1634,312,69.3291,200,9.9735,258,31.5821,208,34.5319,229,46.1972,318,50.7614,86,0.0864,255,0.0854,51,7.7
558,Columbia,44.0228,296,31.7241,271,66.8593,241,5.8065,298,46.4516,99,30.5556,21,72.2513,317,9.5825,228,29.2142,266,35.1464,247,53.8206,175,54.7782,195,0.1014,136,0.1183,317,6.7
559,Connecticut,51.3597,56,34.0909,160,67.8279,204,17.0732,3,40.9146,6,30.4348,19,69.869,232,7.8492,108,23.0257,336,30.3017,86,56.9277,102,51.464,101,0.0826,290,0.0953,145,2.9
560,Coppin St.,43.7552,305,33.6538,184,71.4286,88,4.3732,333,51.4091,298,33.2842,114,65.6716,26,8.7175,162,30.3561,237,39.7541,323,42.7547,338,59.8675,298,0.1223,26,0.0852,49,-8.3
561,Cornell,50.1398,89,40.2622,8,73.3205,42,9.1944,129,46.6725,106,30.6889,24,70,239,8.4809,145,33.2296,158,29.5497,58,58.0345,81,50.2941,71,0.0996,154,0.0924,119,10.8
562,Creighton,48.3361,152,37.9642,35,74.8698,21,10.8919,66,46.0142,82,34.6341,191,69.024,178,8.5691,154,37.6879,67,32.678,163,57.6429,85,53.7688,163,0.121,33,0.0871,68,7.4
567,Dartmouth,42.8703,320,33.5749,186,65.032,286,11.1748,56,47.851,150,38.4615,331,70.7438,271,7.9117,111,27.5816,292,25.7973,4,41.8182,340,53.3541,152,0.0981,168,0.1026,214,14.5
568,Davidson,48.0243,165,35.7054,98,69.7143,145,8.4746,168,43.0993,25,32.4409,64,69.201,189,6.7629,42,37.8366,62,33.8847,208,51.634,229,45.2703,10,0.0961,184,0.0782,15,14
569,Dayton,46.0158,250,32.8152,231,64.7606,294,10.8486,67,44.8819,54,31.1334,30,69.6613,218,9.8349,248,29.3611,262,37.8804,300,58.3634,72,56.0274,230,0.0982,167,0.0744,8,2.4
570,Delaware,46.5804,228,33.1897,210,70.2823,123,7.0552,249,48.773,203,33.7711,143,68.5714,145,6.1922,19,39.1451,48,29.0147,46,57.0068,98,48.1618,31,0.0826,289,0.0899,91,12
571,Delaware St.,46.3094,240,34.3023,152,65.5941,276,10.5263,74,49.4737,233,35.743,259,69.7755,226,8.1901,125,34.2857,135,32.2748,144,46.6142,314,56.4029,239,0.086,259,0.1085,264,0.4
572,Denver,57.4928,1,37.6744,41,73.7603,35,6.3253,273,50,248,31.9202,49,71.4078,296,11.2392,311,48.1703,6,28.7044,36,65.7321,6,51.5974,106,0.0881,247,0.1014,204,17.9
573,DePaul,46.07,247,29.6063,325,61.5764,332,7.739,204,50.9863,287,35.6923,257,69.3069,199,7.3152,72,33.0729,162,33.0285,178,47.8205,298,55.531,215,0.1018,135,0.0977,165,-3.5
574,Detroit,45.9184,254,28.0236,338,65.045,285,8.7924,149,47.6695,144,36.961,307,68.4451,140,10.0186,262,23.9238,330,34.0321,213,50.678,244,53.4921,156,0.1005,143,0.109,271,8.7
575,Drake,47.0998,205,34.5205,137,75.3106,18,7.1429,245,47.3581,135,34.5324,187,67.1488,73,9.9768,259,45.8543,10,40.4776,330,54.4073,155,61.326,321,0.1001,146,0.0987,180,-5.8
576,Drexel,40.5734,340,29.3996,328,67.19,232,9.5197,117,41.681,9,33.0749,105,67.5283,90,11.8158,321,29.5594,258,24.9195,2,53.0378,197,49.3485,49,0.0768,316,0.0963,157,15
577,Duke,49.5077,108,34.8564,129,72.7876,53,9.456,120,46.7617,111,33.8262,147,68.9335,171,10.1969,273,35.0091,115,25.9472,5,50.4634,247,42.8729,4,0.1206,36,0.0809,26,17.4
578,Duquesne,54.9914,6,35.8788,93,69.5828,148,8.8482,145,52.0976,313,34.8148,206,69.9405,236,12.0482,328,41.5199,22,33.9879,211,60.3209,50,59.4771,293,0.1062,100,0.0823,34,-1.1
583,East Carolina,47.3624,194,38.2022,30,73.7615,34,7.2007,242,50.8551,281,34.1176,161,72.3214,318,9.9771,260,41.6722,21,31.4621,118,58.0645,80,61.4344,323,0.0773,313,0.0896,87,-3.2
586,East Tennessee St.,50.7835,69,33.564,188,70.6258,107,10.7774,69,46.9081,117,32.9697,96,69.2429,194,6.1966,21,29.1625,268,42.1564,342,45.0937,328,52.4284,130,0.1142,51,0.0909,99,-1.2
579,Eastern Illinois,46.988,209,35.8247,94,71.4583,85,5.6117,306,47.2503,129,36.8336,301,69.428,205,8.8971,177,26.4485,309,40.9934,335,53.2508,193,60.7088,312,0.0762,317,0.0909,101,-6.9
580,Eastern Kentucky,52.1197,40,40.5983,6,70.0234,131,5.4885,311,52.4698,323,35.8261,263,68.6695,154,10.3491,279,46.6755,9,38.6945,311,62.4467,20,68.1287,344,0.1197,39,0.0893,84,-13.8
581,Eastern Michigan,43.2793,312,29.9145,317,60.7211,340,9.1568,134,48.9574,213,36.1522,272,67.3704,80,8.8656,171,30.8504,228,30.0127,76,54.7138,147,56.8214,256,0.0934,210,0.1188,320,4.5
582,Eastern Washington,45.9792,251,32.7696,234,68.6022,182,6.2827,276,51.2042,291,34.9241,212,71.9611,313,9.3661,210,30.915,227,32.5565,156,49.922,260,57.2308,260,0.0873,252,0.0967,162,8.4
585,Elon,46.6172,227,34.8606,128,65.6546,275,8.6799,157,52.7125,327,34.6154,190,69.4397,207,7.1362,61,31.7521,206,30.875,107,55.8997,122,51.7241,112,0.0993,156,0.0993,186,9
587,Evansville,47.5486,186,32.3232,250,69.2737,158,3.5191,340,49.1691,223,34.7295,198,67.9577,113,10.3502,280,18.7737,344,35.9023,276,62.942,16,56.1254,233,0.083,281,0.0855,52,4.3
589,Fairfield,46.7476,220,33.389,198,65.6646,272,9.6774,111,49.1315,220,31.9039,48,68.2353,128,9.7138,238,34.1895,137,32.5335,155,57.3748,87,56.4103,240,0.0975,176,0.0984,177,1.6
588,Fairleigh Dickinson,47.099,206,28.0822,337,63.6496,311,10.1961,86,52,311,37.0297,309,69.6649,219,9.5563,226,27.205,299,28.3708,28,49.6296,269,58.1176,277,0.0839,273,0.1112,287,0.6
592,Florida,54.3544,8,36.6584,65,69.2668,159,7.3485,229,49.3939,229,35.0778,227,62.5413,1,8.7838,164,37.582,68,34.8791,240,59.4303,56,51.2222,95,0.1194,40,0.0926,121,4.3
593,Florida A&M,42.8972,319,32.1101,258,62.234,326,5.4954,310,50.7077,275,34.7015,194,66.5685,48,9.5327,224,37.935,60,30.8578,106,49.7758,265,46.0377,16,0.1019,132,0.1,195,11.3
590,Florida Atlantic,45.2209,273,32.5188,240,73.9353,31,8.2737,177,50.6762,273,33.3942,119,71.9884,315,6.988,55,29.9381,246,30.3601,88,53.125,195,52.561,135,0.0689,337,0.0843,44,4.7
591,Florida Gulf Coast,43.3423,311,33.7423,178,70.1001,129,8.5413,167,49.5202,236,32.7007,81,66.5718,49,7.6854,94,30.4104,236,39.6642,321,62.6154,19,61.8919,331,0.1055,104,0.1216,326,-4.9
594,Florida International,44.4545,287,35.7278,97,63.8801,307,7.6444,215,49.1556,221,35.4276,245,69.6574,217,10.0909,265,32.4739,180,33.7456,203,54.7198,145,50.9259,91,0.0801,299,0.0983,173,5.7
595,Florida St.,48.1275,160,34.2314,154,72.5304,57,15.9937,6,42.1219,14,32.6949,79,68.8202,163,8.2869,131,33.4571,155,36.66,286,51.5854,230,47.6005,25,0.1187,42,0.1024,211,5.5
596,Fordham,42.4242,328,29.7012,322,62.6243,320,7.7295,206,52.8502,328,39.6518,342,68.1818,122,8.428,140,35.0154,114,33.3119,186,49.1086,277,57.3138,264,0.0916,223,0.0922,116,1.5
597,Fresno St.,49.2266,116,34.5081,139,66.718,247,11.6331,47,48.9187,212,33.1641,107,69.3467,201,8.8262,167,38.2584,57,30.5901,96,59.7938,54,54.8122,196,0.0983,165,0.114,301,3.4
598,Furman,44.7236,278,30.9572,304,68.9723,173,8.4008,171,52.4291,322,37.3166,317,67.9448,111,8.5427,153,33.0417,163,32.5597,158,53.2663,192,55.7471,220,0.0809,296,0.1038,225,6.6
601,Gardner Webb,47.2249,198,34.8315,131,68.0769,194,4.7527,325,51.6974,307,33.5088,124,68.9431,173,11.4898,318,37.7576,66,35.6027,259,60.8262,39,54.0055,171,0.1,149,0.0953,148,2.8
602,George Mason,49.8039,95,33.0855,216,64.3813,302,9.1696,131,45.1557,63,30.8527,25,66.6667,52,6.6667,38,29.6746,254,35.8134,270,46.9865,311,55.2011,209,0.0954,190,0.0916,110,0.9
599,George Washington,47.1954,200,36.2222,76,67.951,196,13.4313,17,45.2256,64,34.2271,168,68.4034,138,9.0909,191,30.3235,238,39.9496,325,54.3779,156,62.037,333,0.09,230,0.1052,236,-7.5
603,Georgetown,54.7714,7,33.2174,206,71.4502,87,10.2586,83,44.7414,49,32.1364,53,70.8042,275,9.3439,208,36.3694,86,32.4403,151,57.2776,89,54.0115,174,0.1211,32,0.1087,268,2.8
604,Georgia,44.0476,294,34.1137,158,63.8489,309,9.2025,128,47.546,139,33.0671,104,68.7386,160,10.7937,296,32.1851,186,32.4352,150,54.1502,165,53.9299,170,0.1029,123,0.1272,334,2.6
600,Georgia Southern,47.6318,183,34.1137,158,66.0194,261,6.2557,279,52.3119,321,38.5813,332,66.6203,51,5.4513,9,34.8282,121,34.3843,222,44.9118,331,52.375,128,0.0961,183,0.0942,134,4
605,Georgia St.,46.3415,238,31.8008,268,61.6352,331,7.8288,201,49.4781,234,33.9559,155,66.3603,42,8.9118,180,32.8715,173,38.0737,307,50.9091,240,59.4955,294,0.1115,67,0.0944,136,-2.8
606,Georgia Tech,47.6744,180,32.3171,251,63.0075,316,12.5407,29,46.2541,92,32.4194,63,67.8521,105,6.1773,18,26.3383,311,33.5498,199,56.6871,106,55.6567,218,0.1116,66,0.1172,313,4.9
607,Gonzaga,53.2667,21,39.4481,14,71.4706,84,13.2365,18,39.4673,1,35.1312,231,68.3656,134,7.3021,71,32.1335,188,35.6364,261,52.6709,210,51.9178,115,0.1064,99,0.0781,13,3.7
608,Grambling,44.6465,283,32.3293,248,61.0548,337,7.2175,237,52.1368,316,36.3813,283,65.8407,29,7.7778,103,33.4677,154,32.8015,166,53.8972,173,58.5598,282,0.0755,319,0.108,261,-0.1
610,Hampton,43.1668,315,26.3793,343,65.9643,263,11.3118,53,43.7262,32,30.8748,26,65.917,30,9.8021,245,35.3443,101,35.6575,264,54.5008,151,51.7188,111,0.1269,18,0.09,93,4.1
611,Hartford,47.397,193,31.0096,301,70.8502,103,5.4054,313,50.951,284,36.6237,294,69.0104,176,12.5813,337,47.4344,8,41.1661,337,61.1511,36,59.8693,299,0.0998,152,0.0915,109,0
612,Harvard,51.373,55,36.1233,79,72.3708,65,8.9609,142,50.0477,251,36.1502,271,66.8724,62,9.7254,239,34.1867,138,28.8814,41,53.6705,181,56.5538,248,0.1089,84,0.0913,108,6.3
613,Hawaii,46.944,213,28.3422,334,71.408,90,9.9196,101,46.4701,100,34.9451,214,70.9208,279,7.6401,92,24.0979,329,28.9072,42,58.7253,67,50.2209,70,0.0878,249,0.1123,291,12.1
614,High Point,46.4844,230,30.1397,315,62.9187,318,13.2054,19,48.6456,195,33.9623,157,65.4851,24,9.5703,227,32.8525,174,41.7871,341,50.3987,248,62.9057,339,0.1034,118,0.1334,342,-9.4
615,Hofstra,42.514,325,31.6364,276,69.4891,150,14.0051,13,42.0154,13,34.1865,164,67.6433,96,9.5276,223,30.5725,231,31.8393,131,50.0709,257,51.9882,116,0.0955,188,0.1025,213,11.4
616,Holy Cross,47.2597,196,31.4103,289,67.7019,209,10.2204,84,46.493,101,33.7711,143,70.6199,264,8.0222,118,27.099,303,34.8138,236,60.6469,45,63.1988,341,0.1294,13,0.1266,333,6.3
617,Houston,46.3847,234,32.2742,254,74.6348,24,10.0514,90,45.1211,62,32.8231,87,70.8661,277,6.8213,49,28.9729,272,30.1384,82,45.5899,325,49.8762,59,0.115,49,0.0654,1,7.9
618,Houston Baptist,45.9194,253,32.2812,253,65.7658,271,6.7797,259,55.3078,339,36.2126,274,73.538,339,10.0295,263,40.6651,33,34.9391,241,48.6994,284,58.1146,276,0.1025,126,0.1087,266,-0
619,Howard,46.9856,210,31.7669,269,63.9191,304,8.0159,192,49.4444,231,35.4207,244,65.9468,31,7.5598,85,33.7349,146,28.8538,40,47.5758,302,48.7562,39,0.0705,334,0.1161,306,10
620,Idaho,50.4095,81,35.9223,91,65.4264,280,9.9356,99,48.1141,171,34.7973,203,71.3115,292,10.2821,276,31.9083,198,35.2591,253,58.4574,71,54.8697,197,0.1013,137,0.0895,85,2.2
621,Idaho St.,50.29,86,33.5092,191,69.1419,164,11.1874,54,47.8901,152,34.66,193,71.7663,307,6.2966,27,23.8966,331,37.1763,293,52.5886,212,59.6844,296,0.0863,256,0.1069,254,0.5
623,Illinois,50.5271,75,35.0093,124,71.1217,96,9.6595,114,44.1013,35,29.6233,7,63.0832,4,6.0241,13,28.7936,275,31.6188,123,69.383,1,54.5205,190,0.0923,217,0.0909,100,4.4
622,Illinois Chicago,43.0034,318,36.2264,75,77.1898,8,9.9701,97,46.7597,110,32.5409,68,69.8905,235,8.3618,136,31.1398,221,40.1551,329,54.023,170,58.7209,286,0.0936,207,0.0896,86,-5.4
624,Illinois St.,48.6438,141,38.0282,34,69.0881,166,7.9899,194,47.603,140,30.3704,17,70.5882,261,9.8553,251,41.3884,23,36.2124,282,54.7305,144,50.0649,66,0.106,103,0.0967,161,6.6
625,Indiana,46.9,216,33.264,201,65.5235,278,6.0577,289,53.2692,329,38.0597,328,68,115,14.3,344,32.4781,179,34.0102,212,55.0079,137,58.5752,283,0.0935,209,0.1353,343,1.7
626,Indiana St.,44.918,277,35.4934,105,72.9875,47,7.4208,225,47.9638,155,35.8736,265,69.3525,202,9.5082,221,42.5972,18,32.745,165,55.6748,126,51.5906,105,0.0772,315,0.1062,249,8
627,Iona,45.5261,265,33.1429,214,66.0274,260,9.1919,130,47.2727,130,32.5823,73,70.416,252,10.4228,282,34.0467,141,36.822,288,58.8697,66,52.8963,139,0.1005,142,0.1192,321,7.3
628,Iowa,51.5789,48,36.3893,71,74.3952,26,6.7594,260,48.0119,161,35.3464,242,68.7251,158,11.0526,305,48.2641,5,35.8827,274,57.6923,84,56.305,237,0.0819,291,0.0928,123,1.2
629,Iowa St.,48.8084,133,34.5534,135,70.4684,115,9.159,133,45.8784,80,33.2278,110,70.3633,248,6.1964,20,39.4342,45,34.479,226,60.6952,42,49.8029,57,0.0604,344,0.0989,183,7.8
630,IUPU Fort Wayne,44.3279,288,40.7895,3,73.5401,39,8.2721,178,52.114,315,33.4719,123,69.191,188,8.7703,163,30.299,239,30.6565,99,47.3118,305,50.8242,88,0.0707,333,0.1008,201,10.2
631,IUPUI,51.9792,43,34.3358,149,66.1053,257,11.7276,42,49.3064,228,39.3673,339,72.8426,329,6.25,24,29.3598,263,41.7768,340,54.2453,160,61.626,327,0.1088,85,0.0872,69,-7.1
632,Jackson St.,49.6669,99,26.839,341,70.4403,117,6.9552,254,48.9181,211,34.4828,183,66.4865,47,7.1799,63,27.1305,301,29.8645,69,56.0794,118,54.0705,176,0.1035,117,0.1082,262,9.4
633,Jacksonville,49.0134,125,35.0174,123,69.2513,161,9.6854,110,48.8411,206,37.4494,320,66.2483,39,8.4451,143,31.1787,219,29.0247,48,50.9732,239,49.2903,48,0.1184,44,0.1111,286,15.6
634,Jacksonville St.,44.6463,284,37.6499,42,65.6566,274,5.5882,307,50.9804,286,36.5854,290,73.0983,336,12.0459,327,28.5031,281,28.6713,35,61.2179,35,51.0448,93,0.0923,218,0.0877,70,10.4
635,James Madison,49.9596,90,35.5021,104,75.7241,12,5.9309,294,48.8739,210,30.604,23,69.1198,186,7.5868,87,36.3309,87,35.869,273,49.0805,278,55.2901,210,0.0924,214,0.0994,189,0.3
636,Kansas,52.6239,30,36.7381,63,72.5064,58,12.547,28,40.7964,4,33.3817,118,72.5989,324,8.3819,137,30.6721,230,34.1089,216,58.2011,75,56.7917,255,0.1023,127,0.1048,232,3.8
637,Kansas St.,46.6176,226,35.04,121,65.5131,279,8.6281,160,45.0388,58,35.1648,233,70.5529,260,6.3971,30,31.4861,211,32.0235,136,54.279,158,55.7423,219,0.0999,150,0.0856,53,11.1
638,Kennesaw St.,41.8294,332,31.3531,290,65.0138,287,9.4488,121,52.1654,317,36.2353,276,67.8869,108,8.5303,150,38.3787,55,29.4934,57,51.2563,237,56.5789,249,0.1189,41,0.1167,310,4.2
639,Kent St.,48.0363,164,33.0948,215,65.1772,282,7.3826,227,46.057,84,31.5068,38,68.1941,124,8.9124,181,29.6867,253,32.8829,173,49.2083,275,60.9823,318,0.1159,46,0.0868,63,2.9
640,Kentucky,53.5531,18,35.2531,116,77.3488,7,17.1717,2,40.8369,5,35.1648,233,69.0341,179,9.7436,241,29.5666,257,34.4371,224,60.6645,44,45.3771,11,0.0942,201,0.1101,280,9.3
641,La Salle,48.3004,153,33.5329,190,68.5185,184,9.0764,137,46.258,93,35.568,250,68.0272,116,9.4071,215,28.3692,284,29.9498,72,51.733,227,55.1813,207,0.0984,162,0.0998,193,6.3
642,Lafayette,47.4747,190,31.479,284,74.8654,22,6.2992,275,52.4934,324,35.4478,246,67.8855,107,9.8765,253,45.2703,12,31.9238,133,60.458,47,50.6329,84,0.0914,224,0.1069,253,7.8
643,Lamar,46.9844,211,29.9043,318,72.3748,64,11.6684,45,48.2088,177,34.9515,215,73.3686,338,8.6576,158,28.9073,274,34.5174,227,54.9342,138,57.6037,270,0.0851,270,0.0989,182,3.3
644,Lehigh,41.4097,335,31.992,262,68.8189,177,6.7372,262,42.6372,20,32.4185,62,67.0251,68,7.7533,98,30.4534,235,35.9433,277,54.372,157,61.0759,319,0.0894,236,0.091,103,-0.1
645,Liberty,52.7533,27,34.9412,125,71.2264,94,4.0564,338,50.1764,257,34.2593,170,67.7485,100,10.2423,275,48.3504,4,40,327,59.0206,64,60.628,310,0.0963,182,0.0902,94,-9.1
646,Lipscomb,51.8452,45,36.0806,83,66.8428,242,5.5556,309,47.1795,128,32.6019,75,65.2324,22,9.0909,191,32.9511,165,35.2876,255,60.2846,51,49.6053,54,0.1034,119,0.0958,152,5.4
647,Long Beach St.,52.3223,35,32.9545,224,67.5676,217,7.2022,241,50.1385,254,36.4407,284,68.9335,171,8.436,141,36.8642,77,35.266,254,57.0861,95,51.4512,100,0.1028,124,0.1004,200,6.5
648,Long Island,44.184,292,33.9223,169,71.8194,75,5.2405,317,48.1959,176,33.6824,138,63.5231,6,11.3715,317,32.9453,166,32.9879,176,48.3595,287,55.9682,227,0.0898,233,0.0801,24,3.6
649,Longwood,47.2527,197,31.8979,265,67.2101,231,5.5846,308,54.1012,333,31.477,37,69.671,220,8.9744,185,36.4747,84,26.4913,14,57.2626,90,50.1333,67,0.1253,20,0.0917,111,14.2
811,Louisiana Lafayette,46.411,232,31.891,266,67.6951,211,11.343,52,49.0926,219,36.6133,293,69.2201,191,5.2114,2,38.0256,59,28.3951,29,41.4307,343,45.9344,15,0.0884,245,0.0878,71,16.7
812,Louisiana Monroe,42.4953,327,33.2016,208,71.8354,74,7.0326,251,49.6569,239,37.8924,327,70.3937,251,12.4765,333,32.1883,185,27.6675,21,45.8937,323,54.0107,172,0.0858,260,0.0949,143,9.3
655,Louisiana St.,47.6003,184,37.2378,52,71.6216,81,15.0355,10,44.8227,51,31.5436,39,69.2199,190,7.2978,70,27.3292,297,29.7109,65,56.4568,110,40.4878,1,0.1107,75,0.089,81,17.1
650,Louisiana Tech,46.7815,219,37.8022,38,66.112,256,9.7514,107,48.6616,197,32.4742,65,69.0608,180,8.3409,134,29.2041,267,35.7494,268,47.5291,303,54.1547,178,0.0856,263,0.1043,229,2.4
651,Louisville,51.1013,60,36.8803,61,64.1921,303,15.3054,7,43.3082,26,30.9375,27,68.0885,117,8.2966,132,37.7798,64,30.5198,92,62.4376,21,54.041,175,0.131,9,0.0962,155,6.8
654,Loyola Chicago,43.9904,298,31.7073,273,66.9596,239,9.8246,105,48.0702,167,35.1301,230,71.6814,302,9.0545,190,28.2759,285,32.062,137,52.766,207,57.2592,261,0.1062,101,0.1067,252,1.1
652,Loyola Marymount,38.7039,344,28.3525,333,68.5152,185,5.2104,318,51.002,288,39.6256,341,68.6275,151,12.9613,338,31.9657,194,39.1092,319,51.5571,232,62.2543,334,0.0959,185,0.0939,131,-7.9
653,Loyola MD,42.56,324,31.5346,280,77.5632,6,8.379,173,48.1597,173,32.8976,90,70.7995,273,11.28,312,32.1758,187,26.4401,12,51.3213,236,50,63,0.0984,163,0.0883,75,15
657,Maine,46.3536,237,33.2054,207,67.2727,230,8.4191,169,51.637,305,31.3312,33,66.1654,37,9.7902,243,34.2313,136,36.5579,285,56.2009,116,61.6107,326,0.1071,94,0.1055,240,-8
658,Manhattan,43.5428,309,31.4928,283,64.6978,295,10.455,75,47.1442,126,34.3396,174,65.7512,27,11.6928,319,29.9083,247,33.9091,209,45.4824,326,54.7085,192,0.1119,63,0.0904,96,8
659,Marist,43.0424,317,36.0778,84,63.3279,312,6.4636,270,45.2452,65,32.3475,59,68.8525,166,12.5324,336,36.6027,81,28.6698,34,48.1732,290,47.3214,22,0.0815,295,0.1071,255,16.8
660,Marquette,50.7181,71,34.7143,134,72.7669,54,7.6923,209,50.3077,265,34.7323,199,67.3333,79,8.6924,161,34.6021,125,34.7062,234,57.5492,86,54.3624,184,0.1131,59,0.0843,45,3.1
661,Marshall,49.504,109,31.2057,295,72,69,5.4614,312,51.6008,304,41.2935,343,72.5191,323,8.5317,151,35.8779,92,27.459,19,53.4815,187,52.1008,121,0.0901,229,0.0979,169,15.4
662,Maryland,45.9048,255,33.2781,200,75.7774,11,10.6461,70,46.0352,83,34.7025,195,68.9103,168,9.2063,195,27.7191,291,34.1393,218,55.303,132,52.4083,129,0.1103,77,0.0827,37,1.1
665,Maryland Eastern Shore,40.0367,342,31.0204,300,61.8156,328,4.4486,331,49.5829,238,35.0554,224,69.2901,197,9.8255,247,31.0323,225,33.4362,193,49.3197,274,50.3448,74,0.0775,311,0.1317,340,4.7
663,Massachusetts,48.0119,167,36.0231,87,69.3878,155,12.6997,25,48.8019,204,35.1607,232,68.5714,145,11.829,322,40.8235,31,29.7024,64,55.9345,121,58.9711,291,0.0955,189,0.0945,139,1.5
664,McNeese St.,45.446,268,32.6034,237,64.5228,299,15.1052,9,41.8738,11,32.9545,94,66.8675,61,5.446,8,27.8455,289,33.5451,198,50.4854,246,53.4314,155,0.0829,283,0.1098,277,2.2
813,MD Baltimore County,46.2381,243,31.0056,302,70.5479,109,6.7029,264,50.1812,258,35.9177,267,67.784,102,7.5968,89,20.7296,342,36.4055,283,53.629,183,49.8079,58,0.0777,310,0.0706,4,2.7
666,Memphis,50.6355,73,32.5991,238,69.0092,168,15.1682,8,40.0137,2,29.9652,11,68.6111,150,6.8896,52,31.296,215,28.2619,27,53.7283,179,48.2119,32,0.1295,11,0.0857,55,14.7
667,Mercer,48.514,146,33.1871,211,72.3164,66,7.8589,200,47.9551,154,35.5685,251,66.9725,65,13.986,343,37.4179,69,35.4889,257,47.954,294,52.1378,123,0.0795,302,0.1109,285,1.1
668,Miami FL,46.0444,248,36.5964,67,67.9356,198,10.583,73,44.7534,50,32.3054,58,72.8417,328,10.7556,293,37.1157,73,37.9176,303,50.7227,243,57.7191,273,0.0894,237,0.0956,150,-3.3
669,Miami OH,48.3495,150,33.195,209,70.9369,100,8.7805,150,46.2439,91,32.1862,55,66.7319,54,7.9612,113,31.8783,199,32.5214,154,56.231,113,50.7109,85,0.0952,193,0.0984,176,9.1
670,Michigan,50.3619,82,33.4459,195,75.7116,13,7.4167,226,49.9167,246,31.405,35,72.4907,322,10.9617,302,47.8706,7,33.518,195,67.0918,3,59.6958,297,0.1002,144,0.0825,35,-0.8
671,Michigan St.,48.5332,145,35.4497,106,69.863,140,8.2625,179,47.1042,123,31.6736,42,69.6065,215,8.3546,135,26.5574,308,35.8276,271,63.5135,10,52.4434,131,0.098,169,0.0905,97,7.3
672,Middle Tennessee,49.5679,104,30.4069,313,69.7194,144,4.3145,334,49.2809,226,36.714,296,71.0145,282,8.1697,122,26.8391,304,32.0964,139,46.7012,312,46.3309,17,0.0875,250,0.0796,20,16.5
673,Minnesota,49.6097,102,32.971,223,71.8166,76,19.0154,1,43.3398,27,35.5155,248,72.605,325,7.1119,60,32.3754,182,37.0978,291,59.4164,57,60.0601,301,0.1294,12,0.1182,316,-1.5
674,Mississippi,48.2038,157,33.9652,167,72.8,52,8.1581,186,48.8646,209,32.5509,69,67.4074,83,8.939,183,34.5902,126,34.9562,242,45.4545,327,56.5272,244,0.0815,294,0.0881,74,-0.9
675,Mississippi St.,47.4252,192,35.8942,92,70.4019,119,16.5155,4,42.1632,15,33.6765,137,65.3963,23,9.3023,202,39.7397,40,30.5755,95,50.2336,254,42.9545,5,0.0964,181,0.0936,126,10
685,Mississippi Valley St.,41.3376,336,32.3481,247,67.8748,201,4.7489,326,55.7078,340,35.2518,237,67.2854,76,11.0395,304,32.9189,170,33.6766,201,50.5634,245,54.3424,183,0.1086,87,0.0977,166,9.5
676,Missouri,52.725,28,35.302,113,67.1642,233,9.3147,125,46.8397,114,30.2795,16,67.4446,86,6.0625,15,31.3288,214,29.9953,75,61.6548,31,50.1669,68,0.1376,3,0.0861,59,12.1
677,Missouri Kansas City,45.7447,261,30.5606,310,70.4778,113,4.9955,321,54.2234,334,32.9918,99,71.9562,312,10.8156,298,32.8971,171,30.7111,102,48.6131,285,57.3879,265,0.0993,157,0.1072,257,7.4
678,Missouri St.,45.4638,267,31.6558,275,67.8748,201,6.5527,268,49.0028,215,34.3816,175,69.8027,229,10.4995,285,38.5723,52,31.1765,114,54.9142,139,52.0588,118,0.0834,278,0.1039,226,11.8
679,Monmouth,45.1705,275,33.5043,192,70.0183,132,7.6853,210,50.2287,263,35.5155,248,70.24,244,9.6591,236,35.649,94,35.8568,272,64.4874,9,60.8355,315,0.0855,264,0.1145,303,-2.9
680,Montana,48.5531,144,37.4408,49,72.9622,49,10.1304,88,44.6339,45,36.3196,281,71.4542,297,6.2165,22,31.1439,220,29.2908,53,53.1915,194,47.8992,27,0.0696,336,0.0946,141,13.4
681,Montana St.,46.4552,231,32.1492,256,66.8712,240,9.1497,135,51.2015,290,35.7278,258,70.6186,263,8.0224,119,34.4343,130,32.8367,168,49.0427,280,53.2974,148,0.0799,300,0.0992,184,6.2
682,Morehead St.,47.3525,195,32.6336,235,72.4712,59,10.8333,68,45.8333,79,36.1862,273,68.144,118,10.1362,271,28.3857,283,35.6913,267,52.9486,201,56.2579,236,0.094,203,0.1019,208,4
683,Morgan St.,44.9384,276,33.7187,181,64.5358,298,7.9048,197,44.5894,43,30.1653,14,68.9008,167,9.0287,188,26.1989,312,27.0845,16,45.6731,324,44.5667,9,0.0991,158,0.1,194,18.4
686,Mount St. Mary's,49.1935,117,33.2632,203,67.3534,225,10.306,81,45.2496,67,33.8491,150,69.4669,210,7.2581,67,25.8293,315,29.3917,55,49.9397,259,47.8969,26,0.1046,112,0.0861,60,11.8
687,Murray St.,49.4118,113,31.2364,294,70.0483,130,5.7226,300,48.4966,188,32.1995,56,71.7206,303,8.6878,160,29.4381,260,29.9592,74,52.7536,208,52.9595,142,0.109,83,0.0993,188,10.4
692,Navy,46.2604,242,32.8767,229,72.466,60,6.4048,271,45.602,72,31.6434,41,66.3704,43,9.0489,189,37.7586,65,32.817,167,52.7197,209,53.5664,158,0.0928,212,0.0844,48,8.8
814,NC Asheville,47.8053,174,36.612,66,69.4017,154,9.5569,115,51.3467,297,36.7857,299,67.4497,87,10.4008,281,34.377,132,32.7294,164,62.2507,25,58.5947,284,0.1087,86,0.1247,329,-1.6
815,NC Greensboro,43.7618,304,31.1321,297,65,289,9.7287,108,51.45,300,34.0659,160,65.1515,20,7.0888,59,33.3753,157,37.3388,297,47.7707,300,55.4107,212,0.0803,298,0.1184,318,-4.8
816,NC Wilmington,47.0742,207,33.4158,196,68.1739,192,2.9388,343,58.6974,344,36.4553,286,69.8718,233,11.0917,306,41.3722,24,35.5351,258,55.1298,135,57.5605,269,0.0888,242,0.1003,199,0.1
698,Nebraska,48,168,36.014,88,70.1667,126,5.6707,304,48.6369,193,33.9823,158,69.1126,185,8.9,179,36.3868,85,38.1242,308,59.7668,55,52.3511,127,0.1333,5,0.08,22,9.1
699,Nevada,47.181,201,30.1136,316,74.2667,28,11.5179,49,44.9275,55,36.2705,278,67.4293,84,6.8249,50,28.145,287,27.1262,17,48.1761,289,53.3943,154,0.0979,171,0.0821,32,11.7
817,Nevada Las Vegas,47.5518,185,34.4633,143,68.2563,188,10.6401,71,46.1073,85,35.4015,243,70.4778,255,8.2863,130,40,37,32.1596,142,58.3445,73,56.5337,245,0.107,95,0.0779,12,6.2
700,New Hampshire,42.5698,323,32.0675,260,65.1485,283,7.5728,219,48.6408,194,33.012,100,67.1875,74,7.2626,68,44.2715,17,28.7197,38,49.7537,266,45.6113,13,0.0826,287,0.0897,88,19.7
701,New Mexico,50.2924,85,38.118,33,70.2026,125,10.397,78,44.0454,33,35.3204,241,72.8261,327,6.2657,25,34.375,133,38.8086,315,62.069,26,59.0327,292,0.0951,194,0.0781,14,5.2
702,New Mexico St.,49.3098,115,40.0722,11,70.1429,127,9.3846,123,48,160,33.6449,134,70.3488,247,7.4387,81,29.817,249,33.0587,179,52.8324,204,54.881,198,0.102,131,0.0804,25,0.9
703,New Orleans,47.9817,170,29.3939,330,66.0345,259,4.9419,323,49.031,216,35.0731,226,68.6538,153,8.8991,178,23.2394,335,31.7009,128,41.7742,341,49.5549,53,0.0922,220,0.0927,122,9.6
704,Niagara,48.3474,151,30.9156,305,71.0079,98,11.1562,58,44.3543,39,32.4841,66,64.3064,10,10.8378,300,39.2624,46,29.8054,67,55.3431,130,50,63,0.1392,2,0.0957,151,6.5
705,Nicholls St.,53.7662,13,35.7407,96,68.1214,193,4.1617,335,52.0809,312,33.1797,108,68.5908,149,11.1688,308,41.2214,27,34.0392,214,66.5568,4,52.921,140,0.1338,4,0.0844,47,13.1
706,NJ Inst of Technology,39.2891,343,24.7772,344,63.1365,314,8.7488,151,45.2493,66,37.6577,325,67.8571,106,11.3353,314,35.0187,113,34.3016,220,50.365,250,66.8116,343,0.1092,82,0.1286,336,0.2
707,Norfolk St.,46.9308,214,33.264,201,65.0075,288,9.215,127,48.7201,200,34.9638,216,66.8456,60,6.7599,41,27.2059,298,32.0186,135,41.623,342,52.2251,125,0.1221,27,0.0893,83,8
708,North Carolina,51.0169,62,38.4848,24,75.5694,15,11.6883,44,44.6506,46,33.6283,132,69.2308,192,9.3785,213,27.1605,300,32.8488,170,56.9576,100,51.1134,94,0.1107,74,0.094,133,4.1
693,North Carolina A&T,45.7328,262,33.8515,174,62.6459,319,12.8846,24,50.1923,260,29.8326,10,64.2857,9,9.9258,256,34.9427,117,38.7154,312,49.0566,279,51.6713,109,0.1073,92,0.1249,330,-0.1
694,North Carolina Central,40.4762,341,30.2457,314,67.5781,216,6.8517,255,57.8491,343,34.1748,163,67.7326,98,7.7601,99,31.81,202,30.8753,108,54.4426,152,61.3286,322,0.1242,23,0.1185,319,0.3
695,North Carolina St.,52.4816,33,37.5465,45,71.7073,79,8.9693,141,47.1282,124,33.3977,121,72.9783,333,8.9154,182,33.0873,161,28.9547,43,59.2497,59,44.4301,8,0.0839,272,0.1274,335,9.8
689,North Dakota St.,51.5224,50,40.255,10,74.3666,27,7.4412,224,48.7472,202,35.2688,239,71.8336,309,7.6122,90,30.5509,233,26.0943,7,51.8519,226,48.5112,37,0.0996,155,0.0912,106,14.4
710,North Florida,42.2321,329,33.0789,217,58.5513,343,7.0367,250,47.1754,127,37.428,319,69.0808,182,9.4643,219,25.9749,314,34.0523,215,51.5755,231,56.6319,250,0.0982,166,0.1178,315,4.6
711,North Texas,46.7051,223,35.5401,101,73.6175,38,6.4836,269,49.8093,242,35.1293,229,67.9076,110,9.8847,254,32.1029,190,26.1408,9,48.1193,291,49.8775,60,0.0717,328,0.0886,78,15.5
712,Northeastern,48.2625,155,34.0074,165,73.2348,44,8.2543,180,46.8691,116,33.7209,139,69.7521,225,9.2664,200,34.4304,131,32.8662,172,54.1606,164,49.4012,51,0.1207,34,0.1049,233,9.8
713,Northern Arizona,53.8012,12,35.5294,102,62.3737,324,7.056,248,51.5815,303,42.2122,344,71.9457,311,8.4211,139,33.2031,160,35.0198,244,59.2471,60,60.3928,308,0.1095,78,0.1133,299,1.9
688,Northern Colorado,48.1809,159,40.3442,7,72.3837,63,4.5933,329,50.8134,278,39.469,340,70.2238,242,10.0295,263,33.961,144,35.0932,245,52.3538,218,50.7958,87,0.103,120,0.105,234,8.3
690,Northern Illinois,45.8523,259,34.4423,147,58.8235,342,8.593,163,47.8754,151,37.2277,313,70.6667,267,10.7566,294,31.7786,205,32.289,145,52.5773,213,52.0863,119,0.1142,50,0.1097,274,9.8
714,Northern Iowa,51.5474,49,34.4209,148,75.6522,14,7.2344,235,46.337,96,34.985,218,71.1986,287,7.1567,62,37.2192,72,37.884,301,53.629,183,54.6685,191,0.0687,338,0.0784,16,2.2
715,Northwestern,48.7859,135,38.5779,23,68.9805,171,9.8451,104,48.4513,185,34.2282,169,70.8029,274,13.3554,340,42.1825,20,39.7333,322,67.7188,2,63.0841,340,0.1207,35,0.0966,159,-4.9
716,Northwestern St.,43.9044,299,27.8752,340,65.8499,267,12.4661,33,50.6775,274,37.4558,322,67.4389,85,10.1318,270,29.7047,252,33.8314,206,52.6627,211,60.2846,307,0.1112,71,0.1289,337,3.5
717,Notre Dame,45.2397,272,39.2157,20,70.9732,99,6.0646,288,47.0666,119,32.9755,98,66.893,63,9.7985,244,34.7096,123,30.0599,78,60.2524,52,51.3455,97,0.0745,322,0.0733,6,5.1
718,Oakland,53.645,16,36.865,62,69.9153,137,12.5288,30,48.6549,196,37.2576,315,73.2174,337,6.8146,48,35.3152,102,35.6896,266,56.2836,112,58.3149,279,0.0899,232,0.0912,105,-4.7
719,Ohio,47.2196,199,36.3002,74,70.266,124,5.9476,293,50.6048,271,33.758,142,67.0732,71,9.6136,231,35.0673,111,38.7654,314,61.4951,33,57.2829,262,0.1065,98,0.1137,300,1.9
720,Ohio St.,53.9347,11,37.5,46,70.1131,128,16.1887,5,44.5883,42,34.8238,208,69.4196,204,6.5259,32,35.5995,97,40.5717,331,56.5553,108,60.6225,309,0.0939,204,0.092,115,-9.1
721,Oklahoma,56.5749,4,35.0217,122,67.4919,221,11.0482,62,42.9887,22,33.9402,154,68.8394,165,5.6575,10,34.5673,128,35.2591,252,53.055,196,49.6544,55,0.1001,147,0.0945,138,3.2
722,Oklahoma St.,51.4073,53,38.4254,25,74.7537,23,6.1515,283,49.4374,230,34.4526,180,69.7842,227,8.4437,142,41.3307,26,33.9445,210,47.0464,310,48.9385,41,0.1049,108,0.0741,7,12.1
723,Old Dominion,48.4621,147,32.6214,236,63.9191,304,10.339,79,47.6271,141,31.4038,34,68.2186,126,8.134,120,26.0364,313,36.9321,290,61.8016,28,56.7394,254,0.1139,53,0.1054,238,-0.9
724,Oral Roberts,49.8728,93,30.7241,308,67.0996,236,7.5304,221,45.668,74,35,220,70.6985,268,8.3121,133,30.2367,241,26.2687,11,50.8725,241,47.3538,23,0.1023,128,0.0979,170,15.5
725,Oregon,42.6997,321,35.8006,95,67.3193,228,7.9734,195,53.5714,332,38.9362,337,70.7819,272,10.8356,299,37.807,63,28.0765,25,52.9915,200,53.5024,157,0.1133,57,0.0984,175,10.5
726,Oregon St.,52.5714,31,35.5219,103,64.7887,292,6.0345,291,52.1073,314,34.3885,177,69.7266,222,7.4286,80,36.1314,88,39.9655,326,57.0118,97,62.3244,335,0.1125,62,0.0987,181,-7.5
727,Pacific,51.0557,61,38.8443,22,67.8024,207,6.1463,284,47.3171,131,35.873,264,71.6263,300,7.3896,78,37.4174,70,38.0665,306,59.1731,61,58.6498,285,0.1006,141,0.0961,154,-0.7
729,Penn St.,49.4436,111,36.0614,86,65.8466,268,4.9883,322,49.2595,225,32.6972,80,71.7573,306,9.7774,242,38.3333,56,37.9894,304,54.646,149,57.4803,266,0.0809,297,0.0889,80,-3.6
728,Pennsylvania,46.9697,212,31.5094,282,68.1895,191,8.0645,190,47.3435,133,36.9427,306,68.369,135,9.3939,214,34.8684,119,30.8852,110,63.4494,12,59.584,295,0.1,148,0.0953,146,6
730,Pepperdine,41.2866,337,30.6773,309,69.4737,151,8.3333,175,51.5568,302,35.0329,223,67.6145,94,8.6319,157,29.0173,271,35.7647,269,46.1422,319,62.3711,336,0.0978,172,0.1144,302,-3.5
731,Pittsburgh,52.8543,25,35.4369,107,67.5287,219,10.084,89,45.0726,60,32.8849,89,70.2341,243,7.589,88,29.3308,264,33.822,205,60.835,38,55.1852,208,0.103,122,0.0816,30,2.8
732,Portland,48.7649,136,41.7508,2,66.5461,249,6.2326,280,49.3023,227,32.3699,60,68.7254,159,8.8747,175,35.2104,106,32.5596,157,60.5634,46,51.5759,104,0.0855,267,0.1058,244,12.6
733,Portland St.,51.1041,59,37.6943,39,67.1206,234,7.3785,228,50.434,267,34.8089,205,70.632,265,7.6761,93,44.8056,15,30.1395,83,58.1725,76,52.2546,126,0.1137,54,0.0983,172,7.4
734,Prairie View A&M,45.8723,258,31.4229,287,63.8009,310,6.1783,282,48.4554,186,35.119,228,64.3505,12,8,116,30.1011,244,30.788,105,51.4327,234,51.2397,96,0.106,102,0.0871,67,9.7
735,Presbyterian,48.8423,132,31.25,293,67.3114,229,7.9963,193,49.0809,217,33.0561,103,63.1373,5,9.3716,211,36.7944,79,30.6565,99,50.1645,256,49.9278,61,0.1083,89,0.1264,332,9.7
736,Princeton,46.2051,245,37.3673,51,75.1366,20,8.4071,170,45.0221,57,29.2958,5,69.5733,212,11.8509,323,38.5434,53,28.197,26,55.0669,136,46.3796,18,0.0983,164,0.1106,283,18.7
737,Providence,51.9142,44,32.0621,261,67.9245,199,8.555,165,50.1078,253,34.1954,165,69.5724,211,9.9541,257,35.1539,108,33.3493,188,54.1436,166,55.9358,225,0.1078,91,0.0978,168,-1.5
738,Purdue,48.8711,130,34.8138,132,70.3057,122,12.5,32,41.8324,10,32.7419,83,67.0347,69,8.0117,117,33.7035,150,30.572,94,60.7221,41,58.8384,289,0.1071,93,0.0797,21,4.1
739,Quinnipiac,46.9295,215,31.7352,270,62.0955,327,6.6437,265,46.7645,112,37.1595,311,70.0813,240,9.0978,193,24.9289,323,30.7233,103,50,258,55.7981,221,0.1002,145,0.109,270,6.7
740,Radford,49.1281,119,34.5411,136,67.7463,208,11.1581,57,45.0549,59,33.2425,112,70.5373,259,6.141,17,23.8892,332,38.289,309,51.9595,224,54.3115,182,0.0852,268,0.1162,307,-0.7
741,Rhode Island,51.1155,58,39.2336,18,69.7313,143,8.9888,139,51.3109,295,32.9721,97,68.4524,141,6.6929,39,26.4479,310,32.6098,160,54.6278,150,53.2294,147,0.1066,96,0.0842,43,5.1
742,Rice,44.5536,285,38.2456,28,68.9165,176,5.8873,295,48.1077,170,36.6942,295,69.7289,223,7.7679,100,33.7278,147,33.7235,202,61.6457,32,51.7632,114,0.0728,324,0.1064,251,5
743,Richmond,52.1002,41,34.1499,157,67.7019,209,8.9162,143,48.04,163,33.3333,115,71.6625,301,8.8045,165,35.9213,90,29.903,71,47.619,301,49.5062,52,0.1094,80,0.0888,79,12.3
744,Rider,48.9482,127,35.2665,115,67.4194,223,9.4849,119,47.915,153,34.7287,197,65.1908,21,7.2006,64,34.0448,142,34.5289,228,50.241,253,53.0864,145,0.103,121,0.0945,137,3.7
745,Robert Morris,50.8554,67,39.4415,16,70.4246,118,9.8534,103,45.684,76,36.5696,289,66.7579,56,8.1649,121,30.823,229,33.4778,194,60.9091,37,57.3062,263,0.1277,17,0.0993,187,5.6
746,Rutgers,47.1235,204,29.682,324,71.836,73,13.7956,15,45.6204,73,31.4168,36,69.1803,187,9.6447,235,32.3799,181,26.2251,10,48.8276,283,50.3856,77,0.0898,234,0.11,279,10.4
566,Sacramento St.,41.7245,333,36.0849,81,69.2308,162,4.6324,328,54.3807,336,38.6157,333,69.6915,221,13.776,341,29.5883,256,35.6031,260,51.9164,225,60.9043,316,0.0703,335,0.1058,243,-2.4
750,Sacred Heart,53.0577,22,39.4435,15,70,134,9.7844,106,48.5904,191,32.5744,70,71.757,305,7.7519,97,34.4808,129,32.1328,140,60.6768,43,54.1451,177,0.1117,65,0.1131,295,4.2
779,Saint Joseph's,48.1002,162,33.4021,197,73.4104,40,9.4071,122,45.7708,77,33.6752,136,67.5774,93,5.9014,12,28.1649,286,31.6216,124,62.3514,22,60.6959,311,0.0972,178,0.0996,191,-1.6
751,Sam Houston St.,48.6755,139,36.5385,68,70.6924,106,5.7318,299,49.5394,237,34.8315,209,64.9331,16,8.4989,147,38.7009,50,31.294,116,65.6923,7,61.5023,324,0.1046,110,0.0909,102,5.9
752,Samford,56.975,3,35.2941,114,68.53,183,3.3333,342,50.9375,283,33.7349,140,67.9487,112,12.4816,334,49.9633,2,37.7028,299,64.6497,8,48.3212,34,0.1113,69,0.1163,308,2.7
753,San Diego,46.5221,229,33.5681,187,69.6252,146,10.3383,80,45.6767,75,34.9887,219,71.2585,289,9.3044,203,27.7886,290,29.3962,56,50.304,251,51.4821,102,0.0872,254,0.1015,205,12
754,San Diego St.,49.0938,121,34.4828,140,70.5502,108,7.4783,223,46.6087,105,31.614,40,70.5172,258,9.8503,250,31.3683,213,34.3232,221,54.192,162,53.3058,149,0.1267,19,0.0938,129,4.2
755,San Francisco,46.7091,222,35.3902,108,69.3086,157,6.383,272,51.9757,310,37.6786,326,68.717,157,9.0234,187,36.9056,76,36.1991,281,54.8031,142,55.8011,222,0.0761,318,0.0787,17,1.1
756,San Jose St.,48.938,128,29.7003,323,67.6056,215,7.342,230,49.8141,243,35.6574,254,68.3778,137,10.1105,269,23.7694,333,31.8124,130,49.781,263,55.8042,223,0.0837,275,0.1019,209,2.4
758,Santa Clara,50.9878,63,34.7826,133,70.9184,102,12.6072,27,44.5969,44,34.1418,162,68.5759,147,7.6199,91,32.2498,184,31.4924,120,53.7604,178,50.4979,81,0.0855,265,0.1129,294,10.1
759,Savannah St.,42.0043,331,31.875,267,68.9815,170,6.113,285,49.827,244,32.6761,77,71.3504,294,11.9403,325,25.4372,319,29.0507,49,53.0242,199,50.9124,90,0.1279,15,0.1261,331,16
764,Seton Hall,48.5603,143,32.9412,225,71.4514,86,8.1811,183,47.6569,143,31.86,46,66.5832,50,9.7276,240,31.6489,207,30.1332,81,48.5366,286,57.6973,272,0.1211,31,0.083,40,3.3
766,Siena,51.4375,51,33.0341,220,66.4499,251,11.0111,65,48.4072,183,33.8109,146,68.1992,125,8.1875,123,25.8229,316,32.5864,159,53.0288,198,56.6845,252,0.1218,29,0.0922,118,-0.3
768,South Alabama,49.6583,100,37.5648,44,66.0112,262,13.9918,14,42.4691,19,36.6129,292,70.7317,270,7.2893,69,22.6659,338,33.7875,204,53.567,186,56.6622,251,0.0711,332,0.1097,275,0.9
769,South Carolina,48.0455,163,37.133,53,63.8806,306,11.7247,43,47.3525,134,33.1959,109,71.3855,295,10.0924,266,29.1541,269,26.8401,15,38.2716,344,50.0635,65,0.1227,24,0.0868,64,12.7
747,South Carolina St.,49.3482,114,31.5271,281,67.325,227,7.7799,202,46.9639,118,31.7669,45,64.9123,15,7.3557,75,27.4324,295,33.5435,197,52.8875,202,50.6024,83,0.0841,271,0.106,248,5.9
760,South Carolina Upstate,44.6789,282,31.5891,277,66.0985,258,11.1801,55,44.3656,40,37.5,323,70.9447,280,7.0642,58,32.1295,189,34.1321,217,58,82,58.4145,280,0.0926,213,0.1315,339,-2.3
748,South Dakota St.,50.4331,78,34.0146,164,70.3125,121,4.16,336,53.36,331,32.7968,84,69.2845,196,10.1059,267,39.7332,41,28.4488,30,47.2919,306,45.7831,14,0.0683,340,0.0992,185,11.8
771,South Florida,44.6996,280,29.7348,321,59.8276,341,7.1856,243,46.7921,113,32.1705,54,64.4654,13,9.629,233,31.8072,203,30.6231,97,58.0694,79,50.3506,75,0.0837,276,0.1028,216,7.2
762,Southeast Missouri St.,46.6273,225,31.9911,263,68.9597,175,7.599,218,51.7381,308,36.6102,291,69.9681,238,6.914,53,27.3729,296,32.2934,146,45.977,322,60.9813,317,0.0774,312,0.1109,284,-4
761,Southeastern Louisiana,50.446,77,32.7945,233,62.3158,325,11.3725,51,43.5294,30,37.0813,310,67.9612,114,7.8295,107,30.0277,245,29.0682,50,53.7634,177,53.9232,169,0.0922,219,0.0962,156,10.2
773,Southern,44.2134,291,32.4786,244,65.6616,273,6.09,286,50.8385,279,33.5863,127,64.4737,14,7.7758,102,29.7332,251,31.747,129,47.1139,308,50.8632,89,0.0796,301,0.1328,341,7.1
818,Southern California,51.3476,57,32.5758,239,67.3522,226,13.1265,20,44.0732,34,33.6336,133,70.7006,269,5.114,1,21.4867,339,34.6334,230,50.2294,255,53.3419,151,0.0977,173,0.0986,178,3.8
749,Southern Illinois,43.804,302,37.8049,37,73.0051,46,7.2154,238,47.4593,136,34.8178,207,72.7149,326,9.6061,229,32.0939,191,33.4235,191,59.0343,63,53.3646,153,0.0935,208,0.1033,221,10.3
767,Southern Methodist,46.3822,236,35.5556,100,64.5621,297,9.9617,98,46.1686,87,35.7513,260,74.8175,344,7.6994,96,31.4685,212,35.6747,265,46.4497,316,56.4586,243,0.0899,231,0.101,203,-0.7
772,Southern Mississippi,45.4183,269,34.0361,162,71.4976,83,5.3862,314,48.0691,166,38.2022,330,69.2926,198,7.251,66,20.92,341,35.1779,248,43.9239,335,52.1418,124,0.0723,325,0.0685,3,7.4
774,Southern Utah,48.7643,137,37.8917,36,79.9277,1,2.6721,344,55.8068,341,33.61,130,71.3274,293,10.7414,292,25.0178,322,33.1271,182,60.3715,49,49.7872,56,0.0917,222,0.1031,220,10.8
775,St. Bonaventure,49.8438,94,31.4685,285,66.7722,244,11.6489,46,46.1854,89,32.9181,93,65.1363,19,8.5156,148,25.1024,321,31.5553,122,57.1798,92,54.0107,172,0.0885,244,0.1051,235,7.7
776,St. Francis NY,45.645,264,36.3762,72,64.4161,301,11.1401,59,47.7807,147,34.7741,202,67.7069,97,6.8357,51,44.3558,16,30.6996,101,55.5391,127,58.8154,287,0.0862,257,0.1038,224,4.8
777,St. Francis PA,48.1838,158,32.4903,243,73.161,45,5.6738,302,52.6849,326,36.7159,297,68.4746,142,10.6838,290,35.4483,98,35.448,256,63.2686,13,58.8317,288,0.0945,198,0.1214,325,0.4
778,St. John's,46.6988,224,29.8507,319,64.8951,291,9.5054,118,47.9907,157,36.8984,304,66.0091,33,10.11,268,24.389,328,30.2426,85,49.8168,261,55.4348,213,0.108,90,0.1124,293,6.7
780,St. Louis,47.1575,203,34.0862,161,69.6013,147,6.5812,267,48.2906,179,28.6036,3,72.4638,320,9.2265,196,31.2179,217,27.5093,20,54.7619,143,42.7746,3,0.0781,308,0.0859,58,17.5
781,St. Mary's,49.4373,112,33.2308,204,69.016,167,11.0315,63,44.2693,37,34.413,178,68.9165,170,7.7974,104,34.3189,134,26.1376,8,52.1059,222,43.2741,6,0.1018,134,0.0827,36,16.3
782,St. Peter's,41.6814,334,34.2657,153,66.2771,253,12.3383,35,46.1692,88,33.1439,106,68.1548,119,12.0354,326,27.5176,293,34.4423,225,48.0583,293,54.3036,181,0.1247,21,0.117,311,5.1
783,Stanford,49.8834,92,38.3667,27,70.5247,111,5.7081,301,51.5173,301,35.2174,236,68.7603,161,7.77,101,33.5227,153,24.9458,3,56.229,114,48.8,40,0.0988,160,0.0953,147,15.2
765,Stephen F. Austin,47.8017,175,30.8943,307,66.2252,254,8.0614,191,43.0902,24,27.9302,2,71.1957,286,9.6352,234,31.5183,210,27.7893,22,52.187,219,44.385,7,0.0889,241,0.0862,61,20.6
784,Stetson,43.2271,313,31.2857,292,63.8507,308,8.5944,162,49.6867,240,33.9869,159,65.9677,32,11.3546,315,41.0798,30,29.1244,51,43.0322,336,53.5865,160,0.1009,139,0.0968,163,9.5
785,Stony Brook,43.7444,306,34.4468,146,68.6067,181,7.8977,199,50.1669,256,31.1072,29,65.6192,25,9.0009,186,30.1258,243,38.7602,313,42.7035,339,57.4841,267,0.1279,16,0.087,66,1.9
786,Syracuse,55.3763,5,34.9096,127,64.5905,296,12.3342,36,48.0769,168,29.6417,8,63.5793,7,9.6102,230,32.5782,176,37.9168,302,61.6744,30,60.8216,314,0.1022,129,0.1115,289,-9.2
789,Temple,48.7967,134,36.6999,64,70.0183,132,11.0242,64,43.3933,28,34.7619,201,67.2978,78,5.3942,5,36.8449,78,33.0016,177,62.2931,23,56.3307,238,0.0856,261,0.1001,196,2.4
790,Tennessee,52.8686,24,31.456,286,67.6166,214,10.1473,87,50.6547,272,33.6538,135,68.5237,144,8.4967,146,34.5843,127,37.3333,296,57.8892,83,53.125,146,0.0924,215,0.0838,42,4.1
797,Tennessee Martin,51.4066,54,32.3699,245,73.6207,37,7.2363,233,49.2589,224,34.7979,204,66.1392,36,9.3777,212,37.1046,74,33.1585,185,50.3023,252,54.3906,185,0.1086,88,0.0891,82,3.8
791,Tennessee St.,49.744,97,33.1695,212,67.6329,213,8.9721,140,52.5261,325,33.5922,128,68.5759,147,6.57,33,25.7758,318,30.9681,111,54.039,169,52.4485,132,0.0912,226,0.1029,218,5.5
792,Tennessee Tech,46.8103,218,36.4504,70,68.984,169,13.0131,22,48.7336,201,35.6688,255,67.0851,72,6.2931,26,31.1164,223,29.146,52,49.5913,270,50.9642,92,0.115,48,0.1131,296,11.2
793,Texas,48.2338,156,32.8063,232,66.7503,246,13.7703,16,43.5199,29,34.2623,171,67.4515,88,6.6153,35,24.5274,326,30.9959,112,48.855,282,48.25,33,0.0914,225,0.0918,113,10.4
794,Texas A&M,48.7097,138,36.1781,77,68.9614,174,9.9085,102,46.2652,94,36.5248,288,68.9716,175,8.871,172,30.2979,240,30.064,79,51.6896,228,52.8905,138,0.0723,326,0.0869,65,6.8
787,Texas A&M Corpus Chris,46.8275,217,31.0606,299,67.1033,235,10.0266,92,49.1571,222,30.9751,28,69.0738,181,10.8132,297,32.0583,192,31.697,126,53.7791,176,53.7709,164,0.1186,43,0.1177,314,8.3
819,Texas Arlington,53.4417,19,33.8346,176,75.5319,16,7.2062,240,50.7761,276,34.7134,196,68.23,127,9.2734,201,33.7136,148,41.0458,336,53.9919,171,56.0651,232,0.0957,187,0.1009,202,0.5
788,Texas Christian,47.8745,172,32.0965,259,73.3898,41,3.3571,341,52.1872,318,33.9181,152,71.2766,291,10.6275,288,35.298,103,34.2914,219,56.8111,104,54.294,180,0.0873,251,0.0983,171,9
824,Texas El Paso,46.7302,221,31.2,296,71.5965,82,10.6017,72,47.9943,158,33.3333,115,71.5232,298,6.6032,34,28.4091,282,32.4952,153,54.1353,167,53.5794,159,0.0944,199,0.0683,2,10.1
803,Texas Pan American,50.4242,80,29.5455,326,60.9442,338,4.4213,332,53.316,330,36.983,308,69.0987,183,8.8485,170,29.9065,248,34.8305,238,63.4615,11,60.1423,303,0.0787,305,0.1019,207,3.8
820,Texas San Antonio,46.1233,246,34.2222,155,71.2766,93,5.0731,320,54.3422,335,32.4111,61,67.2619,75,12.1272,330,40.1547,35,30.3176,87,46.0432,321,53.0151,143,0.1178,45,0.0858,57,7.8
804,Texas Southern,49.6514,101,32.199,255,61.4925,334,6.2712,277,51.1017,289,36.2934,279,67.0494,70,7.3586,76,22.8332,337,30.5065,91,49.4764,271,58.2807,278,0.1094,81,0.1071,256,6.6
795,Texas St.,47.985,169,35.348,112,66.7732,243,7.113,246,50.2092,262,35.2564,238,71.9854,314,8.5286,149,33.85,145,32.8652,171,53.9007,172,57.8295,274,0.0946,197,0.088,73,11.8
796,Texas Tech,47.8673,173,36.9205,58,73.2575,43,7.0108,253,48.8444,207,35.4839,247,70.5,256,7.346,74,32.2995,183,32.3253,148,56.5742,107,49.1803,45,0.0717,329,0.1086,265,10.4
550,The Citadel,50.5703,74,34.0314,163,71.7117,78,4.4831,330,47.85,149,32.902,91,72.3729,319,9.4106,216,35.2615,104,33.1089,181,48.2806,288,48.5021,36,0.0816,293,0.1056,241,9.2
798,Toledo,47.4932,189,29.3996,328,64.9813,290,8.8479,146,48.2949,180,34.4551,181,68.6371,152,8.66,159,30.5696,232,36.5126,284,50.3771,249,61.8403,330,0.1018,133,0.1226,328,-5.1
799,Towson,45.3301,270,30.9593,303,66.766,245,11.867,41,50.189,259,32.0695,51,67.6428,95,7.4879,82,35.6477,95,32.362,149,56.9588,99,60.7843,313,0.1095,79,0.1077,259,-3
800,Troy,51.4286,52,37.5714,43,69.5726,149,10,93,50.7965,277,37.4517,321,68.3274,132,6.8067,47,37.037,75,40.7446,332,49.7143,267,59.8844,300,0.1044,113,0.0814,28,-7.6
801,Tulane,45.2579,271,33.0275,222,67.8808,200,8.7942,148,48.4134,184,34.2222,167,71.5822,299,9.817,246,26.6178,307,28.9762,45,57.1221,93,56.686,253,0.114,52,0.1035,222,9.4
802,Tulsa,49.6006,103,33.9254,168,69.7333,142,12.4164,34,44.3866,41,27.8066,1,66.9863,66,7.8275,106,31.0193,226,30.0936,80,47.4138,304,48.0211,30,0.0832,280,0.1104,282,13.2
805,UAB,51.664,46,33.8279,177,70.7025,105,5.32,316,47.4942,137,32.577,71,70.2749,245,8.3994,138,34.814,122,32.2362,143,49.2045,276,47.246,21,0.0971,179,0.0884,77,11.4
806,UC Davis,52.4857,32,36.1481,78,77.9141,4,5.6726,303,52.269,320,35.1687,235,67.7778,101,8.891,176,39.2214,47,31.33,117,62.7995,17,53.618,161,0.0881,246,0.1052,237,10.4
807,UC Irvine,43.8757,301,40.7407,4,75.9766,10,5.138,319,50.9039,282,36.4683,287,73.6577,340,9.415,217,31.9228,197,33.1425,183,55.1524,134,52.5517,134,0.0781,307,0.0828,38,7.8
808,UC Riverside,44.6911,281,37.4449,48,67.8414,203,5.8824,296,50.3001,264,34.8718,210,69.8745,234,6.3707,28,30.4698,234,41.2553,339,55.2923,133,52.809,137,0.1065,97,0.0856,54,2
757,UC Santa Barbara,49.537,107,33.547,189,69.4444,153,7.7393,203,48.6762,198,37.3162,316,66.8333,59,5.8333,11,30.2326,242,35.6488,263,54.9133,140,56.5345,246,0.1048,109,0.1094,272,4.5
810,UCLA,52.9454,23,39.5869,12,72.4026,62,7.934,196,47.9969,159,36.1059,269,69.5788,213,5.2443,3,29.4475,259,29.3563,54,55.9462,120,51.6209,107,0.1205,37,0.08,23,12
821,Utah,54.0777,9,37.014,56,78.4733,3,12.0329,38,42.4514,18,34.9272,213,71.8608,310,5.4369,7,38.434,54,26.4431,13,55.8491,123,46.6033,20,0.0773,314,0.1054,239,19.3
822,Utah St.,54.0496,10,39.4973,13,74.5482,25,6.7557,261,44.3048,38,36.3296,282,74.4991,343,8.843,169,31.5224,209,29.5517,59,62.7002,18,54.7493,193,0.0779,309,0.0922,117,6.7
823,Utah Valley,50.2315,87,39.2241,19,77.6471,5,7.2327,236,47.7987,148,29.2237,4,67.8967,109,7.9861,115,34.9398,118,31.4655,119,54.8701,141,40.5822,2,0.0645,342,0.0959,153,17
826,Valparaiso,46.3087,241,32.879,228,61.4232,335,5.8411,297,48.4813,187,36.4452,285,68.7764,162,9.5078,220,39.6354,42,39.4197,320,59.1433,62,62.7832,338,0.1105,76,0.1213,324,-1.1
827,Vanderbilt,50.8318,68,33.8681,172,71.6273,80,11.5029,50,41.9815,12,35.6784,256,69.6113,216,10.536,286,34.1449,139,33.3893,189,52.5676,214,50.3506,75,0.083,282,0.1059,246,6.1
828,Vermont,52.406,34,36.9048,59,69.9158,136,12.6534,26,44.862,53,34.386,176,68.2353,128,7.3684,77,27.4809,294,30.4162,89,58.6636,68,48.5275,38,0.1109,73,0.1087,267,10.9
829,Villanova,49.7656,96,35.2354,118,75.2992,19,10.209,85,45.0965,61,33.6009,129,67.8049,103,8.5733,155,31.9508,195,41.2098,338,55.7576,125,61.2412,320,0.1132,58,0.0898,90,-2.9
830,Virginia,45.8754,257,31.5789,278,74.1697,29,9.9203,100,48.6271,192,33.3969,120,70.364,249,11.1111,307,29.3698,261,31.6999,127,49.6434,268,55.3867,211,0.0898,235,0.0918,114,4.2
825,Virginia Commonwealth,50.4307,79,36.9384,57,70.537,110,12.176,37,42.4195,17,33.6222,131,70.5882,261,6.6562,37,32.0021,193,31.1892,115,54.2725,159,52.5886,136,0.1137,55,0.0836,41,7.8
832,Virginia Military Inst,52.2956,37,34.8357,130,74.1085,30,5.9894,292,57.1645,342,34.4423,179,66.25,40,11.7581,320,54.3922,1,27.9235,24,56.3246,111,56.4516,242,0.1599,1,0.0815,29,3.7
831,Virginia Tech,48.37,149,33.6585,183,72.4399,61,11.9599,39,46.6049,104,33.8068,145,72.8507,330,9.3252,205,31.7994,204,35.2,249,53.7278,180,53.8005,166,0.0938,206,0.0883,76,2.2
838,Wagner,48.1086,161,38.3681,26,62.5641,321,8.7352,152,48.4986,189,34.9727,217,69.8113,231,8.5354,152,35.8432,93,33.3131,187,58.159,78,60.2759,306,0.1041,116,0.1096,273,1.6
839,Wake Forest,53.6451,15,31.8987,264,71.1443,95,14.0463,12,44.9322,56,30.3965,18,70.4581,253,7.9092,110,21.3629,340,35.212,250,44.8124,332,47.5325,24,0.1109,72,0.1027,215,7.7
840,Washington,48.393,148,33.7292,179,69.9019,138,6.3143,274,45.4358,70,33.2762,113,68.1885,123,6.4281,31,20.3382,343,28.5784,32,46.383,317,48.4813,35,0.0976,175,0.0908,98,12.3
841,Washington St.,47.5089,188,34.4762,141,76.9058,9,13.0156,21,40.1467,3,35.8095,262,70.4587,254,6.2278,23,31.8375,201,32.4876,152,57.3427,88,51.4377,99,0.0637,343,0.0966,160,10.9
842,Weber St.,53.6558,14,38.1967,31,72.9508,50,10.4167,77,47.5379,138,33.3333,115,70.9516,281,10.3487,278,40.6938,32,34.8148,237,51.1268,238,49.2754,47,0.0873,253,0.0897,89,12.7
843,West Virginia,48.0205,166,32.906,227,69.8113,141,12.5197,31,47.0866,121,30.2026,15,68.2471,130,8.871,172,33.9787,143,29.9504,73,59.8194,53,52.0997,120,0.1011,138,0.0937,128,11.5
833,Western Carolina,47.8962,171,35.0906,119,63.3274,313,8.1224,188,52.2152,319,39.0476,338,67.4055,82,9.3107,204,35.2088,107,35.6415,262,46.123,320,57,258,0.131,8,0.0964,158,7
834,Western Illinois,44.296,289,40.2564,9,71.1165,97,5.3248,315,50.5857,269,38.7097,335,72.4739,321,9.3525,209,28.6134,278,30.0298,77,58.1633,77,56.4184,241,0.0934,211,0.0952,144,7.7
835,Western Kentucky,49.9144,91,37.6791,40,69.2552,160,8.6783,158,48.1688,175,34.9073,211,68.9119,169,6.7637,43,37.4062,71,32.0714,138,52.8369,203,53.0788,144,0.0855,266,0.0946,140,5.3
836,Western Michigan,44.7179,279,31.1321,297,69.969,135,8.6996,154,45.5605,71,33.8262,147,67.7469,99,8.8205,166,39.4786,44,32.6691,162,53.3123,190,54.9928,203,0.0838,274,0.0939,132,5.9
846,Wichita St.,48.8696,131,32.5088,241,69.4737,151,9.9813,95,48.041,164,36.2292,275,69.7853,228,7.0435,57,32.9837,164,33.54,196,58.311,74,54.4304,187,0.0998,153,0.1114,288,9.2
847,William & Mary,47.7778,177,30.9033,306,65.5602,277,6.7814,258,47.7733,146,33.5727,126,71.0204,283,12.1111,329,41.2149,28,36.0518,279,61.76,29,54.4765,189,0.0892,238,0.1163,309,1.6
837,Winston Salem St.,42.4977,326,28.1596,336,56.4054,344,7.5416,220,51.3222,296,33.9246,153,62.7543,2,9.6925,237,29.5932,255,30.6386,98,44.94,330,56.13,234,0.1127,60,0.1085,263,7.8
848,Winthrop,45.5008,266,28.2378,335,67.6606,212,11.8874,40,47.1324,125,34.2623,171,70.8475,276,6.1121,16,28.5628,279,38.8783,316,47.0852,309,57.6399,271,0.097,180,0.1044,230,-2.2
849,Wisconsin,47.7148,179,35.9797,89,72.5557,56,7.6784,211,48.9612,214,32.5773,72,71.8232,308,7.404,79,35.1127,109,30.4648,90,53.4694,188,49,43,0.0827,286,0.0726,5,13.6
844,Wisconsin Green Bay,46.2255,244,40.6919,5,79.0123,2,7.1495,244,47.0752,120,32.8358,88,71.205,288,8.9469,184,36.131,89,35.8929,275,57.2005,91,50.4965,80,0.1052,106,0.0929,124,3.5
845,Wisconsin Milwaukee,42.6456,322,34.1737,156,71.4286,88,7.5304,221,44.6964,48,34.5489,188,68.4122,139,10.7601,295,41.3434,25,29.6697,63,52.071,223,50.5464,82,0.0734,323,0.0858,56,8
850,Wofford,49.711,98,35.9281,90,68.7291,180,4.0797,337,50.8539,280,37.6114,324,68.9507,174,8.1888,124,32.5536,177,34.7368,235,54.1667,163,47.925,28,0.0905,228,0.0899,92,4.4
851,Wright St.,45.6685,263,32.3024,252,69.1154,165,7.7148,207,41.6016,8,32.9618,95,68.1672,120,6.7797,44,35.4015,100,38.0145,305,55.4235,129,58.4518,281,0.0974,177,0.0818,31,0.4
852,Wyoming,50.9579,65,35.3704,110,72.9698,48,8.6179,161,50,248,32.5859,74,71.7391,304,10.6322,289,34.0909,140,35.2291,251,52.1438,221,50.3001,72,0.0675,341,0.0983,174,5.8
853,Xavier,49.0718,124,39.374,17,67.5676,217,12.9738,23,41.3265,7,32.6264,76,65.8015,28,12.1872,331,32.8819,172,30.8816,109,54.6635,148,55.0196,205,0.079,303,0.1029,217,7.4
854,Yale,48.6717,140,29.8137,320,66.3102,252,8.5417,166,48.8542,208,33.8863,151,66.7925,57,8.2543,127,23.4012,334,30.5355,93,56.486,109,55.5556,217,0.1008,140,0.1149,304,9.8
855,Youngstown St.,43.6937,307,33.8565,173,65.917,265,9.1078,136,48.0483,165,34.4978,185,69.9523,237,8.8288,168,28.6632,277,29.8566,68,55.5031,128,54.2222,179,0.0747,320,0.1058,245,7.7
584,SIU Edwardsville,43.088,316,32.491,242,69.8795,139,7.0278,252,50.0732,252,36.8182,300,64.1711,8,9.5153,222,33.2134,159,24.3632,1,47.2727,307,56.0284,231,0.0881,248,0.112,290,12
