id,pred
L_507_511,0.42514797400777055
L_507_515,0.5873628773323506
L_507_522,0.54164927098637072
L_507_527,0.41983659042098403
L_507_535,0.46721850429145539
L_507_536,0.42528322505603222
L_507_544,0.51969175307547477
L_507_562,0.52975151288530298
L_507_568,0.5165563865310121
L_507_577,0.59053380057898375
L_507_580,0.55220493009866378
L_507_592,0.44673098118387472
L_507_593,0.49644734945142299
L_507_599,0.62340455028081676
L_507_603,0.4513968691512939
L_507_606,0.46333436338123518
L_507_607,0.47080258562448135
L_507_616,0.66972107585074203
L_507_623,0.70163168217617156
L_507_625,0.53079368063687138
L_507_632,0.50312181975055381
L_507_636,0.59584322390989597
L_507_640,0.48745479680705578
L_507_647,0.40022425240737519
L_507_651,0.55116066456661206
L_507_660,0.54698150346702046
L_507_662,0.6055539073375269
L_507_666,0.55411365643169197
L_507_669,0.5954068583907518
L_507_671,0.58310322183926144
L_507_699,0.42086784956721696
L_507_702,0.53834881699740733
L_507_704,0.43898196305370868
L_507_708,0.48402051328161355
L_507_711,0.56367666185573595
L_507_717,0.44802330629712078
L_507_720,0.47997800056514289
L_507_723,0.59369692709385369
L_507_724,0.55296222849418175
L_507_725,0.42933327593189924
L_507_728,0.51328897443626498
L_507_731,0.49852743555833762
L_507_738,0.60247789259690521
L_507_749,0.65385067906837802
L_507_783,0.5590109173837452
L_507_787,0.40348423456790472
L_507_790,0.48028899051016721
L_507_793,0.40169776232664595
L_507_794,0.48827422254014596
L_507_796,0.4920113359887523
L_507_810,0.59630780394846072
L_507_817,0.52245604155159064
L_507_818,0.54335525335303059
L_507_825,0.4135013556802371
L_507_827,0.46069462508687925
L_507_829,0.56058744132676908
L_507_830,0.4940189135098777
L_507_831,0.55069173167025054
L_507_841,0.58594402820846037
L_507_842,0.53991500404920245
L_507_848,0.51318260905361757
L_507_849,0.58075534575814813
L_507_851,0.61264769426428134
L_507_853,0.45186639147845564
L_511_515,0.66221490332458011
L_511_522,0.61650129697860012
L_511_527,0.49468861641321349
L_511_535,0.54207053028368479
L_511_536,0.50013525104826173
L_511_544,0.59454377906770428
L_511_562,0.60460353887753238
L_511_568,0.59140841252324161
L_511_577,0.66538582657121326
L_511_580,0.62705695609089329
L_511_592,0.52158300717610417
L_511_593,0.57129937544365239
L_511_599,0.69825657627304616
L_511_603,0.52624889514352335
L_511_606,0.53818638937346464
L_511_607,0.54565461161671081
L_511_616,0.74457310184297143
L_511_623,0.77648370816840095
L_511_625,0.60564570662910089
L_511_632,0.57797384574278321
L_511_636,0.67069524990212548
L_511_640,0.56230682279928523
L_511_647,0.47507627839960465
L_511_651,0.62601269055884146
L_511_660,0.62183352945924997
L_511_662,0.68040593332975641
L_511_666,0.62896568242392137
L_511_669,0.67025888438298131
L_511_671,0.65795524783149095
L_511_699,0.49571987555944641
L_511_702,0.61320084298963673
L_511_704,0.51383398904593813
L_511_708,0.55887253927384295
L_511_711,0.63852868784796546
L_511_717,0.52287533228935024
L_511_720,0.55483002655737235
L_511_723,0.6685489530860832
L_511_724,0.62781425448641115
L_511_725,0.50418530192412869
L_511_728,0.58814100042849438
L_511_731,0.57337946155056707
L_511_738,0.67732991858913461
L_511_749,0.72870270506060741
L_511_783,0.63386294337597471
L_511_787,0.47833626056013417
L_511_790,0.55514101650239667
L_511_793,0.4765497883188754
L_511_794,0.56312624853237536
L_511_796,0.56686336198098175
L_511_810,0.67115982994069012
L_511_817,0.59730806754382015
L_511_818,0.61820727934525999
L_511_825,0.48835338167246656
L_511_827,0.5355466510791087
L_511_829,0.63543946731899847
L_511_830,0.56887093950210721
L_511_831,0.62554375766248005
L_511_841,0.66079605420068976
L_511_842,0.61476703004143185
L_511_848,0.58803463504584708
L_511_849,0.65560737175037764
L_511_851,0.68749972025651074
L_511_853,0.52671841747068515
L_515_522,0.45428639365402013
L_515_527,0.33247371308863338
L_515_535,0.3798556269591048
L_515_536,0.33792034772368162
L_515_544,0.43232887574312417
L_515_562,0.44238863555295238
L_515_568,0.4291935091986615
L_515_577,0.50317092324663315
L_515_580,0.46484205276631319
L_515_592,0.35936810385152407
L_515_593,0.4090844721190724
L_515_599,0.53604167294846605
L_515_603,0.36403399181894325
L_515_606,0.37597148604888453
L_515_607,0.3834397082921307
L_515_616,0.58235819851839143
L_515_623,0.61426880484382096
L_515_625,0.44343080330452078
L_515_632,0.41575894241820316
L_515_636,0.50848034657754537
L_515_640,0.40009191947470513
L_515_647,0.31286137507502454
L_515_651,0.46379778723426135
L_515_660,0.45961862613466986
L_515_662,0.5181910300051763
L_515_666,0.46675077909934137
L_515_669,0.50804398105840121
L_515_671,0.49574034450691085
L_515_699,0.3335049722348663
L_515_702,0.45098593966505662
L_515_704,0.35161908572135803
L_515_708,0.39665763594926295
L_515_711,0.47631378452338535
L_515_717,0.36066042896477013
L_515_720,0.39261512323279224
L_515_723,0.50633404976150309
L_515_724,0.46559935116183104
L_515_725,0.34197039859954859
L_515_728,0.42592609710391438
L_515_731,0.41116455822598696
L_515_738,0.51511501526455461
L_515_749,0.56648780173602742
L_515_783,0.4716480400513946
L_515_787,0.31612135723555412
L_515_790,0.39292611317781656
L_515_793,0.31433488499429529
L_515_794,0.40091134520779537
L_515_796,0.40464845865640164
L_515_810,0.50894492661611013
L_515_817,0.43509316421924005
L_515_818,0.45599237602067993
L_515_825,0.32613847834788645
L_515_827,0.3733317477545286
L_515_829,0.47322456399441837
L_515_830,0.4066560361775271
L_515_831,0.46332885433789994
L_515_841,0.49858115087610971
L_515_842,0.4525521267168518
L_515_848,0.42581973172126697
L_515_849,0.49339246842579754
L_515_851,0.52528481693193063
L_515_853,0.36450351414610505
L_522_527,0.37818731943461331
L_522_535,0.42556923330508467
L_522_536,0.3836339540696615
L_522_544,0.4780424820891041
L_522_562,0.48810224189893225
L_522_568,0.47490711554464143
L_522_577,0.54888452959261302
L_522_580,0.51055565911229306
L_522_592,0.405081710197504
L_522_593,0.45479807846505227
L_522_599,0.58175527929444604
L_522_603,0.40974759816492318
L_522_606,0.42168509239486446
L_522_607,0.42915331463811063
L_522_616,0.62807180486437131
L_522_623,0.65998241118980083
L_522_625,0.48914440965050066
L_522_632,0.46147254876418309
L_522_636,0.55419395292352525
L_522_640,0.44580552582068506
L_522_647,0.35857498142100447
L_522_651,0.50951139358024133
L_522_660,0.50533223248064973
L_522_662,0.56390463635115617
L_522_666,0.51246438544532125
L_522_669,0.55375758740438108
L_522_671,0.54145395085289072
L_522_699,0.37921857858084623
L_522_702,0.49669954601103655
L_522_704,0.39733269206733796
L_522_708,0.44237124229524283
L_522_711,0.52202739086936523
L_522_717,0.40637403531075006
L_522_720,0.43832872957877217
L_522_723,0.55204765610748296
L_522_724,0.51131295750781103
L_522_725,0.38768400494552852
L_522_728,0.47163970344989425
L_522_731,0.45687816457196689
L_522_738,0.56082862161053448
L_522_749,0.61220140808200729
L_522_783,0.51736164639737448
L_522_787,0.361834963581534
L_522_790,0.43863971952379649
L_522_793,0.36004849134027522
L_522_794,0.44662495155377524
L_522_796,0.45036206500238157
L_522_810,0.55465853296209
L_522_817,0.48080677056521992
L_522_818,0.50170598236665986
L_522_825,0.37185208469386638
L_522_827,0.41904535410050853
L_522_829,0.51893817034039835
L_522_830,0.45236964252350698
L_522_831,0.50904246068387982
L_522_841,0.54429475722208964
L_522_842,0.49826573306283173
L_522_848,0.47153333806724684
L_522_849,0.53910607477177741
L_522_851,0.57099842327791062
L_522_853,0.41021712049208492
L_527_535,0.54738191387047141
L_527_536,0.50544663463504813
L_527_544,0.59985516265449079
L_527_562,0.609914922464319
L_527_568,0.59671979611002812
L_527_577,0.67069721015799977
L_527_580,0.6323683396776798
L_527_592,0.52689439076289069
L_527_593,0.57661075903043901
L_527_599,0.70356795985983267
L_527_603,0.53156027873030987
L_527_606,0.54349777296025115
L_527_607,0.55096599520349732
L_527_616,0.74988448542975794
L_527_623,0.78179509175518747
L_527_625,0.6109570902158874
L_527_632,0.58328522932956972
L_527_636,0.67600663348891188
L_527_640,0.56761820638607174
L_527_647,0.48038766198639116
L_527_651,0.63132407414562797
L_527_660,0.62714491304603648
L_527_662,0.68571731691654292
L_527_666,0.63427706601070799
L_527_669,0.67557026796976771
L_527_671,0.66326663141827746
L_527_699,0.50103125914623292
L_527_702,0.61851222657642324
L_527_704,0.51914537263272464
L_527_708,0.56418392286062957
L_527_711,0.64384007143475186
L_527_717,0.52818671587613675
L_527_720,0.56014141014415886
L_527_723,0.67386033667286971
L_527_724,0.63312563807319766
L_527_725,0.5094966855109152
L_527_728,0.593452384015281
L_527_731,0.57869084513735358
L_527_738,0.68264130217592123
L_527_749,0.73401408864739404
L_527_783,0.63917432696276122
L_527_787,0.48364764414692069
L_527_790,0.56045240008918318
L_527_793,0.48186117190566191
L_527_794,0.56843763211916198
L_527_796,0.57217474556776826
L_527_810,0.67647121352747663
L_527_817,0.60261945113060666
L_527_818,0.6235186629320465
L_527_825,0.49366476525925307
L_527_827,0.54085803466589522
L_527_829,0.64075085090578499
L_527_830,0.57418232308889361
L_527_831,0.63085514124926645
L_527_841,0.66610743778747628
L_527_842,0.62007841362821836
L_527_848,0.59334601863263359
L_527_849,0.66091875533716415
L_527_851,0.69281110384329725
L_527_853,0.53202980105747155
L_535_536,0.45806472076457683
L_535_544,0.55247324878401938
L_535_562,0.56253300859384758
L_535_568,0.54933788223955671
L_535_577,0.62331529628752835
L_535_580,0.58498642580720839
L_535_592,0.47951247689241933
L_535_593,0.5292288451599676
L_535_599,0.65618604598936137
L_535_603,0.48417836485983851
L_535_606,0.49611585908977979
L_535_607,0.5035840813330259
L_535_616,0.70250257155928664
L_535_623,0.73441317788471616
L_535_625,0.56357517634541598
L_535_632,0.53590331545909842
L_535_636,0.62862471961844057
L_535_640,0.52023629251560033
L_535_647,0.4330057481159198
L_535_651,0.58394216027515666
L_535_660,0.57976299917556506
L_535_662,0.6383354030460715
L_535_666,0.58689515214023658
L_535_669,0.62818835409929641
L_535_671,0.61588471754780605
L_535_699,0.45364934527576156
L_535_702,0.57113031270595194
L_535_704,0.47176345876225328
L_535_708,0.51680200899015816
L_535_711,0.59645815756428056
L_535_717,0.48080480200566539
L_535_720,0.51275949627368744
L_535_723,0.62647842280239829
L_535_724,0.58574372420272636
L_535_725,0.46211477164044384
L_535_728,0.54607047014480958
L_535_731,0.53130893126688217
L_535_738,0.63525938830544981
L_535_749,0.68663217477692262
L_535_783,0.5917924130922898
L_535_787,0.43626573027644933
L_535_790,0.51307048621871187
L_535_793,0.43447925803519055
L_535_794,0.52105571824869057
L_535_796,0.52479283169729696
L_535_810,0.62908929965700533
L_535_817,0.55523753726013525
L_535_818,0.57613674906157519
L_535_825,0.44628285138878171
L_535_827,0.49347612079542386
L_535_829,0.59336893703531368
L_535_830,0.52680040921842231
L_535_831,0.58347322737879515
L_535_841,0.61872552391700497
L_535_842,0.57269649975774706
L_535_848,0.54596410476216217
L_535_849,0.61353684146669274
L_535_851,0.64542918997282595
L_535_853,0.48464788718700025
L_536_544,0.59440852801944266
L_536_562,0.60446828782927076
L_536_568,0.59127316147497999
L_536_577,0.66525057552295164
L_536_580,0.62692170504263156
L_536_592,0.52144775612784255
L_536_593,0.57116412439539077
L_536_599,0.69812132522478443
L_536_603,0.52611364409526162
L_536_606,0.5380511383252029
L_536_607,0.54551936056844919
L_536_616,0.74443785079470981
L_536_623,0.77634845712013933
L_536_625,0.60551045558083916
L_536_632,0.57783859469452159
L_536_636,0.67055999885386375
L_536_640,0.56217157175102361
L_536_647,0.47494102735134297
L_536_651,0.62587743951057973
L_536_660,0.62169827841098824
L_536_662,0.68027068228149468
L_536_666,0.62883043137565975
L_536_669,0.67012363333471958
L_536_671,0.65781999678322922
L_536_699,0.49558462451118473
L_536_702,0.613065591941375
L_536_704,0.51369873799767651
L_536_708,0.55873728822558133
L_536_711,0.63839343679970373
L_536_717,0.52274008124108851
L_536_720,0.55469477550911073
L_536_723,0.66841370203782158
L_536_724,0.62767900343814942
L_536_725,0.50405005087586696
L_536_728,0.58800574938023276
L_536_731,0.57324421050230545
L_536_738,0.67719466754087299
L_536_749,0.72856745401234579
L_536_783,0.63372769232771309
L_536_787,0.4782010095118725
L_536_790,0.55500576545413494
L_536_793,0.47641453727061372
L_536_794,0.56299099748411374
L_536_796,0.56672811093272002
L_536_810,0.6710245788924285
L_536_817,0.59717281649555842
L_536_818,0.61807202829699837
L_536_825,0.48821813062420488
L_536_827,0.53541140003084697
L_536_829,0.63530421627073674
L_536_830,0.56873568845384548
L_536_831,0.62540850661421832
L_536_841,0.66066080315242814
L_536_842,0.61463177899317023
L_536_848,0.58789938399758535
L_536_849,0.65547212070211591
L_536_851,0.68736446920824901
L_536_853,0.52658316642242342
L_544_562,0.51005975980982821
L_544_568,0.49686463345553733
L_544_577,0.57084204750350898
L_544_580,0.53251317702318901
L_544_592,0.42703922810839989
L_544_593,0.47675559637594817
L_544_599,0.60371279720534188
L_544_603,0.43170511607581907
L_544_606,0.44364261030576035
L_544_607,0.45111083254900652
L_544_616,0.65002932277526715
L_544_623,0.68193992910069667
L_544_625,0.51110192756139661
L_544_632,0.48343006667507893
L_544_636,0.57615147083442109
L_544_640,0.46776304373158095
L_544_647,0.38053249933190036
L_544_651,0.53146891149113717
L_544_660,0.52728975039154569
L_544_662,0.58586215426205213
L_544_666,0.5344219033562172
L_544_669,0.57571510531527692
L_544_671,0.56341146876378667
L_544_699,0.40117609649174213
L_544_702,0.51865706392193245
L_544_704,0.41929020997823385
L_544_708,0.46432876020613872
L_544_711,0.54398490878026107
L_544_717,0.42833155322164596
L_544_720,0.46028624748966807
L_544_723,0.57400517401837892
L_544_724,0.53327047541870687
L_544_725,0.40964152285642441
L_544_728,0.49359722136079015
L_544_731,0.47883568248286279
L_544_738,0.58278613952143044
L_544_749,0.63415892599290324
L_544_783,0.53931916430827043
L_544_787,0.38379248149242989
L_544_790,0.46059723743469239
L_544_793,0.38200600925117112
L_544_794,0.46858246946467114
L_544_796,0.47231958291327747
L_544_810,0.57661605087298584
L_544_817,0.50276428847611587
L_544_818,0.5236635002775557
L_544_825,0.39380960260476228
L_544_827,0.44100287201140442
L_544_829,0.54089568825129419
L_544_830,0.47432716043440287
L_544_831,0.53099997859477566
L_544_841,0.56625227513298548
L_544_842,0.52022325097372757
L_544_848,0.4934908559781428
L_544_849,0.56106359268267336
L_544_851,0.59295594118880646
L_544_853,0.43217463840298082
L_562_568,0.48680487364570918
L_562_577,0.56078228769368077
L_562_580,0.5224534172133608
L_562_592,0.41697946829857174
L_562_593,0.46669583656612001
L_562_599,0.59365303739551378
L_562_603,0.42164535626599092
L_562_606,0.4335828504959322
L_562_607,0.44105107273917837
L_562_616,0.63996956296543905
L_562_623,0.67188016929086858
L_562_625,0.5010421677515684
L_562_632,0.47337030686525083
L_562_636,0.56609171102459299
L_562_640,0.4577032839217528
L_562_647,0.37047273952207221
L_562_651,0.52140915168130908
L_562_660,0.51722999058171748
L_562_662,0.57580239445222392
L_562_666,0.52436214354638899
L_562_669,0.56565534550544883
L_562_671,0.55335170895395847
L_562_699,0.39111633668191398
L_562_702,0.50859730411210435
L_562_704,0.4092304501684057
L_562_708,0.45426900039631057
L_562_711,0.53392514897043297
L_562_717,0.4182717934118178
L_562_720,0.45022648767983992
L_562_723,0.56394541420855071
L_562_724,0.52321071560887877
L_562_725,0.39958176304659626
L_562_728,0.483537461550962
L_562_731,0.46877592267303464
L_562_738,0.57272637971160223
L_562_749,0.62409916618307504
L_562_783,0.52925940449844222
L_562_787,0.37373272168260174
L_562_790,0.45053747762486424
L_562_793,0.37194624944134297
L_562_794,0.45852270965484299
L_562_796,0.46225982310344932
L_562_810,0.56655629106315775
L_562_817,0.49270452866628767
L_562_818,0.51360374046772761
L_562_825,0.38374984279493413
L_562_827,0.43094311220157627
L_562_829,0.5308359284414661
L_562_830,0.46426740062457472
L_562_831,0.52094021878494756
L_562_841,0.55619251532315739
L_562_842,0.51016349116389947
L_562_848,0.48343109616831459
L_562_849,0.55100383287284516
L_562_851,0.58289618137897836
L_562_853,0.42211487859315266
L_568_577,0.57397741404797165
L_568_580,0.53564854356765168
L_568_592,0.43017459465286256
L_568_593,0.47989096292041084
L_568_599,0.60684816374980455
L_568_603,0.43484048262028174
L_568_606,0.44677797685022302
L_568_607,0.45424619909346919
L_568_616,0.65316468931972982
L_568_623,0.68507529564515934
L_568_625,0.51423729410585928
L_568_632,0.4865654332195416
L_568_636,0.57928683737888376
L_568_640,0.47089841027604362
L_568_647,0.38366786587636303
L_568_651,0.53460427803559984
L_568_660,0.53042511693600836
L_568_662,0.5889975208065148
L_568_666,0.53755726990067987
L_568_669,0.57885047185973959
L_568_671,0.56654683530824934
L_568_699,0.4043114630362048
L_568_702,0.52179243046639512
L_568_704,0.42242557652269652
L_568_708,0.46746412675060139
L_568_711,0.54712027532472374
L_568_717,0.43146691976610863
L_568_720,0.46342161403413074
L_568_723,0.57714054056284159
L_568_724,0.53640584196316954
L_568_725,0.41277688940088708
L_568_728,0.49673258790525282
L_568_731,0.48197104902732546
L_568_738,0.58592150606589311
L_568_749,0.63729429253736591
L_568_783,0.5424545308527331
L_568_787,0.38692784803689256
L_568_790,0.46373260397915506
L_568_793,0.38514137579563379
L_568_794,0.47171783600913381
L_568_796,0.47545494945774014
L_568_810,0.57975141741744851
L_568_817,0.50589965502057854
L_568_818,0.52679886682201837
L_568_825,0.39694496914922495
L_568_827,0.44413823855586709
L_568_829,0.54403105479575686
L_568_830,0.47746252697886554
L_568_831,0.53413534513923833
L_568_841,0.56938764167744815
L_568_842,0.52335861751819024
L_568_848,0.49662622252260546
L_568_849,0.56419895922713603
L_568_851,0.59609130773326913
L_568_853,0.43531000494744349
L_577_580,0.46167112951968003
L_577_592,0.35619718060489092
L_577_593,0.40591354887243919
L_577_599,0.5328707497018329
L_577_603,0.3608630685723101
L_577_606,0.37280056280225138
L_577_607,0.38026878504549755
L_577_616,0.57918727527175817
L_577_623,0.6110978815971877
L_577_625,0.44025988005788763
L_577_632,0.41258801917156995
L_577_636,0.50530942333091211
L_577_640,0.39692099622807198
L_577_647,0.30969045182839139
L_577_651,0.4606268639876282
L_577_660,0.45644770288803671
L_577_662,0.51502010675854315
L_577_666,0.46357985585270817
L_577_669,0.50487305781176794
L_577_671,0.4925694212602777
L_577_699,0.33033404898823315
L_577_702,0.44781501641842347
L_577_704,0.34844816247472488
L_577_708,0.39348671270262975
L_577_711,0.47314286127675215
L_577_717,0.35748950571813698
L_577_720,0.38944419998615909
L_577_723,0.50316312651486994
L_577_724,0.46242842791519789
L_577_725,0.33879947535291544
L_577_728,0.42275517385728117
L_577_731,0.40799363497935381
L_577_738,0.51194409201792146
L_577_749,0.56331687848939427
L_577_783,0.46847711680476145
L_577_787,0.31295043398892092
L_577_790,0.38975518993118341
L_577_793,0.31116396174766214
L_577_794,0.39774042196116216
L_577_796,0.40147753540976849
L_577_810,0.50577400336947687
L_577_817,0.4319222409726069
L_577_818,0.45282145277404673
L_577_825,0.3229675551012533
L_577_827,0.37016082450789545
L_577_829,0.47005364074778522
L_577_830,0.4034851129308939
L_577_831,0.46015793109126674
L_577_841,0.49541022762947651
L_577_842,0.44938120347021859
L_577_848,0.42264880847463382
L_577_849,0.49022154517916439
L_577_851,0.52211389368529748
L_577_853,0.36133259089947184
L_580_592,0.39452605108521088
L_580_593,0.44424241935275921
L_580_599,0.57119962018215287
L_580_603,0.39919193905263006
L_580_606,0.41112943328257134
L_580_607,0.41859765552581751
L_580_616,0.61751614575207814
L_580_623,0.64942675207750766
L_580_625,0.4785887505382076
L_580_632,0.45091688965188997
L_580_636,0.54363829381123219
L_580_640,0.43524986670839194
L_580_647,0.34801932230871135
L_580_651,0.49895573446794816
L_580_660,0.49477657336835668
L_580_662,0.55334897723886312
L_580_666,0.50190872633302819
L_580_669,0.54320192829208802
L_580_671,0.53089829174059766
L_580_699,0.36866291946855312
L_580_702,0.48614388689874344
L_580_704,0.38677703295504484
L_580_708,0.43181558318294977
L_580_711,0.51147173175707217
L_580_717,0.39581837619845694
L_580_720,0.42777307046647906
L_580_723,0.54149199699518991
L_580_724,0.50075729839551786
L_580_725,0.3771283458332354
L_580_728,0.4610840443376012
L_580_731,0.44632250545967378
L_580_738,0.55027296249824142
L_580_749,0.60164574896971423
L_580_783,0.50680598728508142
L_580_787,0.35127930446924094
L_580_790,0.42808406041150338
L_580_793,0.34949283222798211
L_580_794,0.43606929244148218
L_580_796,0.43980640589008846
L_580_810,0.54410287384979683
L_580_817,0.47025111145292686
L_580_818,0.49115032325436675
L_580_825,0.36129642558157327
L_580_827,0.40848969498821541
L_580_829,0.50838251122810518
L_580_830,0.44181398341121392
L_580_831,0.49848680157158676
L_580_841,0.53373909810979647
L_580_842,0.48771007395053861
L_580_848,0.46097767895495378
L_580_849,0.52855041565948435
L_580_851,0.56044276416561745
L_580_853,0.39966146137979186
L_592_593,0.54971636826754833
L_592_599,0.67667356909694198
L_592_603,0.50466588796741918
L_592_606,0.51660338219736046
L_592_607,0.52407160444060663
L_592_616,0.72299009466686726
L_592_623,0.75490070099229678
L_592_625,0.58406269945299671
L_592_632,0.55639083856667904
L_592_636,0.64911224272602119
L_592_640,0.54072381562318106
L_592_647,0.45349327122350047
L_592_651,0.60442968338273728
L_592_660,0.60025052228314579
L_592_662,0.65882292615365223
L_592_666,0.60738267524781731
L_592_669,0.64867587720687703
L_592_671,0.63637224065538678
L_592_699,0.47413686838334224
L_592_702,0.59161783581353256
L_592_704,0.49225098186983396
L_592_708,0.53728953209773889
L_592_711,0.61694568067186117
L_592_717,0.50129232511324606
L_592_720,0.53324701938126817
L_592_723,0.64696594590997902
L_592_724,0.60623124731030698
L_592_725,0.48260229474802452
L_592_728,0.56655799325239031
L_592_731,0.5517964543744629
L_592_738,0.65574691141303054
L_592_749,0.70711969788450335
L_592_783,0.61227993619987053
L_592_787,0.45675325338403
L_592_790,0.53355800932629249
L_592_793,0.45496678114277123
L_592_794,0.5415432413562713
L_592_796,0.54528035480487758
L_592_810,0.64957682276458595
L_592_817,0.57572506036771598
L_592_818,0.59662427216915581
L_592_825,0.46677037449636238
L_592_827,0.51396364390300453
L_592_829,0.6138564601428943
L_592_830,0.54728793232600292
L_592_831,0.60396075048637576
L_592_841,0.63921304702458559
L_592_842,0.59318402286532768
L_592_848,0.5664516278697429
L_592_849,0.63402436457427347
L_592_851,0.66591671308040656
L_592_853,0.50513541029458087
L_593_599,0.62695720082939377
L_593_603,0.45494951969987091
L_593_606,0.46688701392981219
L_593_607,0.47435523617305836
L_593_616,0.67327372639931904
L_593_623,0.70518433272474856
L_593_625,0.53434633118544839
L_593_632,0.50667447029913082
L_593_636,0.59939587445847298
L_593_640,0.49100744735563279
L_593_647,0.4037769029559522
L_593_651,0.55471331511518907
L_593_660,0.55053415401559747
L_593_662,0.60910655788610391
L_593_666,0.55766630698026898
L_593_669,0.59895950893932881
L_593_671,0.58665587238783845
L_593_699,0.42442050011579396
L_593_702,0.54190146754598434
L_593_704,0.44253461360228569
L_593_708,0.48757316383019056
L_593_711,0.56722931240431296
L_593_717,0.45157595684569779
L_593_720,0.4835306511137199
L_593_723,0.5972495776424307
L_593_724,0.55651487904275876
L_593_725,0.43288592648047625
L_593_728,0.51684162498484199
L_593_731,0.50208008610691457
L_593_738,0.60603054314548221
L_593_749,0.65740332961695502
L_593_783,0.56256356793232221
L_593_787,0.40703688511648173
L_593_790,0.48384164105874422
L_593_793,0.40525041287522295
L_593_794,0.49182687308872297
L_593_796,0.4955639865373293
L_593_810,0.59986045449703773
L_593_817,0.52600869210016765
L_593_818,0.54690790390160759
L_593_825,0.41705400622881411
L_593_827,0.46424727563545626
L_593_829,0.56414009187534608
L_593_830,0.49757156405845471
L_593_831,0.55424438221882755
L_593_841,0.58949667875703737
L_593_842,0.54346765459777946
L_593_848,0.51673525960219457
L_593_849,0.58430799630672514
L_593_851,0.61620034481285835
L_593_853,0.45541904202703265
L_599_603,0.3279923188704772
L_599_606,0.33992981310041848
L_599_607,0.34739803534366465
L_599_616,0.54631652556992527
L_599_623,0.5782271318953548
L_599_625,0.40738913035605473
L_599_632,0.37971726946973705
L_599_636,0.47243867362907926
L_599_640,0.36405024652623907
L_599_647,0.27681970212655849
L_599_651,0.4277561142857953
L_599_660,0.42357695318620381
L_599_662,0.48214935705671025
L_599_666,0.43070910615087526
L_599_669,0.4720023081099351
L_599_671,0.45969867155844479
L_599_699,0.29746329928640025
L_599_702,0.41494426671659057
L_599_704,0.31557741277289197
L_599_708,0.36061596300079685
L_599_711,0.44027211157491924
L_599_717,0.32461875601630408
L_599_720,0.35657345028432619
L_599_723,0.47029237681303704
L_599_724,0.42955767821336499
L_599_725,0.30592872565108253
L_599_728,0.38988442415544827
L_599_731,0.37512288527752091
L_599_738,0.4790733423160885
L_599_749,0.53044612878756126
L_599_783,0.43560636710292855
L_599_787,0.28007968428708802
L_599_790,0.35688444022935051
L_599_793,0.27829321204582924
L_599_794,0.36486967225932926
L_599_796,0.36860678570793559
L_599_810,0.47290325366764396
L_599_817,0.39905149127077399
L_599_818,0.41995070307221383
L_599_825,0.2900968053994204
L_599_827,0.33729007480606255
L_599_829,0.43718289104595232
L_599_830,0.37061436322906099
L_599_831,0.42728718138943383
L_599_841,0.46253947792764361
L_599_842,0.41651045376838569
L_599_848,0.38977805877280092
L_599_849,0.45735079547733148
L_599_851,0.48924314398346458
L_599_853,0.32846184119763894
L_603_606,0.51193749422994128
L_603_607,0.51940571647318745
L_603_616,0.71832420669944808
L_603_623,0.7502348130248776
L_603_625,0.57939681148557753
L_603_632,0.55172495059925986
L_603_636,0.64444635475860212
L_603_640,0.53605792765576188
L_603_647,0.44882738325608129
L_603_651,0.5997637954153181
L_603_660,0.59558463431572661
L_603_662,0.65415703818623305
L_603_666,0.60271678728039801
L_603_669,0.64400998923945796
L_603_671,0.6317063526879676
L_603_699,0.46947098041592306
L_603_702,0.58695194784611338
L_603_704,0.48758509390241478
L_603_708,0.5326236441303196
L_603_711,0.61227979270444211
L_603_717,0.49662643714582688
L_603_720,0.52858113141384899
L_603_723,0.64230005794255984
L_603_724,0.6015653593428878
L_603_725,0.47793640678060534
L_603_728,0.56189210528497102
L_603_731,0.54713056640704372
L_603_738,0.65108102344561125
L_603_749,0.70245380991708406
L_603_783,0.60761404823245135
L_603_787,0.45208736541661082
L_603_790,0.52889212135887331
L_603_793,0.45030089317535205
L_603_794,0.53687735338885201
L_603_796,0.5406144668374584
L_603_810,0.64491093479716677
L_603_817,0.5710591724002968
L_603_818,0.59195838420173663
L_603_825,0.4621044865289432
L_603_827,0.50929775593558535
L_603_829,0.60919057217547512
L_603_830,0.54262204435858385
L_603_831,0.59929486251895669
L_603_841,0.63454715905716641
L_603_842,0.5885181348979085
L_603_848,0.56178573990232372
L_603_849,0.62935847660685429
L_603_851,0.66125082511298738
L_603_853,0.5004695223271618
L_606_607,0.50746822224324617
L_606_616,0.70638671246950679
L_606_623,0.73829731879493632
L_606_625,0.56745931725563625
L_606_632,0.53978745636931857
L_606_636,0.63250886052866084
L_606_640,0.5241204334258206
L_606_647,0.43688988902614001
L_606_651,0.58782630118537682
L_606_660,0.58364714008578533
L_606_662,0.64221954395629177
L_606_666,0.59077929305045673
L_606_669,0.63207249500951668
L_606_671,0.61976885845802632
L_606_699,0.45753348618598177
L_606_702,0.57501445361617209
L_606_704,0.4756475996724735
L_606_708,0.52068614990037831
L_606_711,0.60034229847450082
L_606_717,0.4846889429158856
L_606_720,0.51664363718390771
L_606_723,0.63036256371261856
L_606_724,0.58962786511294651
L_606_725,0.46599891255066406
L_606_728,0.54995461105502974
L_606_731,0.53519307217710244
L_606_738,0.63914352921566997
L_606_749,0.69051631568714278
L_606_783,0.59567655400251007
L_606_787,0.44014987118666954
L_606_790,0.51695462712893203
L_606_793,0.43836339894541076
L_606_794,0.52493985915891073
L_606_796,0.52867697260751711
L_606_810,0.63297344056722549
L_606_817,0.55912167817035552
L_606_818,0.58002088997179535
L_606_825,0.45016699229900192
L_606_827,0.49736026170564407
L_606_829,0.59725307794553384
L_606_830,0.53068455012864257
L_606_831,0.58735736828901541
L_606_841,0.62260966482722513
L_606_842,0.57658064066796721
L_606_848,0.54984824567238244
L_606_849,0.61742098237691301
L_606_851,0.6493133308830461
L_606_853,0.48853202809722046
L_607_616,0.69891849022626062
L_607_623,0.73082909655169015
L_607_625,0.55999109501239008
L_607_632,0.5323192341260724
L_607_636,0.62504063828541456
L_607_640,0.51665221118257443
L_607_647,0.42942166678289384
L_607_651,0.58035807894213065
L_607_660,0.57617891784253916
L_607_662,0.6347513217130456
L_607_666,0.58331107080721067
L_607_669,0.6246042727662704
L_607_671,0.61230063621478015
L_607_699,0.4500652639427356
L_607_702,0.56754623137292592
L_607_704,0.46817937742922733
L_607_708,0.51321792765713226
L_607_711,0.59287407623125454
L_607_717,0.47722072067263943
L_607_720,0.50917541494066154
L_607_723,0.62289434146937239
L_607_724,0.58215964286970034
L_607_725,0.45853069030741789
L_607_728,0.54248638881178368
L_607_731,0.52772484993385627
L_607_738,0.63167530697242391
L_607_749,0.68304809344389672
L_607_783,0.5882083317592639
L_607_787,0.43268164894342337
L_607_790,0.50948640488568586
L_607_793,0.4308951767021646
L_607_794,0.51747163691566467
L_607_796,0.52120875036427095
L_607_810,0.62550521832397932
L_607_817,0.55165345592710935
L_607_818,0.57255266772854918
L_607_825,0.44269877005575575
L_607_827,0.4898920394623979
L_607_829,0.58978485570228767
L_607_830,0.52321632788539629
L_607_831,0.57988914604576913
L_607_841,0.61514144258397896
L_607_842,0.56911241842472104
L_607_848,0.54238002342913627
L_607_849,0.60995276013366684
L_607_851,0.64184510863979993
L_607_853,0.48106380585397429
L_616_623,0.53191060632542952
L_616_625,0.3610726047861294
L_616_632,0.33340074389981178
L_616_636,0.42612214805915394
L_616_640,0.3177337209563138
L_616_647,0.23050317655663322
L_616_651,0.38143958871587003
L_616_660,0.37726042761627848
L_616_662,0.43583283148678492
L_616_666,0.38439258058094994
L_616_669,0.42568578254000977
L_616_671,0.41338214598851947
L_616_699,0.25114677371647498
L_616_702,0.3686277411466653
L_616_704,0.2692608872029667
L_616_708,0.31429943743087152
L_616_711,0.39395558600499392
L_616_717,0.27830223044637881
L_616_720,0.31025692471440092
L_616_723,0.42397585124311177
L_616_724,0.38324115264343972
L_616_725,0.25961220008115726
L_616_728,0.34356789858552295
L_616_731,0.32880635970759564
L_616_738,0.43275681674616318
L_616_749,0.48412960321763598
L_616_783,0.38928984153300328
L_616_787,0.23376315871716269
L_616_790,0.31056791465942524
L_616_793,0.23197668647590397
L_616_794,0.31855314668940393
L_616_796,0.32229026013801032
L_616_810,0.42658672809771869
L_616_817,0.35273496570084867
L_616_818,0.37363417750228856
L_616_825,0.24378027982949513
L_616_827,0.29097354923613727
L_616_829,0.39086636547602704
L_616_830,0.32429783765913567
L_616_831,0.38097065581950851
L_616_841,0.41622295235771833
L_616_842,0.37019392819846042
L_616_848,0.34346153320287559
L_616_849,0.41103426990740616
L_616_851,0.44292661841353931
L_616_853,0.28214531562771361
L_623_625,0.32916199846069988
L_623_632,0.30149013757438226
L_623_636,0.39421154173372441
L_623_640,0.28582311463088428
L_623_647,0.19859257023120369
L_623_651,0.3495289823904405
L_623_660,0.34534982129084896
L_623_662,0.4039222251613554
L_623_666,0.35248197425552041
L_623_669,0.39377517621458025
L_623_671,0.38147153966308994
L_623_699,0.21923616739104546
L_623_702,0.33671713482123578
L_623_704,0.23735028087753718
L_623_708,0.282388831105442
L_623_711,0.36204497967956439
L_623_717,0.24639162412094928
L_623_720,0.27834631838897139
L_623_723,0.39206524491768224
L_623_724,0.3513305463180102
L_623_725,0.22770159375572774
L_623_728,0.31165729226009342
L_623_731,0.29689575338216612
L_623_738,0.40084621042073365
L_623_749,0.45221899689220646
L_623_783,0.35737923520757375
L_623_787,0.20185255239173316
L_623_790,0.27865730833399571
L_623_793,0.20006608015047445
L_623_794,0.28664254036397441
L_623_796,0.2903796538125808
L_623_810,0.39467612177228917
L_623_817,0.32082435937541914
L_623_818,0.34172357117685903
L_623_825,0.2118696735040656
L_623_827,0.25906294291070775
L_623_829,0.35895575915059752
L_623_830,0.29238723133370614
L_623_831,0.34906004949407898
L_623_841,0.38431234603228881
L_623_842,0.3382833218730309
L_623_848,0.31155092687744607
L_623_849,0.37912366358197663
L_623_851,0.41101601208810978
L_623_853,0.25023470930228409
L_625_632,0.47232813911368238
L_625_636,0.56504954327302459
L_625_640,0.45666111617018434
L_625_647,0.36943057177050376
L_625_651,0.52036698392974057
L_625_660,0.51618782283014908
L_625_662,0.57476022670065552
L_625_666,0.52331997579482059
L_625_669,0.56461317775388042
L_625_671,0.55230954120239006
L_625_699,0.39007416893034552
L_625_702,0.50755513636053584
L_625_704,0.40818828241683724
L_625_708,0.45322683264474217
L_625_711,0.53288298121886457
L_625_717,0.41722962566024935
L_625_720,0.44918431992827146
L_625_723,0.56290324645698231
L_625_724,0.52216854785731026
L_625_725,0.3985395952950278
L_625_728,0.4824952937993936
L_625_731,0.46773375492146618
L_625_738,0.57168421196003383
L_625_749,0.62305699843150664
L_625_783,0.52821723674687382
L_625_787,0.37269055393103334
L_625_790,0.44949530987329578
L_625_793,0.37090408168977451
L_625_794,0.45748054190327458
L_625_796,0.46121765535188086
L_625_810,0.56551412331158923
L_625_817,0.49166236091471927
L_625_818,0.51256157271615921
L_625_825,0.38270767504336567
L_625_827,0.42990094445000782
L_625_829,0.52979376068989759
L_625_830,0.46322523287300632
L_625_831,0.51989805103337916
L_625_841,0.55515034757158888
L_625_842,0.50912132341233107
L_625_848,0.48238892841674619
L_625_849,0.54996166512127675
L_625_851,0.58185401362740985
L_625_853,0.42107271084158426
L_632_636,0.59272140415934216
L_632_640,0.48433297705650202
L_632_647,0.39710243265682144
L_632_651,0.54803884481605825
L_632_660,0.54385968371646665
L_632_662,0.60243208758697309
L_632_666,0.55099183668113816
L_632_669,0.59228503864019799
L_632_671,0.57998140208870774
L_632_699,0.4177460298166632
L_632_702,0.53522699724685352
L_632_704,0.43586014330315492
L_632_708,0.48089869353105974
L_632_711,0.56055484210518214
L_632_717,0.44490148654656703
L_632_720,0.47685618081458914
L_632_723,0.59057510734329999
L_632_724,0.54984040874362794
L_632_725,0.42621145618134548
L_632_728,0.51016715468571117
L_632_731,0.49540561580778386
L_632_738,0.5993560728463514
L_632_749,0.6507288593178242
L_632_783,0.5558890976331915
L_632_787,0.40036241481735091
L_632_790,0.47716717075961346
L_632_793,0.39857594257609219
L_632_794,0.48515240278959215
L_632_796,0.48888951623819854
L_632_810,0.59318598419790691
L_632_817,0.51933422180103683
L_632_818,0.54023343360247678
L_632_825,0.41037953592968335
L_632_827,0.45757280533632549
L_632_829,0.55746562157621526
L_632_830,0.49089709375932389
L_632_831,0.54756991191969673
L_632_841,0.58282220845790655
L_632_842,0.53679318429864864
L_632_848,0.51006078930306376
L_632_849,0.57763352600759443
L_632_851,0.60952587451372753
L_632_853,0.44874457172790183
L_636_640,0.39161157289715981
L_636_647,0.30438102849747922
L_636_651,0.45531744065671603
L_636_660,0.45113827955712449
L_636_662,0.50971068342763093
L_636_666,0.458270432521796
L_636_669,0.49956363448085583
L_636_671,0.48725999792936547
L_636_699,0.32502462565732099
L_636_702,0.44250559308751131
L_636_704,0.34313873914381271
L_636_708,0.38817728937171758
L_636_711,0.46783343794583998
L_636_717,0.35218008238722481
L_636_720,0.38413477665524692
L_636_723,0.49785370318395777
L_636_724,0.45711900458428573
L_636_725,0.33349005202200327
L_636_728,0.41744575052636901
L_636_731,0.40268421164844165
L_636_738,0.50663466868700924
L_636_749,0.55800745515848205
L_636_783,0.46316769347384928
L_636_787,0.30764101065800875
L_636_790,0.38444576660027124
L_636_793,0.30585453841674998
L_636_794,0.39243099863024999
L_636_796,0.39616811207885633
L_636_810,0.50046458003856475
L_636_817,0.42661281764169467
L_636_818,0.44751202944313462
L_636_825,0.31765813177034113
L_636_827,0.36485140117698328
L_636_829,0.46474421741687305
L_636_830,0.39817568959998173
L_636_831,0.45484850776035457
L_636_841,0.4901008042985644
L_636_842,0.44407178013930648
L_636_848,0.4173393851437216
L_636_849,0.48491212184825216
L_636_851,0.51680447035438526
L_636_853,0.35602316756855967
L_640_647,0.41276945560031941
L_640_651,0.56370586775955622
L_640_660,0.55952670665996473
L_640_662,0.61809911053047117
L_640_666,0.56665885962463625
L_640_669,0.60795206158369597
L_640_671,0.59564842503220572
L_640_699,0.43341305276016118
L_640_702,0.5508940201903515
L_640_704,0.4515271662466529
L_640_708,0.49656571647455777
L_640_711,0.57622186504868012
L_640_717,0.460568509490065
L_640_720,0.49252320375808711
L_640_723,0.60624213028679796
L_640_724,0.56550743168712592
L_640_725,0.44187847912484346
L_640_728,0.52583417762920925
L_640_731,0.51107263875128184
L_640_738,0.61502309578984948
L_640_749,0.66639588226132229
L_640_783,0.57155612057668947
L_640_787,0.41602943776084894
L_640_790,0.49283419370311143
L_640_793,0.41424296551959017
L_640_794,0.50081942573309024
L_640_796,0.50455653918169652
L_640_810,0.60885300714140489
L_640_817,0.53500124474453492
L_640_818,0.55590045654597475
L_640_825,0.42604655887318132
L_640_827,0.47323982827982347
L_640_829,0.57313264451971324
L_640_830,0.50656411670282186
L_640_831,0.5632369348631947
L_640_841,0.59848923140140453
L_640_842,0.55246020724214662
L_640_848,0.52572781224656184
L_640_849,0.59330054895109241
L_640_851,0.6251928974572255
L_640_853,0.46441159467139986
L_647_651,0.65093641215923681
L_647_660,0.64675725105964532
L_647_662,0.70532965493015176
L_647_666,0.65388940402431683
L_647_669,0.69518260598337656
L_647_671,0.68287896943188631
L_647_699,0.52064359715984176
L_647_702,0.63812456459003208
L_647_704,0.53875771064633349
L_647_708,0.58379626087423842
L_647_711,0.6634524094483607
L_647_717,0.54779905388974559
L_647_720,0.5797537481577677
L_647_723,0.69347267468647855
L_647_724,0.6527379760868065
L_647_725,0.52910902352452405
L_647_728,0.61306472202888984
L_647_731,0.59830318315096243
L_647_738,0.70225364018953007
L_647_749,0.75362642666100288
L_647_783,0.65878666497637006
L_647_787,0.50325998216052947
L_647_790,0.58006473810279202
L_647_793,0.50147350991927075
L_647_794,0.58804997013277083
L_647_796,0.5917870835813771
L_647_810,0.69608355154108548
L_647_817,0.62223178914421551
L_647_818,0.64313100094565534
L_647_825,0.51327710327286191
L_647_827,0.56047037267950406
L_647_829,0.66036318891939383
L_647_830,0.59379466110250245
L_647_831,0.65046747926287529
L_647_841,0.68571977580108512
L_647_842,0.6396907516418272
L_647_848,0.61295835664624243
L_647_849,0.680531093350773
L_647_851,0.71242344185690609
L_647_853,0.5516421390710804
L_651_660,0.49582083890040851
L_651_662,0.55439324277091495
L_651_666,0.50295299186507991
L_651_669,0.54424619382413986
L_651_671,0.5319425572726495
L_651_699,0.36970718500060495
L_651_702,0.48718815243079527
L_651_704,0.38782129848709668
L_651_708,0.43285984871500155
L_651_711,0.512515997289124
L_651_717,0.39686264173050878
L_651_720,0.42881733599853089
L_651_723,0.54253626252724174
L_651_724,0.50180156392756969
L_651_725,0.37817261136528724
L_651_728,0.46212830986965298
L_651_731,0.44736677099172562
L_651_738,0.55131722803029315
L_651_749,0.60269001450176596
L_651_783,0.50785025281713325
L_651_787,0.35232357000129272
L_651_790,0.42912832594355521
L_651_793,0.35053709776003394
L_651_794,0.43711355797353396
L_651_796,0.44085067142214029
L_651_810,0.54514713938184867
L_651_817,0.4712953769849787
L_651_818,0.49219458878641853
L_651_825,0.3623406911136251
L_651_827,0.40953396052026725
L_651_829,0.50942677676015702
L_651_830,0.4428582489432657
L_651_831,0.49953106710363854
L_651_841,0.53478336364184831
L_651_842,0.48875433948259039
L_651_848,0.46202194448700562
L_651_849,0.52959468119153619
L_651_851,0.56148702969766928
L_651_853,0.40070572691184364
L_660_662,0.55857240387050644
L_660_666,0.50713215296467151
L_660_669,0.54842535492373135
L_660_671,0.53612171837224099
L_660_699,0.37388634610019644
L_660_702,0.49136731353038676
L_660_704,0.39200045958668817
L_660_708,0.43703900981459309
L_660_711,0.51669515838871549
L_660_717,0.40104180283010027
L_660_720,0.43299649709812238
L_660_723,0.54671542362683323
L_660_724,0.50598072502716118
L_660_725,0.38235177246487873
L_660_728,0.46630747096924452
L_660_731,0.4515459320913171
L_660_738,0.55549638912988475
L_660_749,0.60686917560135756
L_660_783,0.51202941391672474
L_660_787,0.35650273110088426
L_660_790,0.4333074870431467
L_660_793,0.35471625885962543
L_660_794,0.44129271907312551
L_660_796,0.44502983252173178
L_660_810,0.54932630048144016
L_660_817,0.47547453808457019
L_660_818,0.49637374988601007
L_660_825,0.36651985221321659
L_660_827,0.41371312161985874
L_660_829,0.51360593785974851
L_660_830,0.44703741004285724
L_660_831,0.50371022820323008
L_660_841,0.5389625247414398
L_660_842,0.49293350058218194
L_660_848,0.46620110558659711
L_660_849,0.53377384229112768
L_660_851,0.56566619079726077
L_660_853,0.40488488801143518
L_662_666,0.44855974909416507
L_662_669,0.48985295105322491
L_662_671,0.47754931450173455
L_662_699,0.31531394222969
L_662_702,0.43279490965988032
L_662_704,0.33342805571618173
L_662_708,0.37846660594408665
L_662_711,0.45812275451820905
L_662_717,0.34246939895959383
L_662_720,0.37442409322761594
L_662_723,0.48814301975632679
L_662_724,0.44740832115665474
L_662_725,0.32377936859437229
L_662_728,0.40773506709873808
L_662_731,0.39297352822081066
L_662_738,0.49692398525937831
L_662_749,0.54829677173085112
L_662_783,0.4534570100462183
L_662_787,0.29793032723037782
L_662_790,0.37473508317264026
L_662_793,0.29614385498911899
L_662_794,0.38272031520261907
L_662_796,0.38645742865122534
L_662_810,0.49075389661093377
L_662_817,0.41690213421406375
L_662_818,0.43780134601550363
L_662_825,0.30794744834271015
L_662_827,0.3551407177493523
L_662_829,0.45503353398924207
L_662_830,0.3884650061723508
L_662_831,0.44513782433272364
L_662_841,0.48039012087093341
L_662_842,0.4343610967116755
L_662_848,0.40762870171609067
L_662_849,0.47520143842062124
L_662_851,0.50709378692675433
L_662_853,0.34631248414092874
L_666_669,0.54129320195905983
L_666_671,0.52898956540756947
L_666_699,0.36675419313552499
L_666_702,0.48423516056571531
L_666_704,0.38486830662201671
L_666_708,0.42990685684992158
L_666_711,0.50956300542404398
L_666_717,0.39390964986542881
L_666_720,0.42586434413345092
L_666_723,0.53958327066216172
L_666_724,0.49884857206248973
L_666_725,0.37521961950020727
L_666_728,0.45917531800457301
L_666_731,0.44441377912664565
L_666_738,0.54836423616521324
L_666_749,0.59973702263668605
L_666_783,0.50489726095205323
L_666_787,0.34937057813621275
L_666_790,0.42617533407847524
L_666_793,0.34758410589495398
L_666_794,0.43416056610845399
L_666_796,0.43789767955706033
L_666_810,0.54219414751676875
L_666_817,0.46834238511989867
L_666_818,0.48924159692133862
L_666_825,0.35938769924854513
L_666_827,0.40658096865518728
L_666_829,0.50647378489507711
L_666_830,0.43990525707818573
L_666_831,0.49657807523855857
L_666_841,0.5318303717767684
L_666_842,0.48580134761751048
L_666_848,0.4590689526219256
L_666_849,0.52664168932645616
L_666_851,0.55853403783258937
L_666_853,0.39775273504676367
L_669_671,0.48769636344850964
L_669_699,0.32546099117646515
L_669_702,0.44294195860665547
L_669_704,0.34357510466295688
L_669_708,0.38861365489086175
L_669_711,0.46826980346498415
L_669_717,0.35261644790636898
L_669_720,0.38457114217439109
L_669_723,0.49829006870310194
L_669_724,0.45755537010342989
L_669_725,0.33392641754114744
L_669_728,0.41788211604551317
L_669_731,0.40312057716758581
L_669_738,0.5070710342061534
L_669_749,0.55844382067762621
L_669_783,0.46360405899299345
L_669_787,0.30807737617715292
L_669_790,0.38488213211941541
L_669_793,0.30629090393589414
L_669_794,0.39286736414939416
L_669_796,0.39660447759800049
L_669_810,0.50090094555770892
L_669_817,0.42704918316083884
L_669_818,0.44794839496227878
L_669_825,0.3180944972894853
L_669_827,0.36528776669612745
L_669_829,0.46518058293601722
L_669_830,0.3986120551191259
L_669_831,0.45528487327949874
L_669_841,0.49053716981770856
L_669_842,0.44450814565845065
L_669_848,0.41777575066286576
L_669_849,0.48534848736739633
L_669_851,0.51724083587352943
L_669_853,0.35645953308770384
L_671_699,0.33776462772795546
L_671_702,0.45524559515814578
L_671_704,0.35587874121444718
L_671_708,0.40091729144235211
L_671_711,0.48057344001647451
L_671_717,0.36492008445785928
L_671_720,0.39687477872588139
L_671_723,0.51059370525459224
L_671_724,0.4698590066549202
L_671_725,0.34623005409263774
L_671_728,0.43018575259700353
L_671_731,0.41542421371907612
L_671_738,0.51937467075764376
L_671_749,0.57074745722911657
L_671_783,0.47590769554448376
L_671_787,0.32038101272864328
L_671_790,0.39718576867090571
L_671_793,0.31859454048738445
L_671_794,0.40517100070088452
L_671_796,0.4089081141494908
L_671_810,0.51320458210919928
L_671_817,0.4393528197123292
L_671_818,0.46025203151376909
L_671_825,0.33039813384097561
L_671_827,0.37759140324761775
L_671_829,0.47748421948750752
L_671_830,0.41091569167061626
L_671_831,0.4675885098309891
L_671_841,0.50284080636919892
L_671_842,0.45681178220994095
L_671_848,0.43007938721435612
L_671_849,0.49765212391888669
L_671_851,0.52954447242501979
L_671_853,0.3687631696391942
L_699_702,0.61748096743019032
L_699_704,0.51811411348649172
L_699_708,0.56315266371439665
L_699_711,0.64280881228851894
L_699_717,0.52715545672990383
L_699_720,0.55911015099792594
L_699_723,0.67282907752663679
L_699_724,0.63209437892696474
L_699_725,0.50846542636468228
L_699_728,0.59242112486904808
L_699_731,0.57765958599112066
L_699_738,0.68161004302968831
L_699_749,0.73298282950116112
L_699_783,0.6381430678165283
L_699_787,0.48261638500068776
L_699_790,0.55942114094295026
L_699_793,0.48082991275942899
L_699_794,0.56740637297292906
L_699_796,0.57114348642153534
L_699_810,0.67543995438124371
L_699_817,0.60158819198437374
L_699_818,0.62248740378581358
L_699_825,0.49263350611302015
L_699_827,0.53982677551966229
L_699_829,0.63971959175955206
L_699_830,0.57315106394266069
L_699_831,0.62982388210303353
L_699_841,0.66507617864124335
L_699_842,0.61904715448198544
L_699_848,0.59231475948640067
L_699_849,0.65988749619093123
L_699_851,0.69177984469706433
L_699_853,0.53099854191123863
L_702_704,0.4006331460563014
L_702_708,0.44567169628420628
L_702_711,0.52532784485832873
L_702_717,0.40967448929971351
L_702_720,0.44162918356773562
L_702_723,0.55534811009644647
L_702_724,0.51461341149677442
L_702_725,0.39098445893449196
L_702_728,0.4749401574388577
L_702_731,0.46017861856093034
L_702_738,0.56412907559949788
L_702_749,0.61550186207097068
L_702_783,0.52066210038633798
L_702_787,0.36513541757049744
L_702_790,0.44194017351275994
L_702_793,0.36334894532923867
L_702_794,0.44992540554273869
L_702_796,0.45366251899134502
L_702_810,0.55795898695105339
L_702_817,0.48410722455418342
L_702_818,0.50500643635562326
L_702_825,0.37515253868282983
L_702_827,0.42234580808947197
L_702_829,0.52223862432936174
L_702_830,0.45567009651247042
L_702_831,0.51234291467284332
L_702_841,0.54759521121105303
L_702_842,0.50156618705179512
L_702_848,0.47483379205621035
L_702_849,0.54240652876074091
L_702_851,0.57429887726687401
L_702_853,0.41351757448104837
L_704_708,0.54503855022790493
L_704_711,0.62469469880202722
L_704_717,0.5090413432434121
L_704_720,0.54099603751143421
L_704_723,0.65471496404014506
L_704_724,0.61398026544047302
L_704_725,0.49035131287819056
L_704_728,0.57430701138255635
L_704_731,0.55954547250462894
L_704_738,0.66349592954319658
L_704_749,0.71486871601466939
L_704_783,0.62002895433003657
L_704_787,0.46450227151419604
L_704_790,0.54130702745645853
L_704_793,0.46271579927293727
L_704_794,0.54929225948643734
L_704_796,0.55302937293504362
L_704_810,0.65732584089475199
L_704_817,0.58347407849788202
L_704_818,0.60437329029932185
L_704_825,0.47451939262652842
L_704_827,0.52171266203317057
L_704_829,0.62160547827306034
L_704_830,0.55503695045616896
L_704_831,0.6117097686165418
L_704_841,0.64696206515475163
L_704_842,0.60093304099549372
L_704_848,0.57420064599990894
L_704_849,0.64177338270443951
L_704_851,0.6736657312105726
L_704_853,0.51288442842474691
L_708_711,0.5796561485741224
L_708_717,0.46400279301550723
L_708_720,0.49595748728352934
L_708_723,0.60967641381224014
L_708_724,0.5689417152125682
L_708_725,0.44531276265028569
L_708_728,0.52926846115465143
L_708_731,0.51450692227672401
L_708_738,0.61845737931529166
L_708_749,0.66983016578676446
L_708_783,0.57499040410213165
L_708_787,0.41946372128629117
L_708_790,0.49626847722855366
L_708_793,0.41767724904503239
L_708_794,0.50425370925853241
L_708_796,0.5079908227071388
L_708_810,0.61228729066684717
L_708_817,0.53843552826997709
L_708_818,0.55933474007141704
L_708_825,0.42948084239862355
L_708_827,0.4766741118052657
L_708_829,0.57656692804515552
L_708_830,0.50999840022826415
L_708_831,0.56667121838863699
L_708_841,0.60192351492684681
L_708_842,0.5558944907675889
L_708_848,0.52916209577200402
L_708_849,0.59673483247653458
L_708_851,0.62862718098266779
L_708_853,0.46784587819684209
L_711_717,0.38434664444138483
L_711_720,0.41630133870940694
L_711_723,0.53002026523811785
L_711_724,0.48928556663844575
L_711_725,0.36565661407616329
L_711_728,0.44961231258052903
L_711_731,0.43485077370260167
L_711_738,0.53880123074116926
L_711_749,0.59017401721264207
L_711_783,0.4953342555280093
L_711_787,0.33980757271216877
L_711_790,0.41661232865443126
L_711_793,0.33802110047091
L_711_794,0.42459756068441001
L_711_796,0.42833467413301635
L_711_810,0.53263114209272477
L_711_817,0.45877937969585469
L_711_818,0.47967859149729464
L_711_825,0.34982469382450115
L_711_827,0.3970179632311433
L_711_829,0.49691077947103307
L_711_830,0.43034225165414175
L_711_831,0.48701506981451459
L_711_841,0.52226736635272442
L_711_842,0.4762383421934665
L_711_848,0.44950594719788162
L_711_849,0.51707868390241218
L_711_851,0.54897103240854528
L_711_853,0.38818972962271969
L_717_720,0.53195469426802211
L_717_723,0.64567362079673296
L_717_724,0.60493892219706091
L_717_725,0.48130996963477846
L_717_728,0.56526566813914414
L_717_731,0.55050412926121683
L_717_738,0.65445458629978437
L_717_749,0.70582737277125718
L_717_783,0.61098761108662447
L_717_787,0.45546092827078394
L_717_790,0.53226568421304643
L_717_793,0.45367445602952516
L_717_794,0.54025091624302513
L_717_796,0.54398802969163151
L_717_810,0.64828449765133989
L_717_817,0.57443273525446992
L_717_818,0.59533194705590975
L_717_825,0.46547804938311632
L_717_827,0.51267131878975847
L_717_829,0.61256413502964824
L_717_830,0.54599560721275697
L_717_831,0.60266842537312981
L_717_841,0.63792072191133953
L_717_842,0.59189169775208161
L_717_848,0.56515930275649684
L_717_849,0.63273203946102741
L_717_851,0.6646243879671605
L_717_853,0.50384308518133492
L_720_723,0.61371892652871085
L_720_724,0.5729842279290388
L_720_725,0.44935527536675635
L_720_728,0.53331097387112214
L_720_731,0.51854943499319472
L_720_738,0.62249989203176237
L_720_749,0.67387267850323518
L_720_783,0.57903291681860236
L_720_787,0.42350623400276183
L_720_790,0.50031098994502432
L_720_793,0.42171976176150305
L_720_794,0.50829622197500313
L_720_796,0.5120333354236094
L_720_810,0.61632980338331778
L_720_817,0.54247804098644781
L_720_818,0.56337725278788764
L_720_825,0.43352335511509421
L_720_827,0.48071662452173636
L_720_829,0.58060944076162613
L_720_830,0.51404091294473475
L_720_831,0.57071373110510759
L_720_841,0.60596602764331742
L_720_842,0.5599370034840595
L_720_848,0.53320460848847473
L_720_849,0.6007773451930053
L_720_851,0.63266969369913839
L_720_853,0.47188839091331275
L_723_724,0.45926530140032795
L_723_725,0.3356363488380455
L_723_728,0.41959204734241123
L_723_731,0.40483050846448387
L_723_738,0.50878096550305152
L_723_749,0.56015375197452433
L_723_783,0.46531399028989151
L_723_787,0.30978730747405098
L_723_790,0.38659206341631347
L_723_793,0.3080008352327922
L_723_794,0.39457729544629222
L_723_796,0.39831440889489855
L_723_810,0.50261087685460692
L_723_817,0.42875911445773696
L_723_818,0.44965832625917679
L_723_825,0.31980442858638336
L_723_827,0.36699769799302551
L_723_829,0.46689051423291528
L_723_830,0.40032198641602396
L_723_831,0.4569948045763968
L_723_841,0.49224710111460657
L_723_842,0.44621807695534865
L_723_848,0.41948568195976388
L_723_849,0.48705841866429445
L_723_851,0.51895076717042754
L_723_853,0.3581694643846019
L_724_725,0.37637104743771754
L_724_728,0.46032674594208328
L_724_731,0.44556520706415592
L_724_738,0.54951566410272346
L_724_749,0.60088845057419626
L_724_783,0.50604868888956356
L_724_787,0.35052200607372302
L_724_790,0.42732676201598552
L_724_793,0.34873553383246425
L_724_794,0.43531199404596427
L_724_796,0.4390491074945706
L_724_810,0.54334557545427897
L_724_817,0.469493813057409
L_724_818,0.49039302485884884
L_724_825,0.36053912718605541
L_724_827,0.40773239659269755
L_724_829,0.50762521283258732
L_724_830,0.441056685015696
L_724_831,0.49772950317606884
L_724_841,0.53298179971427861
L_724_842,0.4869527755550207
L_724_848,0.46022038055943593
L_724_849,0.52779311726396649
L_724_851,0.55968546577009959
L_724_853,0.39890416298427395
L_725_728,0.58395569850436568
L_725_731,0.56919415962643838
L_725_738,0.67314461666500591
L_725_749,0.72451740313647872
L_725_783,0.62967764145184602
L_725_787,0.47415095863600548
L_725_790,0.55095571457826797
L_725_793,0.47236448639474671
L_725_794,0.55894094660824667
L_725_796,0.56267806005685306
L_725_810,0.66697452801656143
L_725_817,0.59312276561969146
L_725_818,0.61402197742113129
L_725_825,0.48416807974833787
L_725_827,0.53136134915498001
L_725_829,0.63125416539486978
L_725_830,0.56468563757797852
L_725_831,0.62135845573835136
L_725_841,0.65661075227656107
L_725_842,0.61058172811730316
L_725_848,0.58384933312171838
L_725_849,0.65142206982624895
L_725_851,0.68331441833238205
L_725_853,0.52253311554655646
L_728_731,0.48523846112207264
L_728_738,0.58918891816064023
L_728_749,0.64056170463211304
L_728_783,0.54572194294748022
L_728_787,0.39019526013163974
L_728_790,0.46700001607390224
L_728_793,0.38840878789038097
L_728_794,0.47498524810388099
L_728_796,0.47872236155248732
L_728_810,0.58301882951219575
L_728_817,0.50916706711532567
L_728_818,0.53006627891676561
L_728_825,0.40021238124397213
L_728_827,0.44740565065061427
L_728_829,0.5472984668905041
L_728_830,0.48072993907361272
L_728_831,0.53740275723398556
L_728_841,0.57265505377219539
L_728_842,0.52662602961293747
L_728_848,0.49989363461735259
L_728_849,0.56746637132188316
L_728_851,0.59935871982801636
L_728_853,0.43857741704219066
L_731_738,0.60395045703856765
L_731_749,0.65532324351004045
L_731_783,0.56048348182540764
L_731_787,0.4049567990095671
L_731_790,0.4817615549518296
L_731_793,0.40317032676830833
L_731_794,0.48974678698180835
L_731_796,0.49348390043041468
L_731_810,0.59778036839012305
L_731_817,0.52392860599325308
L_731_818,0.54482781779469291
L_731_825,0.41497392012189949
L_731_827,0.46216718952854163
L_731_829,0.5620600057684314
L_731_830,0.49549147795154008
L_731_831,0.55216429611191287
L_731_841,0.58741659265012269
L_731_842,0.54138756849086478
L_731_848,0.51465517349528001
L_731_849,0.58222791019981057
L_731_851,0.61412025870594367
L_731_853,0.45333895592011803
L_738_749,0.55137278647147281
L_738_783,0.45653302478684005
L_738_787,0.30100634197099951
L_738_790,0.37781109791326201
L_738_793,0.29921986972974074
L_738_794,0.38579632994324076
L_738_796,0.38953344339184709
L_738_810,0.49382991135155552
L_738_817,0.41997814895468544
L_738_818,0.44087736075612538
L_738_825,0.3110234630833319
L_738_827,0.35821673248997404
L_738_829,0.45810954872986381
L_738_830,0.39154102091297249
L_738_831,0.44821383907334533
L_738_841,0.48346613561155516
L_738_842,0.43743711145229724
L_738_848,0.41070471645671236
L_738_849,0.47827745316124293
L_738_851,0.51016980166737613
L_738_853,0.34938849888155044
L_749_783,0.40516023831536724
L_749_787,0.2496335554995267
L_749_790,0.3264383114417892
L_749_793,0.24784708325826793
L_749_794,0.33442354347176795
L_749_796,0.33816065692037428
L_749_810,0.44245712488008271
L_749_817,0.36860536248321263
L_749_818,0.38950457428465257
L_749_825,0.25965067661185909
L_749_827,0.30684394601850123
L_749_829,0.406736762258391
L_749_830,0.34016823444149968
L_749_831,0.39684105260187252
L_749_841,0.43209334914008235
L_749_842,0.38606432498082444
L_749_848,0.35933192998523955
L_749_849,0.42690466668977012
L_749_851,0.45879701519590327
L_749_853,0.29801571241007763
L_783_787,0.34447331718415947
L_783_790,0.42127807312642196
L_783_793,0.34268684494290069
L_783_794,0.42926330515640071
L_783_796,0.43300041860500704
L_783_810,0.53729688656471541
L_783_817,0.46344512416784545
L_783_818,0.48434433596928528
L_783_825,0.35449043829649185
L_783_827,0.401683707703134
L_783_829,0.50157652394302377
L_783_830,0.43500799612613245
L_783_831,0.49168081428650529
L_783_841,0.52693311082471506
L_783_842,0.48090408666545714
L_783_848,0.45417169166987237
L_783_849,0.52174442837440294
L_783_851,0.55363677688053603
L_783_853,0.39285547409471039
L_787_790,0.57680475594226244
L_787_793,0.49821352775874123
L_787_794,0.58478998797224124
L_787_796,0.58852710142084752
L_787_810,0.692823569380556
L_787_817,0.61897180698368592
L_787_818,0.63987101878512587
L_787_825,0.51001712111233233
L_787_827,0.55721039051897447
L_787_829,0.65710320675886424
L_787_830,0.59053467894197298
L_787_831,0.64720749710234582
L_787_841,0.68245979364055565
L_787_842,0.63643076948129773
L_787_848,0.60969837448571285
L_787_849,0.67727111119024341
L_787_851,0.70916345969637651
L_787_853,0.54838215691055092
L_790_793,0.42140877181647873
L_790_794,0.50798523202997869
L_790_796,0.51172234547858508
L_790_810,0.61601881343829346
L_790_817,0.54216705104142349
L_790_818,0.56306626284286332
L_790_825,0.43321236517006989
L_790_827,0.48040563457671204
L_790_829,0.58029845081660181
L_790_830,0.51372992299971054
L_790_831,0.57040274116008338
L_790_841,0.6056550376982931
L_790_842,0.55962601353903518
L_790_848,0.53289361854345041
L_790_849,0.60046635524798098
L_790_851,0.63235870375411407
L_790_853,0.47157740096828843
L_793_794,0.58657646021349996
L_793_796,0.59031357366210635
L_793_810,0.69461004162181472
L_793_817,0.62075827922494475
L_793_818,0.64165749102638459
L_793_825,0.51180359335359116
L_793_827,0.5589968627602333
L_793_829,0.65888967900012307
L_793_830,0.59232115118323181
L_793_831,0.64899396934360465
L_793_841,0.68424626588181436
L_793_842,0.63821724172255645
L_793_848,0.61148484672697168
L_793_849,0.67905758343150224
L_793_851,0.71094993193763534
L_793_853,0.55016862915180975
L_794_796,0.50373711344860639
L_794_810,0.60803358140831476
L_794_817,0.53418181901144468
L_794_818,0.55508103081288462
L_794_825,0.42522713314009114
L_794_827,0.47242040254673329
L_794_829,0.57231321878662311
L_794_830,0.50574469096973174
L_794_831,0.56241750913010458
L_794_841,0.5976698056683144
L_794_842,0.55164078150905649
L_794_848,0.5249083865134716
L_794_849,0.59248112321800217
L_794_851,0.62437347172413538
L_794_853,0.46359216893830968
L_796_810,0.60429646795970837
L_796_817,0.5304447055628384
L_796_818,0.55134391736427824
L_796_825,0.42149001969148481
L_796_827,0.46868328909812695
L_796_829,0.56857610533801672
L_796_830,0.50200757752112546
L_796_831,0.5586803956814983
L_796_841,0.59393269221970801
L_796_842,0.5479036680604501
L_796_848,0.52117127306486533
L_796_849,0.58874400976939589
L_796_851,0.62063635827552899
L_796_853,0.45985505548970335
L_810_817,0.42614823760312998
L_810_818,0.44704744940456986
L_810_825,0.31719355173177644
L_810_827,0.36438682113841858
L_810_829,0.46427963737830835
L_810_830,0.39771110956141698
L_810_831,0.45438392772178982
L_810_841,0.48963622425999964
L_810_842,0.44360720010074173
L_810_848,0.4168748051051569
L_810_849,0.48444754180968747
L_810_851,0.51633989031582062
L_810_853,0.35555858752999492
L_817_818,0.52089921180143994
L_817_825,0.3910453141286464
L_817_827,0.43823858353528855
L_817_829,0.53813139977517832
L_817_830,0.47156287195828706
L_817_831,0.5282356901186599
L_817_841,0.56348798665686961
L_817_842,0.51745896249761181
L_817_848,0.49072656750202692
L_817_849,0.55829930420655749
L_817_851,0.59019165271269058
L_817_853,0.429410349926865
L_818_825,0.37014610232720657
L_818_827,0.41733937173384872
L_818_829,0.51723218797373849
L_818_830,0.45066366015684711
L_818_831,0.50733647831721995
L_818_841,0.54258877485542978
L_818_842,0.49655975069617186
L_818_848,0.46982735570058703
L_818_849,0.53740009240511766
L_818_851,0.56929244091125075
L_818_853,0.40851113812542506
L_825_827,0.54719326940664215
L_825_829,0.64708608564653192
L_825_830,0.58051755782964065
L_825_831,0.63719037599001349
L_825_841,0.67244267252822321
L_825_842,0.62641364836896529
L_825_848,0.59968125337338052
L_825_849,0.66725399007791109
L_825_851,0.69914633858404418
L_825_853,0.53836503579821859
L_827_829,0.59989281623988977
L_827_830,0.5333242884229985
L_827_831,0.58999710658337134
L_827_841,0.62524940312158106
L_827_842,0.57922037896232315
L_827_848,0.55248798396673837
L_827_849,0.62006072067126894
L_827_851,0.65195306917740203
L_827_853,0.49117176639157639
L_829_830,0.43343147218310868
L_829_831,0.49010429034348152
L_829_841,0.52535658688169129
L_829_842,0.47932756272243338
L_829_848,0.4525951677268486
L_829_849,0.52016790443137917
L_829_851,0.55206025293751226
L_829_853,0.39127895015168662
L_830_831,0.55667281816037284
L_830_841,0.59192511469858267
L_830_842,0.54589609053932475
L_830_848,0.51916369554373987
L_830_849,0.58673643224827043
L_830_851,0.61862878075440353
L_830_853,0.45784747796857794
L_831_841,0.53525229653820983
L_831_842,0.48922327237895191
L_831_848,0.46249087738336703
L_831_849,0.53006361408789759
L_831_851,0.56195596259403069
L_831_853,0.4011746598082051
L_841_842,0.45397097584074209
L_841_848,0.42723858084515726
L_841_849,0.49481131754968782
L_841_851,0.52670366605582097
L_841_853,0.36592236326999528
L_842_848,0.47326760500441517
L_842_849,0.54084034170894579
L_842_851,0.57273269021507889
L_842_853,0.41195138742925319
L_848_849,0.56757273670453057
L_848_851,0.59946508521066366
L_848_853,0.43868378242483808
L_849_851,0.53189234850613309
L_849_853,0.37111104572030751
L_851_853,0.33921869721417436
