720,Ohio St.,52.8520,12,42.2849,1,70.1180,142,9.1261,159,46.8677,131,33.9678,148,73.7101,339,8.5921,123,32.7343,170,34.5648,232,57.7188,83,50.5967,85,0.1103,58,0.0629,1,4.6
513,Arkansas Little Rock,42.4366,331,39.3162,14,69.7009,159,7.0922,259,50.0887,263,34.1021,156,70.6700,245,10.2208,256,32.3562,182,34.9856,241,51.0013,226,54.9223,210,0.0863,226,0.0634,2,6.6
807,UC Irvine,45.8048,259,34.7692,158,73.7255,44,4.6167,333,49.9129,259,32.9446,91,71.7949,298,7.5342,53,35.7536,99,37.4046,298,49.1459,279,53.0663,147,0.0889,206,0.0638,3,4.7
714,Northern Iowa,48.5623,142,34.3750,172,76.3293,11,5.4134,323,48.9173,224,37.7224,318,69.6060,180,9.4782,201,42.8484,14,35.6147,262,49.5702,265,54.3018,187,0.0849,241,0.0661,4,6.7
756,San Jose St.,41.5242,338,36.8620,60,75.2762,26,6.5833,287,49.2500,238,34.0909,155,68.7412,133,8.0484,85,27.3668,293,35.4839,257,49.2288,278,56.8627,264,0.0766,294,0.0663,5,1.6
849,Wisconsin,48.8722,120,37.3656,50,81.8011,1,9.0284,165,45.2279,65,36.9835,299,74.3542,343,5.7331,2,41.1504,23,29.3868,61,55.2632,127,46.0993,21,0.0616,341,0.0678,6,12.8
670,Michigan,51.7375,24,35.3393,115,70.3704,134,6.0714,311,49.3750,240,32.0417,43,68.0734,108,9.5560,204,42.9829,13,37.4651,299,56.8966,96,56.5104,254,0.0765,297,0.0689,7,0.5
831,Virginia Tech,50.6677,58,33.0420,228,70.9720,118,10.4603,95,46.8619,130,32.1646,49,65.8579,28,8.7981,144,31.0027,223,35.4403,253,50.9592,230,53.6965,162,0.0991,123,0.0695,8,2.7
748,South Dakota St.,49.3392,104,41.1024,4,73.1392,56,6.1655,308,50.5068,280,40.1728,342,70.4830,234,8.1938,93,35.8757,96,28.1117,38,51.8879,205,46.5561,28,0.0854,234,0.0699,9,11.5
851,Wright St.,46.9929,205,35.9375,85,74.2905,38,3.5484,342,53.6559,335,32.2835,55,70.8800,260,9.8879,234,36.9942,69,35.3268,251,47.4551,312,51.5837,113,0.0992,122,0.0713,10,10.8
610,Hampton,44.6753,296,32.0695,276,64.4986,302,14.1946,13,41.0686,3,31.7857,35,67.2231,66,9.0043,164,35.4027,111,30.8710,101,51.4604,215,46.3203,25,0.1044,83,0.0725,11,10.6
745,Robert Morris,45.1640,281,35.7143,91,68.4543,197,6.6132,286,46.7936,126,33.8211,134,67.0412,57,7.7376,63,33.6125,147,38.1277,314,57.9787,81,58.6667,299,0.1133,45,0.0729,12,2.8
743,Richmond,49.8822,82,39.0476,16,68.7211,191,10.7714,79,44.7533,53,30.6189,17,68.7188,131,7.6198,58,36.6036,78,29.9075,77,59.4360,56,49.8798,74,0.0932,169,0.0729,13,7.0
569,Dayton,43.5842,309,35.5263,100,67.7279,219,8.6562,192,46.9085,133,32.3329,57,67.4699,77,9.3907,193,32.9004,165,37.6670,305,61.6921,23,56.6998,259,0.0711,321,0.0732,14,1.9
817,Nevada Las Vegas,51.4867,32,32.9749,229,68.9415,181,10.4131,98,44.3201,37,32.8696,86,69.6662,185,6.5728,12,30.3922,240,33.1031,193,60.2138,41,50.8523,91,0.1202,28,0.0740,15,9.5
526,Boise St.,48.5915,140,34.1753,181,71.8327,91,8.1882,212,49.8258,256,38.0035,323,71.2383,281,9.4679,200,34.4951,130,33.2170,195,50.7638,236,50.6971,89,0.1245,14,0.0743,16,13.3
739,Quinnipiac,45.6832,261,34.4488,166,61.1191,339,9.5808,138,45.6801,83,33.6414,122,67.7903,94,6.7301,18,25.6695,323,31.6374,136,58.7957,71,52.6536,137,0.0734,313,0.0761,17,12.5
818,Southern California,48.5259,145,35.3553,113,65.1235,289,8.3871,203,44.3548,38,33.5088,116,70.1378,211,7.8884,73,31.4956,211,31.4917,129,49.4465,269,46.1538,22,0.0905,193,0.0764,18,12.6
789,Temple,48.6765,136,35.3345,116,69.8171,154,11.2635,63,43.5379,23,35.7553,247,70.8333,255,7.7206,62,30.0051,249,27.4109,25,58.8710,70,49.2405,63,0.1027,92,0.0765,19,10.8
731,Pittsburgh,50.5170,65,39.4531,12,67.0807,242,8.9516,174,43.2258,19,32.6230,70,67.5585,80,10.4136,262,27.4384,292,32.9730,187,67.1558,3,53.6054,157,0.0738,312,0.0770,20,4.9
793,Texas,48.1458,160,37.5701,41,65.4144,282,11.7383,51,41.9500,5,29.4545,6,68.5185,121,6.7136,16,25.4883,324,26.0787,12,50.8386,234,41.9118,5,0.0837,246,0.0773,21,16.4
772,Southern Mississippi,48.4622,148,35.4916,101,72.7931,67,10.4830,94,45.8376,87,35.6261,238,67.5119,78,7.9800,81,25.7407,321,36.8182,288,44.7332,328,52.6235,135,0.0814,269,0.0773,22,5.9
754,San Diego St.,50.2477,72,34.1584,182,69.8565,152,12.0920,38,42.7300,13,31.5697,32,71.6418,292,6.8648,24,30.0149,248,29.6084,70,50.2726,245,49.0066,57,0.0947,155,0.0774,23,9.1
676,Missouri,50.1754,75,36.2364,76,73.4838,51,12.2172,36,48.4163,196,34.3066,164,69.3316,164,6.5965,13,31.0928,221,29.2423,58,56.3291,101,53.8554,168,0.1317,7,0.0775,24,7.9
717,Notre Dame,50.7117,55,38.5593,21,72.4305,78,9.5952,135,43.5532,24,35.3474,223,71.0372,270,10.0534,245,38.6463,47,33.1663,194,66.7853,4,56.0736,243,0.0700,325,0.0777,25,0.0
571,Delaware St.,46.9565,207,34.0741,185,72.4566,77,10.2317,104,54.3436,340,35.9375,250,67.2098,65,9.3478,188,36.9863,72,27.0423,18,50.9740,229,54.0656,174,0.1284,10,0.0777,26,4.6
611,Hartford,45.8850,254,30.4948,314,60.0484,342,8.6130,195,48.7696,209,36.5354,282,72.0539,307,10.9357,289,49.4875,2,41.5304,338,54.6131,141,57.9341,286,0.1218,22,0.0779,27,-1.5
729,Penn St.,49.6396,89,33.8558,195,72.4265,79,7.4343,251,48.3228,194,36.4907,280,69.7446,192,11.4414,309,36.4989,81,36.8632,290,53.8462,156,62.7604,331,0.0741,309,0.0781,28,-5.8
725,Oregon,46.7041,215,34.0127,187,74.0088,41,7.8416,232,49.3789,241,37.0079,303,70.8049,252,10.7994,282,35.5043,108,37.1707,294,55.9486,112,56.6449,257,0.1176,32,0.0781,29,0.5
528,Boston University,43.2916,317,35.4752,103,72.9496,61,10.5306,92,44.4082,39,32.4728,68,70.4392,230,10.9123,287,40.0536,33,37.5319,303,46.0614,321,53.8953,169,0.0854,235,0.0782,30,-2.7
770,South Dakota,49.7453,86,33.4400,210,67.7519,218,6.4565,294,48.8739,219,31.9608,40,69.0049,142,7.2156,37,34.6644,126,27.6873,29,51.4465,216,51.7199,118,0.0838,245,0.0782,31,8.9
527,Boston College,52.3810,18,38.1546,25,72.3842,83,6.7504,278,49.5290,248,35.3111,221,70.8661,258,10.5714,271,43.3045,11,35.1654,247,60.3972,38,51.6571,115,0.0765,296,0.0784,32,-1.1
640,Kentucky,48.8482,122,39.7454,9,70.9759,117,15.5296,6,42.4301,8,32.3575,58,72.3404,318,8.9431,161,32.3866,180,29.6618,72,48.1038,297,48.5516,44,0.0832,251,0.0793,33,9.1
523,Bethune Cookman,46.6060,221,31.3625,294,70.2265,138,6.3913,299,52.8024,328,35.7143,242,66.5185,42,9.5199,202,24.3582,333,31.2373,110,48.6131,287,48.7179,45,0.1013,99,0.0794,34,12.6
808,UC Riverside,44.1998,301,35.1598,127,68.1051,206,11.6228,54,47.6974,170,38.4146,331,71.0611,271,6.4352,7,27.0537,299,41.8367,342,49.8521,259,57.0597,267,0.0805,272,0.0795,35,-3.2
643,Lamar,44.8370,291,35.0282,137,68.4615,196,9.4150,152,49.4516,243,33.9207,145,68.9249,138,9.1486,173,32.4771,177,29.3282,60,49.9266,253,52.6619,138,0.0909,187,0.0796,36,9.2
830,Virginia,42.9961,321,38.7650,19,68.9922,179,8.8547,185,47.8345,175,36.3002,268,68.1720,111,11.9650,326,36.1887,87,35.5459,259,52.9940,176,46.9504,32,0.0929,171,0.0799,37,8.2
578,Duquesne,51.4808,33,35.6612,93,62.5162,326,14.1509,15,46.7410,123,33.5088,116,68.5583,124,10.3659,260,36.9577,73,32.8341,181,65.1023,8,54.0761,175,0.1373,4,0.0801,38,4.2
689,North Dakota St.,49.4746,96,36.6584,65,69.3811,169,5.8459,315,48.3614,195,34.0633,154,73.0964,332,10.6830,276,25.9883,318,26.6883,14,49.7191,262,45.1895,12,0.0801,275,0.0801,39,15.4
706,NJ Inst of Technology,45.0358,283,35.4839,102,62.1242,331,9.9778,118,47.7827,172,35.4839,231,69.6923,188,10.9519,290,35.0399,121,35.4793,256,49.9203,254,59.9671,314,0.0803,274,0.0803,40,4.9
653,Loyola MD,45.2650,276,33.8983,194,70.5600,129,10.7438,83,48.5124,201,33.8462,135,69.2308,158,9.2094,177,31.5696,208,24.3750,4,50.9272,231,46.5925,29,0.0975,137,0.0805,41,17.3
539,California,50.1541,76,35.1351,128,69.4511,166,7.0234,263,47.9097,177,36.3762,271,68.9815,141,7.2419,39,27.0377,300,37.6759,306,60.1220,46,51.3158,101,0.0814,268,0.0806,42,3.8
536,Brigham Young,50.2187,73,35.9281,86,76.2188,15,9.9591,120,45.2251,64,33.2815,104,68.7853,135,8.8192,148,37.8342,58,30.4884,96,52.0728,198,51.8814,121,0.1132,46,0.0808,43,9.6
564,Cal St. Fullerton,48.1949,157,36.6603,64,71.6788,99,4.3129,340,50.2508,270,37.0703,307,72.4796,322,9.7473,216,31.9828,195,40.1561,331,51.3103,219,58.3445,291,0.0754,302,0.0812,44,-1.9
840,Washington,52.5365,16,37.1498,52,67.4157,230,12.2687,34,45.3050,70,32.7957,84,67.9820,106,6.7408,19,36.3274,84,27.6648,27,55.8907,114,45.6161,15,0.0920,180,0.0813,45,16.4
715,Northwestern,51.2476,38,37.4853,44,72.9825,58,9.2295,156,52.5826,324,34.9565,203,70.0461,207,11.8042,321,44.9551,6,32.7449,176,66.1196,5,56.8127,262,0.1038,87,0.0814,46,4.9
733,Portland St.,48.3254,153,35.1119,132,72.8000,66,5.4795,318,53.8527,337,35.0000,207,67.7734,92,8.8038,146,35.7319,100,31.6159,135,52.4683,188,51.7115,116,0.0876,219,0.0816,47,2.5
552,Cleveland St.,48.0433,163,34.1501,183,73.6424,47,7.1603,256,46.5419,114,32.2638,54,68.0939,109,11.8235,323,35.2211,118,31.3408,119,49.5000,267,57.5033,277,0.1120,49,0.0816,48,4.6
751,Sam Houston St.,51.6717,28,30.6084,310,68.4882,195,6.4741,290,50.4980,279,33.4101,112,68.5965,125,7.4975,51,34.7654,123,30.1808,84,67.6602,2,60.2761,317,0.1070,71,0.0818,49,6.3
722,Oklahoma St.,48.7585,130,29.5455,333,72.4939,75,8.1150,218,44.8014,55,34.0000,152,73.5404,336,8.8036,145,26.6961,305,33.6511,210,42.7307,335,52.0436,124,0.0998,114,0.0819,50,9.4
644,Lehigh,45.4980,269,32.8244,244,75.5448,22,9.6434,131,46.1912,99,36.0000,255,68.3599,117,9.9602,240,29.4547,254,31.7855,142,49.9327,252,55.4698,226,0.1057,77,0.0819,51,5.9
535,Butler,47.9463,168,35.2130,123,72.4138,80,4.5382,334,48.0096,181,32.1739,51,67.4142,75,8.7678,137,38.6628,46,35.4573,254,49.0991,280,48.4848,42,0.0895,200,0.0821,52,9.1
585,Elon,47.2727,198,35.4701,104,72.2403,86,6.2162,307,50.7207,284,39.1393,340,67.3701,73,10.1136,250,44.3742,7,30.5382,98,56.6917,99,48.0106,38,0.0745,308,0.0822,53,10.4
590,Florida Atlantic,48.6865,135,32.2515,267,65.0155,291,12.1762,37,46.5458,115,35.0220,208,69.8908,200,8.8441,150,30.1529,243,28.1638,39,48.9510,282,44.8424,9,0.0920,178,0.0823,54,12.5
533,Bucknell,46.6929,216,40.0000,7,78.8310,3,8.8555,184,44.1103,30,31.6932,34,69.7428,191,7.0079,30,31.5364,209,36.5996,284,59.3712,60,56.4926,253,0.0710,322,0.0825,55,2.5
561,Cornell,44.7745,293,37.4069,46,68.9024,184,7.1795,255,51.1795,299,34.4398,172,72.2481,315,11.5512,314,42.4684,17,33.0817,190,61.7021,22,57.8947,285,0.0997,117,0.0825,56,6.1
781,St. Mary's,53.6028,7,39.4469,13,76.0656,16,8.2171,211,46.8992,132,36.9863,300,69.5788,178,8.1722,92,37.6438,61,25.3472,7,58.9103,69,43.4159,6,0.1012,101,0.0826,57,19.3
769,South Carolina,43.9145,306,31.2689,295,66.2745,266,15.7761,5,45.5471,75,35.0294,209,68.8156,136,8.0592,87,35.2503,117,30.2367,90,44.1296,332,53.9106,170,0.1002,110,0.0828,58,5.8
580,Eastern Kentucky,48.9209,117,35.9177,87,73.7805,42,7.0248,262,50.3099,272,37.1622,313,68.5338,122,10.9113,286,43.1105,12,31.4448,125,60.7874,28,57.3620,272,0.0933,167,0.0829,59,7.0
822,Utah St.,51.6511,29,35.6747,92,73.6278,48,8.9820,171,42.5150,10,30.0687,10,67.7686,91,7.9594,79,31.4170,212,33.2381,197,58.5305,76,52.0833,125,0.0728,315,0.0831,60,8.8
719,Ohio,47.9638,166,35.4223,106,71.7815,96,6.6971,281,49.3912,242,35.4642,230,69.8352,198,9.8039,224,35.6311,105,33.3333,198,59.4866,54,54.4218,193,0.1118,51,0.0832,61,5.5
602,George Mason,50.4666,68,39.5470,11,68.9415,181,8.9358,175,45.4915,74,32.6299,72,67.8511,97,8.5537,120,30.8602,226,33.3514,199,55.1370,131,51.6426,114,0.1009,103,0.0832,62,5.3
530,Bradley,45.8434,257,33.9869,188,72.5000,74,7.5655,246,49.0786,231,33.8633,136,72.1260,310,7.5061,52,27.0318,301,37.8916,312,49.8619,256,64.6732,343,0.0930,170,0.0833,63,-2.9
846,Wichita St.,53.0387,10,35.2691,120,74.6055,33,10.4522,96,43.8844,28,33.3333,106,70.2467,219,7.9716,80,35.7831,98,29.1492,55,59.8263,49,46.3320,26,0.0881,212,0.0834,64,15.9
832,Virginia Military Inst,50.9677,43,36.6791,63,70.4202,132,9.0343,164,50.8567,293,34.3284,165,68.4044,119,9.1398,171,46.4594,3,26.7541,15,48.1818,295,54.4226,194,0.0956,150,0.0834,65,5.6
791,Tennessee St.,46.9478,208,37.6164,38,75.4011,24,8.9844,170,50.4883,277,34.2967,163,67.7536,89,9.4340,197,37.3435,64,33.6358,208,54.8800,136,55.3957,223,0.0981,131,0.0835,66,0.3
631,IUPUI,51.8135,23,34.9810,142,78.3088,4,6.7616,277,53.2918,331,36.2676,265,69.0832,148,7.8584,71,31.2352,216,33.5697,205,41.0714,343,55.1553,218,0.0944,157,0.0837,67,-0.6
576,Drexel,45.6753,262,30.9524,305,61.4934,335,7.1309,258,44.2114,34,28.5388,1,68.6786,129,11.9879,327,22.2877,341,26.8712,16,48.4006,292,45.0920,11,0.0644,338,0.0837,68,18.7
621,Idaho St.,44.3820,299,30.1508,320,70.3827,133,9.4421,149,50.0000,260,38.3743,329,70.8402,257,8.7079,132,27.1487,295,36.2081,275,41.7508,338,58.4454,295,0.1031,91,0.0839,69,-2.1
855,Youngstown St.,46.5025,228,33.4347,212,61.2903,337,11.7698,49,49.6949,252,36.3839,273,68.9459,139,6.6010,14,39.3305,43,28.0878,37,59.5376,52,54.2974,186,0.0886,208,0.0840,70,9.8
791,East Tennessee St.,48.8424,123,34.6080,162,67.6719,222,11.0553,68,44.8911,57,34.1598,159,66.4201,41,9.3353,186,28.0881,280,37.8125,309,43.7126,334,53.0612,146,0.0999,111,0.0840,71,1.0
599,George Washington,45.1064,282,33.6414,204,62.6935,324,12.2510,35,46.8127,129,36.4975,281,70.8688,259,9.4468,198,31.5268,210,37.8328,310,52.1067,197,59.5960,307,0.0984,128,0.0841,72,-1.6
577,Duke,52.4510,17,37.4036,47,75.3027,25,9.7064,126,43.1396,18,32.4125,65,65.0382,14,7.3529,43,35.2675,115,24.5479,5,50.8654,233,48.8839,53,0.1033,89,0.0841,73,11.9
677,Missouri Kansas City,49.8378,84,34.8694,151,66.1491,270,6.6667,282,52.0721,317,36.5805,287,71.4286,286,8.9730,162,41.3071,20,31.1841,109,45.3488,323,54.1995,183,0.0898,199,0.0842,74,4.7
662,Maryland,50.5175,64,34.7926,156,67.6623,223,11.1524,65,44.2379,35,32.3575,58,69.5431,175,7.6973,60,21.9192,342,32.5476,170,59.7639,50,52.9193,144,0.0935,164,0.0842,75,4.1
623,Illinois,50.5344,62,38.6667,20,72.9128,65,12.0731,40,45.6712,82,30.5060,14,72.3101,317,7.2519,40,31.4136,213,34.8006,236,63.5347,13,53.2051,150,0.0830,253,0.0843,76,2.3
737,Providence,47.9462,169,31.5007,288,66.9312,247,10.0212,115,49.8236,255,32.7055,76,70.8819,261,9.7834,221,33.4493,153,29.1854,57,46.7213,316,54.6265,199,0.1078,68,0.0845,77,2.6
642,Lafayette,47.5345,185,35.2679,121,75.9350,17,6.6138,285,49.7354,253,35.4344,229,70.5968,242,9.8619,232,39.8577,37,34.1081,216,63.2823,14,52.4611,130,0.0874,220,0.0846,78,6.0
629,Iowa St.,47.7528,175,36.8139,61,72.1063,87,9.0076,168,46.2595,106,33.6434,123,69.1228,151,9.9518,238,37.4812,63,32.9923,188,55.1724,129,53.7060,164,0.0943,158,0.0851,79,2.6
517,Army,45.2128,278,36.9253,58,71.6327,102,4.6305,332,49.6552,251,36.6025,288,69.3475,167,11.8085,322,42.5428,15,36.0025,273,56.8915,97,59.3268,303,0.0797,279,0.0852,80,1.8
820,Texas San Antonio,46.4711,229,35.6551,94,71.8795,88,6.4426,295,47.9925,180,33.9105,144,70.4969,237,9.6242,209,35.5962,107,39.2857,322,53.3241,169,55.5407,230,0.0980,133,0.0853,81,-1.5
736,Princeton,50.4872,67,36.7387,62,73.5000,50,10.5960,90,46.0265,92,33.3333,106,72.0890,309,10.8946,285,31.0745,222,26.8765,17,53.7649,159,49.0057,55,0.0908,188,0.0854,82,15.3
788,Texas Christian,47.7577,174,34.9673,143,67.4074,231,6.3140,306,52.7304,326,32.9489,93,69.5527,176,8.7333,134,32.5013,176,34.1203,217,57.7345,82,57.5795,279,0.0926,174,0.0854,83,5.9
724,Oral Roberts,51.4768,34,36.5530,68,71.6792,98,7.4627,249,50.3731,274,35.5357,235,73.7037,338,8.4388,112,27.0769,298,29.4737,67,48.2162,294,47.1396,34,0.0823,260,0.0857,84,13.1
515,Arkansas,47.1392,200,36.2345,77,69.5461,163,13.9464,18,44.9808,59,31.4961,30,72.6795,326,12.3826,332,32.4683,178,28.0199,36,49.3386,274,49.3976,67,0.1049,81,0.0858,85,8.9
636,Kansas,56.8442,1,38.1690,24,67.8654,212,10.6844,86,44.4832,42,29.7619,9,73.0273,330,6.9454,29,32.3757,181,34.5521,231,60.5027,35,49.6520,71,0.1108,57,0.0860,86,7.7
761,Southeastern Louisiana,46.0978,249,32.0675,277,72.3881,82,9.0099,167,49.8020,254,36.3868,274,67.5393,79,11.8626,324,33.0314,161,28.0114,35,57.9832,80,48.7616,46,0.0902,195,0.0862,87,12.8
853,Xavier,52.0443,20,32.8897,238,74.7354,30,8.6726,191,44.1593,33,33.9315,146,72.9508,329,8.8586,152,30.9412,224,35.1692,248,54.0816,150,59.1231,301,0.0820,264,0.0863,88,1.6
615,Hofstra,47.9634,167,35.3982,108,76.3955,10,10.6764,87,47.1068,143,37.9928,322,71.0191,268,6.4838,9,31.9570,196,31.2605,111,54.4402,143,57.8481,284,0.0958,147,0.0863,89,1.4
502,Air Force,53.2741,9,37.9962,27,70.0361,146,8.5057,198,47.0115,140,34.2593,162,70.9677,265,10.5438,270,36.9930,71,46.4945,345,69.3098,1,64.2216,339,0.0991,125,0.0863,90,-11.8
694,North Carolina Central,48.1567,158,35.1738,125,71.1765,110,8.1655,214,52.5727,323,32.1862,52,71.9328,305,9.6774,212,36.0354,93,35.5908,261,48.1356,296,54.3720,191,0.1018,98,0.0864,91,3.8
616,Holy Cross,48.5395,144,32.5991,254,64.9913,293,9.6717,130,47.2937,151,33.7079,128,70.7143,249,9.1924,176,28.0593,283,32.1493,154,53.9972,153,53.9972,173,0.0611,343,0.0865,92,3.7
509,American,50.5263,63,33.7522,198,71.8333,90,7.6174,242,44.6413,49,36.0825,258,72.8477,327,6.2201,5,34.7690,122,30.0496,82,60.0559,47,51.8409,120,0.0651,337,0.0866,93,11.4
795,Texas St.,49.4524,98,32.5758,255,67.6623,223,7.7787,234,52.0311,316,33.7058,127,69.0349,144,6.0657,3,30.7872,229,31.7001,138,50.9881,227,54.6616,201,0.0972,138,0.0866,94,7.5
503,Akron,46.9453,209,36.0419,83,70.6070,127,8.7823,187,46.0517,95,32.1008,47,66.7109,45,6.7524,20,38.0169,54,30.5128,97,57.6251,86,51.4110,106,0.0934,165,0.0867,95,9.4
700,New Hampshire,42.6724,325,28.9308,339,61.0487,340,8.3493,205,44.5298,45,33.4047,111,67.3111,71,9.9138,236,40.6650,29,30.9476,103,48.1034,298,40.9677,4,0.0676,329,0.0868,96,14.3
741,Rhode Island,47.2536,199,33.6565,203,70.0840,145,10.6591,88,48.9015,223,30.1370,11,67.5753,81,8.8045,147,36.8367,75,34.8356,238,50.1208,249,55.6946,231,0.0976,136,0.0871,97,1.9
779,Saint Joseph's,46.2597,238,32.7532,250,70.7038,124,14.4569,11,46.9649,138,36.7381,293,70.4791,233,9.6303,210,35.2089,119,32.6520,174,55.3020,126,62.8853,332,0.0788,284,0.0872,98,-3.4
511,Arizona,51.0235,41,39.7315,10,74.6385,31,6.4601,293,50.4285,275,29.2642,3,67.8295,96,9.7801,220,36.0950,90,28.2742,42,55.3148,125,52.7660,141,0.0764,298,0.0872,99,10.1
848,Winthrop,44.5968,297,30.2326,319,64.0336,312,9.4378,150,46.2851,108,34.3808,169,69.1419,155,9.5968,206,23.7861,336,35.1984,249,47.9104,302,54.0958,177,0.1070,70,0.0873,100,4.7
713,Northern Arizona,50.5164,66,42.1978,2,67.3507,233,10.7763,78,45.9361,89,32.7273,78,71.1948,279,8.8640,153,28.1385,278,33.4347,202,63.7997,12,50.6589,86,0.0899,197,0.0873,101,6.2
635,James Madison,49.1051,113,37.7609,35,71.0602,114,10.3015,100,46.2312,103,36.2179,263,71.6440,293,9.0272,166,29.0839,261,34.3234,224,54.8193,138,52.9563,145,0.0801,276,0.0878,102,5.6
738,Purdue,48.7805,128,36.4341,72,71.4710,105,10.5224,93,44.8507,56,32.6255,71,69.7345,190,8.3841,106,32.9586,164,27.8794,32,61.4857,25,55.4545,224,0.0936,162,0.0878,103,7.7
674,Mississippi,49.6732,88,35.1351,128,75.5848,21,14.0406,16,46.0998,97,34.9259,201,71.8919,303,9.3954,195,37.6782,60,32.1334,153,47.8111,305,59.7758,312,0.0779,287,0.0879,104,2.4
726,Oregon St.,48.0833,161,30.3605,316,68.1275,205,6.8205,274,52.2568,319,37.3752,314,67.6145,83,9.4167,196,30.5153,237,41.2839,336,50.7463,237,59.7701,311,0.1342,6,0.0879,105,-3.9
639,Kent St.,47.7377,176,33.4454,209,66.7131,256,10.2384,103,47.3352,154,31.2782,25,65.2439,16,9.7705,217,28.0660,282,31.8030,143,52.4272,190,54.8131,206,0.1112,55,0.0880,106,1.7
764,Seton Hall,46.6178,220,30.6056,311,67.1875,237,9.0164,166,46.0656,96,31.4342,28,65.5120,26,11.3284,301,33.2427,155,29.4390,63,55.5995,118,50.6925,88,0.1057,76,0.0880,107,10.9
560,Coppin St.,45.9670,252,36.3167,75,71.6505,101,6.0976,310,48.6789,205,34.2532,161,67.1902,64,10.7872,281,36.0870,91,38.5000,318,44.7368,327,56.5217,255,0.0997,116,0.0882,108,-3.4
854,Yale,48.5417,143,34.1935,178,73.4043,53,10.9009,74,45.0450,61,34.8449,197,70.3971,229,10.1042,247,32.6316,172,27.4035,24,53.6000,163,46.5944,30,0.0682,327,0.0883,109,15.6
825,Virginia Commonwealth,48.0153,164,36.9684,55,71.4806,104,9.0968,162,48.6680,204,33.5855,118,67.7763,93,11.4504,311,41.1765,22,30.0455,81,60.2273,40,53.3471,152,0.1239,17,0.0884,110,4.6
657,Maine,50.8475,48,35.0097,138,69.9675,147,9.1682,158,44.8960,58,37.0826,310,70.9259,264,8.8734,154,34.0132,141,34.9723,240,53.9797,154,57.1429,268,0.0821,263,0.0884,111,-0.7
520,Ball St.,48.6438,138,33.7349,199,69.0601,177,5.3249,324,47.3827,155,33.8889,142,66.2188,34,9.6745,211,27.2847,294,32.7670,179,60.1770,43,53.9548,172,0.0936,163,0.0885,112,2.7
649,Longwood,49.2110,108,33.9858,189,69.4497,167,3.4422,344,56.5755,344,36.1004,259,70.9091,262,7.3964,45,35.6599,102,31.3749,121,58.9855,67,55.9179,238,0.0753,305,0.0886,113,1.7
829,Villanova,48.2305,156,34.7682,159,75.6827,19,10.7296,84,45.4077,71,32.0122,41,70.8271,254,9.7119,214,33.2051,156,36.0242,274,56.5327,100,59.8106,313,0.0951,153,0.0887,114,-0.8
556,Colorado,51.0270,40,37.6451,37,77.8824,5,7.0556,261,48.7110,206,36.4845,279,70.3125,226,7.7664,65,27.9037,286,31.4737,128,50.0978,250,54.1969,182,0.0968,140,0.0887,115,4.7
776,St. Francis NY,45.8498,255,31.0550,301,66.2222,268,6.4632,292,49.4614,244,32.3877,62,68.2403,113,9.1897,175,39.9407,36,27.5211,26,51.8574,206,55.5233,229,0.1155,38,0.0888,116,9.7
642,Louisiana Lafayette,46.4610,230,34.5771,163,67.4174,229,11.3043,62,47.5362,166,34.3891,171,70.4512,231,9.6189,208,26.7287,304,29.9255,78,41.3210,341,44.5652,8,0.0789,283,0.0890,117,16.0
524,Binghamton,42.5662,327,35.3566,112,70.1075,144,8.9631,172,48.5940,202,38.0789,326,69.6429,183,10.4888,267,40.1584,32,33.8757,213,51.9201,204,52.2581,127,0.0814,271,0.0891,118,-1.6
678,Missouri St.,49.4234,101,37.5776,40,72.9577,59,8.0658,220,48.9428,226,34.7573,190,69.2939,159,9.8847,233,34.6609,128,28.7388,47,55.1069,132,46.5174,27,0.0783,285,0.0893,119,14.1
687,Murray St.,48.7636,129,37.8661,31,70.6821,126,7.9961,225,47.5915,169,35.3081,220,69.8675,199,7.9130,76,32.1021,191,28.9041,52,59.3472,61,51.3219,103,0.1166,36,0.0894,120,12.9
850,Wofford,50.4412,69,39.9594,8,69.2802,172,6.8966,272,48.7570,208,34.8148,194,71.8329,299,8.0882,88,26.6055,308,30.2182,89,55.1529,130,45.8543,19,0.1007,105,0.0896,121,12.6
563,Cal St. Bakersfield,42.6906,323,33.1502,223,68.8963,186,7.6923,238,53.4140,333,34.5982,183,73.3858,335,6.7265,17,32.8718,166,27.9128,33,50.0761,251,53.5576,155,0.1034,88,0.0897,122,7.1
836,Western Michigan,47.5700,182,34.3866,169,70.1449,140,8.6924,190,46.9388,135,35.3261,222,64.5349,10,7.4374,48,28.3755,276,29.4400,64,50.5415,242,50.7353,90,0.0827,259,0.0897,123,9.2
701,New Mexico,50.7730,52,34.8509,153,71.7884,94,9.2333,155,47.1558,146,33.6377,120,66.2202,35,8.4622,114,34.1372,139,35.1337,246,60.7565,30,54.8550,208,0.0881,211,0.0898,124,4.5
648,Long Island,50.8734,47,36.0630,82,64.5646,300,7.5820,244,50.1366,266,29.6719,8,65.9612,31,8.2969,101,31.6078,206,32.3788,162,54.2026,148,54.7771,202,0.0986,127,0.0898,125,0.4
572,Denver,49.4638,97,40.1384,6,72.4752,76,10.8941,75,47.0709,142,40.8935,344,69.1233,152,11.6622,317,43.6556,9,23.0222,2,66.0566,6,40.0347,2,0.0926,173,0.0899,126,33.9
699,Nevada,46.2423,239,34.8485,154,68.0272,208,9.0760,163,46.4432,112,34.5588,178,71.1326,275,7.7807,68,34.4348,132,30.7866,99,47.6712,310,51.7196,117,0.0693,326,0.0899,127,7.7
783,Stanford,46.7857,212,35.6115,96,65.8228,278,9.6804,128,46.3927,111,36.4312,277,70.1518,212,7.3214,42,33.1742,157,32.9455,184,49.8615,257,51.4205,108,0.0728,314,0.0899,128,7.9
568,Davidson,48.5845,141,34.0249,186,72.9198,64,7.5856,243,47.3083,152,33.9869,151,70.6368,244,11.0502,294,39.7690,38,27.2404,21,51.6710,213,45.5163,14,0.0707,323,0.0899,129,19.2
852,Wyoming,49.2823,107,27.9678,344,66.9291,248,10.8055,77,50.4912,278,38.0623,325,70.7865,250,8.8995,157,32.2309,187,36.2155,276,44.3425,330,51.4986,111,0.1084,65,0.0901,130,3.2
544,Central Connecticut,47.4498,190,32.7586,248,76.6562,9,10.2282,105,46.5765,116,32.0423,44,67.9795,105,7.4189,47,26.3936,311,32.4386,165,59.0078,65,48.9768,54,0.1095,60,0.0902,131,6.7
587,Evansville,47.3913,192,35.5556,99,71.2517,108,5.4672,320,51.5905,308,35.1687,214,70.1780,215,10.6957,277,26.0450,317,35.8827,267,62.1190,19,57.4616,274,0.0832,252,0.0905,132,6.1
570,Delaware,44.9533,285,34.7992,155,69.1108,175,10.2796,101,46.6283,118,30.7692,18,71.1840,277,8.4112,111,32.8311,168,27.7910,30,48.7179,285,46.8354,31,0.0582,345,0.0906,133,13.6
824,Texas El Paso,50.7740,51,36.5201,70,67.1159,240,10.2244,106,45.7190,85,30.7803,19,67.9365,102,7.5851,55,28.8154,266,36.5172,282,60.8028,27,58.4535,296,0.0966,142,0.0906,134,1.6
803,Texas Pan American,43.5216,310,37.7897,34,66.8262,253,4.4910,336,51.6966,311,41.6149,345,70.2312,217,10.0775,246,38.3197,51,32.5253,168,53.5537,164,55.7719,232,0.0829,258,0.0906,135,8.5
558,Columbia,46.2621,236,34.0858,184,71.8261,92,7.1429,257,49.0842,232,36.8286,295,72.5256,324,7.9156,77,28.0380,285,26.3655,13,46.0857,320,51.4706,109,0.0934,166,0.0907,136,14.7
504,Alabama,50.0000,79,29.8039,330,70.7055,123,14.2216,12,41.7665,4,31.7965,36,67.6017,82,9.1260,170,24.6854,331,32.0102,150,48.8172,284,50.1319,79,0.1441,1,0.0907,137,8.3
844,Wisconsin Green Bay,47.7237,178,31.9654,281,70.3020,135,10.2060,108,48.8764,220,38.6139,334,72.2759,316,8.7912,142,26.6552,307,32.1043,152,47.6190,311,55.2301,219,0.0917,182,0.0908,138,9.1
841,Washington St.,50.9623,44,35.1906,124,70.8683,120,11.0390,70,45.6169,77,31.1881,24,71.9219,304,7.7752,67,34.4271,133,39.6078,324,51.6630,214,57.3710,273,0.0982,130,0.0908,139,-2.9
598,Furman,48.7487,132,37.5850,39,72.5076,73,8.8688,183,47.4208,158,32.4427,67,68.3109,116,7.3073,41,37.0510,68,32.1670,155,52.6836,184,48.2709,39,0.0768,292,0.0908,140,10.1
537,Central Michigan,40.6850,341,33.2609,220,62.9562,321,9.9906,117,48.8219,213,36.6577,289,66.3144,37,10.1921,254,27.7610,288,25.9078,11,41.4062,340,50.1529,80,0.1088,64,0.0910,141,19.4
835,Western Kentucky,49.1420,111,31.2391,296,64.2136,308,9.5019,144,47.1264,145,36.3025,269,65.2542,17,8.0343,84,30.8895,225,31.3158,117,48.4549,291,50.4212,84,0.0829,257,0.0910,142,4.2
510,Appalachian St.,50.6977,56,33.4586,208,71.2698,107,6.6379,283,52.6724,325,34.4697,174,69.3050,162,6.8837,27,33.1052,158,31.2796,113,40.6639,344,52.4590,129,0.0830,255,0.0911,143,4.5
842,Weber St.,45.5959,265,40.3571,5,75.1381,27,7.8764,229,45.2642,67,37.0705,308,72.4876,323,10.1554,252,36.7213,77,35.5398,258,51.9520,203,51.1381,98,0.0795,280,0.0911,144,8.0
554,College of Charleston,54.6338,4,36.6467,66,74.1176,40,9.4280,151,47.5173,164,33.9713,149,67.1667,61,5.3812,1,38.4261,48,28.2687,41,47.9267,301,48.8132,49,0.0855,233,0.0911,145,5.9
627,Iona,53.3808,8,37.4843,45,65.6716,280,8.4262,201,48.1198,187,35.7143,242,68.7151,130,9.1103,168,36.1364,88,31.4231,123,61.5458,24,49.6760,72,0.1065,72,0.0911,146,9.9
549,Cincinnati,48.7578,131,33.7942,197,66.8464,251,10.2219,107,44.6910,50,32.3864,61,70.3002,222,7.7640,64,33.5740,148,29.4972,69,58.6085,75,55.1020,215,0.1151,40,0.0914,147,7.8
664,McNeese St.,46.5920,223,35.0877,133,74.3750,34,8.9303,176,49.0677,230,33.8843,140,66.7618,48,7.6564,59,34.7349,124,37.2537,295,44.9213,326,51.9149,122,0.0890,204,0.0915,148,2.3
559,Connecticut,47.6717,180,32.9114,237,76.2774,12,13.5714,19,42.3810,7,32.7068,77,67.9699,104,8.3236,103,29.2713,257,32.2034,156,50.7123,238,51.4902,110,0.0948,154,0.0915,149,1.4
626,Indiana St.,46.3481,233,35.3968,109,71.1044,111,12.0841,39,44.4834,43,33.2168,102,71.8471,300,8.3859,107,36.2277,85,33.3722,200,55.4953,121,54.1547,181,0.0916,183,0.0916,150,8.5
573,DePaul,47.0359,203,31.4672,289,68.2805,201,7.6866,239,54.6269,341,34.9876,206,71.5743,291,9.8284,227,28.7778,267,23.1211,3,58.2245,77,57.0447,266,0.1064,73,0.0916,151,8.1
755,San Francisco,48.8616,121,33.6973,202,68.3900,199,6.3175,305,47.4647,160,32.3276,56,69.3846,168,11.2084,298,35.9506,95,36.6509,285,51.4212,217,53.2663,151,0.0768,291,0.0917,152,2.3
695,North Carolina St.,47.3118,196,32.8605,242,69.4190,168,10.1996,109,46.2676,107,32.0236,42,73.5880,337,9.8925,235,23.2673,338,27.3362,22,55.3191,124,45.8809,20,0.0908,189,0.0918,153,9.0
778,St. John's,49.3314,106,33.4895,207,71.0089,116,9.1977,157,47.5538,168,37.1512,312,70.1754,214,9.5840,205,24.0835,335,39.9883,329,51.6729,212,66.5765,345,0.1209,26,0.0918,154,-6.4
660,Marquette,50.5495,61,34.9177,147,69.5793,162,9.4700,146,47.9859,179,35.7634,248,66.0194,32,8.3387,105,26.1223,314,33.9402,214,58.9928,66,60.0639,316,0.1044,84,0.0918,155,-2.6
718,Oakland,55.8626,2,37.1742,51,71.8711,89,11.9530,44,47.5506,167,36.2013,261,72.6457,325,6.8708,25,35.2515,116,28.6912,45,53.2875,171,48.7907,47,0.0850,240,0.0919,156,7.8
553,Coastal Carolina,51.7297,25,31.5403,286,68.8172,188,11.9211,46,42.7101,12,34.8387,195,68.2505,114,8.7691,138,24.7579,329,34.7144,234,56.0881,110,45.7983,18,0.0876,218,0.0920,157,5.5
823,Utah Valley,47.3739,193,35.0515,135,75.8621,18,7.4405,250,47.4206,157,35.1145,212,62.6998,6,9.9790,243,33.7509,144,34.2037,219,53.1401,173,45.6193,16,0.0676,328,0.0921,158,10.0
742,Rice,46.9683,206,34.1772,180,71.7873,95,7.9418,228,48.9933,228,38.3838,330,71.2166,280,8.7783,140,30.0190,247,39.9194,328,56.0940,109,57.9580,287,0.1051,80,0.0922,159,2.4
749,Southern Illinois,46.6497,217,32.1185,272,69.2432,173,7.0751,260,46.3330,109,36.5385,283,71.4078,285,6.4461,8,27.1323,297,28.7646,48,52.8220,179,51.4124,107,0.0870,225,0.0923,160,13.5
516,Arkansas St.,46.2947,235,32.5167,258,70.8211,121,8.4637,200,46.4581,113,35.6855,239,69.8113,194,10.1133,249,28.1328,279,31.3329,118,47.7105,308,48.8270,50,0.0923,176,0.0923,161,11.2
661,Marshall,50.0413,78,32.5411,257,68.1873,203,9.3600,153,48.3200,193,29.4828,7,65.2738,18,9.2486,180,31.1149,220,31.6940,137,50.7653,235,48.0000,37,0.0667,333,0.0924,162,8.9
705,Nicholls St.,49.1690,109,32.2245,270,69.7778,156,3.4574,343,51.3298,303,33.6957,126,71.6475,294,9.9723,241,39.9834,34,32.8571,183,60.1961,42,55.2941,220,0.1118,52,0.0926,163,10.0
711,North Texas,51.9731,21,37.3853,49,75.4300,23,5.4517,322,48.7539,207,33.2090,101,67.8955,101,8.5642,121,26.7978,303,29.4505,65,48.5934,288,48.3831,41,0.0588,344,0.0926,164,9.8
630,IUPU Fort Wayne,49.7024,87,38.3838,22,77.0175,7,7.6997,237,51.6843,310,33.0337,97,72.4377,320,10.6151,273,37.0787,67,29.9865,79,56.9273,95,48.8304,51,0.0703,324,0.0927,165,16.9
606,Georgia Tech,46.2046,241,29.8600,328,68.8136,189,11.7209,53,46.9767,139,37.9110,319,66.8985,50,6.8482,23,34.6631,127,32.4749,166,54.2553,147,56.2054,248,0.1376,3,0.0927,166,9.5
805,UAB,50.3408,70,34.2407,175,71.7349,97,8.1581,216,45.6686,81,31.0139,21,70.3097,225,9.9318,237,40.4638,31,29.7281,74,55.5556,119,48.4979,43,0.0817,266,0.0927,167,9.4
757,UC Santa Barbara,49.5876,93,36.6372,67,76.2238,14,12.0388,42,43.1068,16,36.5554,284,70.0148,205,6.8041,22,36.8078,76,35.5847,260,60.1744,44,59.0491,300,0.1094,61,0.0927,168,1.7
557,Colorado St.,52.9891,11,32.7808,246,69.1092,176,6.9432,266,48.4220,197,33.7907,132,69.8142,196,9.6014,207,32.9690,163,34.4563,228,53.0799,174,51.3624,105,0.1057,75,0.0928,169,6.3
692,Navy,47.5108,186,29.9223,324,71.2329,109,6.9431,267,50.7232,285,34.4444,173,70.3597,228,10.4978,269,45.5189,5,37.7924,308,55.0746,133,62.1803,326,0.1225,19,0.0929,170,0.4
531,Brown,49.4493,99,34.9315,145,75.6554,20,6.7334,280,50.3185,273,34.7249,189,70.0611,208,10.5727,272,39.1421,44,32.4108,164,58.0398,79,50.9511,94,0.0726,316,0.0929,171,7.9
680,Montana,51.5723,30,31.2217,297,66.2519,267,11.9338,45,43.1185,17,32.4153,66,70.7965,251,7.1878,36,28.4244,275,29.1358,54,54.6348,140,43.8272,7,0.1002,109,0.0930,172,13.7
826,Valparaiso,53.8211,6,31.9813,280,66.3477,264,6.7379,279,47.8225,174,33.4483,114,70.2811,221,9.3496,189,34.2598,137,32.2760,158,57.3241,90,50.3866,83,0.1116,54,0.0931,173,8.9
663,Massachusetts,45.1872,280,28.6486,341,66.1342,271,11.1443,66,45.0746,62,32.9053,89,67.9412,103,11.4082,306,33.0948,159,38.2678,315,48.6486,286,59.5745,306,0.0920,179,0.0935,174,-2.7
550,The Citadel,46.3598,232,32.9646,231,73.1959,55,4.3602,338,53.7441,336,34.5000,175,69.1288,153,8.7029,130,27.4438,291,36.2538,277,53.3428,168,54.2636,185,0.0713,320,0.0936,175,0.2
592,Florida,51.6878,26,35.3030,118,66.8456,252,9.4585,147,47.4368,159,31.0595,22,67.1875,63,8.2278,96,31.7003,202,33.2208,196,53.8223,157,48.3352,40,0.0913,185,0.0938,176,6.2
813,MD Baltimore County,43.3361,316,33.0922,226,70.6967,125,4.9180,328,53.1762,330,38.4949,332,71.5470,290,9.9749,242,31.6724,204,41.4517,337,49.4286,270,56.6879,258,0.0870,224,0.0938,177,-3.6
583,East Carolina,46.1704,242,35.8814,89,69.2903,171,7.7130,236,48.8789,221,33.7979,133,66.3730,39,12.5135,333,40.8801,25,33.9846,215,58.9666,68,55.4804,227,0.0992,121,0.0939,178,2.3
538,Cal Poly,44.1014,304,31.6949,284,66.9675,246,5.9574,312,45.6383,78,29.3033,4,70.9091,262,13.4509,345,39.4122,41,34.1737,218,55.5366,120,54.3706,190,0.0967,141,0.0939,179,6.2
802,Tulsa,48.8225,125,34.9103,149,70.1180,142,9.9167,122,46.2500,105,33.3952,110,72.4332,319,9.3297,185,35.7018,101,30.9948,104,48.4728,289,49.2517,64,0.0658,335,0.0941,180,12.6
792,Tennessee Tech,50.2732,71,34.3669,173,67.1309,239,5.8559,314,48.8288,214,34.5794,180,70.2270,216,8.2748,98,23.2014,339,32.5228,167,51.9949,201,56.8088,261,0.1031,90,0.0943,181,7.7
707,Norfolk St.,49.7946,85,30.6087,309,67.7551,217,14.0216,17,45.9938,90,36.4662,278,70.0913,209,8.2991,102,32.0871,192,29.0710,53,52.6854,183,49.0518,58,0.0892,202,0.0945,182,12.4
645,Liberty,46.5398,227,32.3210,265,68.2842,200,8.6174,194,49.0530,229,33.3938,109,61.9048,2,8.6505,126,28.5096,273,34.2875,223,51.6739,211,53.7037,163,0.0970,139,0.0945,183,3.9
647,Long Beach St.,49.4253,100,33.7248,200,67.0171,244,5.1875,325,50.1995,268,33.8710,138,67.2862,69,8.2923,99,32.8556,167,33.1020,192,52.1793,196,51.0131,95,0.0835,248,0.0946,184,5.6
612,Harvard,52.5670,15,37.8968,30,80.4054,2,11.6147,55,47.2144,147,36.2887,267,73.0673,331,9.0402,167,36.0000,94,31.4119,122,60.2719,39,49.1124,60,0.0880,214,0.0946,185,7.1
780,St. Louis,48.8329,124,32.3529,263,65.8915,276,8.7838,186,46.1993,100,34.6386,187,72.8896,328,10.6443,275,32.2581,186,21.8997,1,59.4477,55,47.1299,33,0.0982,129,0.0946,186,21.0
828,Vermont,47.9024,171,35.1163,131,67.5926,225,8.5297,196,42.4858,9,32.3580,60,71.2598,282,8.3905,108,24.6984,330,32.0640,151,50.7060,239,46.2729,24,0.0765,295,0.0947,187,8.5
759,Savannah St.,42.6036,326,30.5439,312,66.8103,255,8.5128,197,44.6154,48,34.9845,205,68.6306,127,11.0059,293,36.1300,89,24.8844,6,49.4071,271,52.5547,131,0.1025,94,0.0948,188,15.3
672,Middle Tennessee,45.9184,253,34.1826,179,71.0692,113,11.3246,61,47.1183,144,35.2031,217,68.8581,137,9.7789,219,28.5974,271,34.3293,225,46.3623,317,52.7778,142,0.1258,12,0.0948,189,13.8
594,Florida International,48.0151,165,32.9718,230,68.6922,192,9.9214,121,50.7859,289,35.0427,210,71.1567,276,11.3422,302,30.3489,241,36.4941,281,44.3939,329,54.4321,195,0.1151,39,0.0949,190,0.7
702,New Mexico St.,49.3473,103,32.9412,235,67.7696,214,9.5690,139,51.2931,300,32.9915,95,67.8516,98,7.9199,78,30.7414,232,33.5244,204,51.2925,221,53.1726,149,0.0917,181,0.0950,191,4.6
723,Old Dominion,48.1481,159,32.8713,239,66.8122,254,13.2246,25,42.7536,14,36.5672,286,62.5000,5,7.7853,69,27.6258,289,37.7678,307,60.3985,37,59.4142,304,0.1130,47,0.0952,192,-3.0
727,Pacific,48.9796,116,35.2846,119,69.4656,165,5.0285,327,47.9127,178,34.8790,198,66.7401,46,8.7302,133,41.0822,24,32.0000,149,61.0169,26,55.4572,225,0.0718,319,0.0952,193,2.9
637,Kansas St.,46.4286,231,37.3984,48,65.9232,275,11.7314,52,45.1456,63,35.1738,215,71.0997,274,8.8889,155,32.8000,169,28.3478,43,56.3190,103,49.1781,62,0.0873,222,0.0952,194,15.6
688,Northern Colorado,44.9532,286,38.3013,23,76.8895,8,5.8242,316,46.0440,94,35.0769,211,71.0682,272,10.1977,255,39.3691,42,41.6667,341,50.6706,240,58.2689,290,0.0843,243,0.0953,195,-0.7
730,Pepperdine,45.9969,251,33.0769,227,71.8093,93,8.4145,202,51.4615,305,37.5573,315,69.0616,147,9.2622,182,28.9855,263,36.7152,287,51.7150,207,63.6034,336,0.0862,229,0.0954,196,-4.0
541,Canisius,47.0370,202,34.8943,150,69.8745,151,12.5977,32,44.5699,47,33.9623,147,69.1843,157,8.7037,131,38.0023,55,31.5289,132,60.7578,29,57.1429,268,0.1023,95,0.0954,197,2.3
786,Syracuse,52.6937,14,35.3503,114,66.4797,260,18.8571,1,44.4082,39,31.4839,29,66.6667,43,7.3801,44,31.6692,205,38.7500,320,60.4701,36,63.3249,334,0.1302,9,0.0959,198,-7.9
833,Western Carolina,46.2610,237,33.6347,206,65.8703,277,8.1702,213,51.3191,302,31.4000,27,67.8571,100,7.1114,32,28.8472,265,29.8507,76,50.5508,241,50.1316,78,0.1261,11,0.0961,199,14.2
540,Campbell,47.5658,183,34.8624,152,64.4717,304,15.2196,7,45.7610,86,37.5712,317,69.4696,173,10.8540,283,20.6962,344,34.9934,242,56.1972,106,62.5387,329,0.1062,74,0.0961,200,2.3
758,Santa Clara,47.3144,195,34.7705,157,73.0932,57,8.2827,209,49.2401,236,35.7383,246,73.7572,340,9.7156,215,36.2217,86,31.1715,108,52.8857,178,51.1034,97,0.1010,102,0.0961,201,11.9
654,Loyola Chicago,45.8475,256,36.1664,80,73.7089,45,9.5819,137,48.7805,212,35.9848,254,66.2544,36,9.2373,179,31.9100,199,31.5036,130,51.6869,210,54.9333,211,0.0903,194,0.0962,202,5.1
671,Michigan St.,46.7480,214,34.9835,141,69.9405,148,13.4786,21,44.7942,54,36.3475,270,66.0969,33,8.6992,129,33.0065,162,31.2812,114,63.0241,15,51.3158,101,0.0959,146,0.0964,203,9.5
698,Nebraska,52.7273,13,31.4176,291,70.1695,139,11.3861,60,42.3762,6,33.6270,119,67.6420,85,9.0043,164,31.1270,218,40.2720,332,53.6869,162,53.4247,153,0.0998,115,0.0964,204,2.9
746,Rutgers,47.9117,170,34.3811,170,67.6732,221,14.5325,10,44.7154,51,34.5510,177,73.2700,334,9.8503,229,28.6277,270,40.0366,330,55.4278,123,57.5712,278,0.1209,27,0.0964,205,-0.5
597,Fresno St.,49.6255,91,29.4788,335,63.1976,318,9.7337,124,47.7502,171,36.3810,272,68.0251,107,8.5206,116,36.5042,80,32.5279,169,59.9156,48,54.8523,207,0.1240,16,0.0965,206,6.3
607,Gonzaga,51.8791,22,36.1059,81,76.2389,13,10.1569,112,42.6920,11,36.9436,297,70.2417,218,7.2218,38,28.0488,284,35.7560,265,57.5419,87,47.7807,35,0.1051,79,0.0965,207,8.8
681,Montana St.,45.6362,263,32.9268,236,65.0000,292,6.1567,309,48.6007,203,37.9668,320,67.6519,86,9.2534,181,40.8214,27,31.0167,106,52.0000,200,49.0057,55,0.0820,265,0.0967,208,8.7
633,Jacksonville,45.3933,273,30.8725,307,67.2965,234,10.7498,82,46.6125,117,31.6505,33,67.0256,56,8.5393,118,25.0842,326,31.7509,140,49.8656,255,50.3682,82,0.1224,20,0.0967,209,12.1
768,South Alabama,45.4028,272,32.7354,251,67.0000,245,11.8547,47,50.1912,267,38.9868,338,66.9776,53,9.8578,230,29.7135,250,30.2667,92,49.7600,261,49.1453,61,0.0979,134,0.0967,210,7.4
796,Texas Tech,47.3568,194,36.4562,71,72.9462,62,10.1025,113,49.6340,249,35.1456,213,69.5652,177,7.1219,33,26.4976,310,27.3791,23,51.6990,208,45.6345,17,0.0833,250,0.0969,211,12.6
799,Towson,47.4336,191,35.5865,98,72.3127,85,7.5260,248,52.5087,322,40.2214,343,70.4974,238,8.4071,110,30.8022,228,31.9199,147,47.8322,304,55.5152,228,0.0873,221,0.0969,212,1.3
652,Loyola Marymount,46.1362,245,32.4263,261,68.9024,184,9.9755,119,47.2608,149,34.5936,182,72.4771,321,6.6565,15,25.2288,325,30.1941,87,54.1555,149,57.2930,271,0.0937,161,0.0971,213,3.7
785,Stony Brook,40.3445,344,33.9228,191,65.1685,288,8.0948,219,44.7187,52,30.8426,20,70.7018,246,8.1596,91,36.0580,92,38.3069,316,44.0549,333,53.6321,159,0.0846,242,0.0972,214,0.6
762,Southeast Missouri St.,47.0233,204,33.1868,221,61.7493,333,8.8762,181,48.2899,192,33.7374,129,71.8833,302,9.1458,172,28.1908,277,28.7290,46,52.7299,182,49.7368,73,0.0644,339,0.0973,215,11.7
801,Tulane,46.5574,225,35.5993,97,69.7543,157,8.0087,224,51.5152,306,35.3982,228,71.4286,286,11.3661,303,37.9240,56,32.8488,182,56.1600,108,59.7484,309,0.1052,78,0.0974,216,4.0
562,Creighton,51.3323,36,36.9393,56,72.9508,60,7.9763,227,47.3962,156,34.5876,181,67.8141,95,8.6991,128,37.2665,65,31.2953,115,60.7487,31,51.1482,99,0.0673,332,0.0975,217,5.3
728,Pennsylvania,50.1092,77,36.9261,57,73.6940,46,6.9002,271,51.5924,309,35.9465,252,75.9754,345,10.6987,278,35.3564,113,35.6997,264,58.6957,73,61.4243,321,0.0927,172,0.0975,218,1.4
651,Louisville,51.5713,31,36.1827,78,66.3477,264,13.5031,20,43.4414,22,31.1424,23,69.6104,181,7.4134,46,40.7637,28,33.0233,189,63.9621,11,51.8373,119,0.1346,5,0.0975,219,7.1
784,Stetson,49.1477,110,30.5085,313,62.2324,329,8.8799,179,49.1423,233,36.7576,294,69.4102,170,11.0795,297,33.4594,152,38.5998,319,42.2907,337,60.0559,315,0.1110,56,0.0977,220,-3.1
709,North Dakota,45.8216,258,33.9223,192,66.3805,263,9.8765,123,47.5309,165,35.2713,218,69.8276,197,7.9812,82,34.7026,125,31.2727,112,53.2353,172,53.1207,148,0.0863,227,0.0977,221,11.3
690,Northern Illinois,46.6011,222,32.2266,269,69.5860,161,6.3717,301,48.8496,217,34.9716,204,67.7419,87,8.5868,122,31.4110,214,31.8867,145,51.0204,225,49.2537,65,0.0767,293,0.0980,222,10.3
522,Belmont,52.2439,19,37.8035,33,73.6236,49,9.6801,129,44.1345,32,33.6397,121,67.8528,99,13.0398,343,42.2776,18,30.8565,100,59.6398,51,53.5368,154,0.1382,2,0.0982,223,12.5
679,Monmouth,45.2642,277,32.4818,259,63.9456,313,6.5762,288,46.2422,104,35.5360,236,67.4074,74,12.8614,341,35.3320,114,41.5497,339,59.4937,53,63.9416,337,0.1038,86,0.0982,224,-9.6
675,Mississippi St.,48.2860,154,36.1765,79,72.4138,80,10.4235,97,46.1726,98,33.6720,125,66.3480,38,8.9128,158,39.9765,35,35.9416,270,53.0447,175,44.9312,10,0.0774,289,0.0983,225,3.9
625,Indiana,51.4139,35,34.6154,161,72.6266,71,7.8725,230,46.9541,136,36.3964,275,70.5160,239,10.1114,248,31.8739,200,34.2170,221,49.8099,260,53.6273,158,0.0956,149,0.0985,226,8.6
790,Tennessee,48.7482,133,30.0172,323,68.4416,198,10.6239,89,46.7960,127,33.2370,103,70.4545,232,10.3093,258,30.0361,246,36.8477,289,52.9271,177,52.7389,139,0.1082,66,0.0987,227,3.4
794,Texas A&M,48.6368,139,33.9147,193,69.8210,153,4.5126,335,46.2094,102,31.5693,31,68.7398,132,12.5770,335,31.2160,217,33.0918,191,58.6538,74,52.1168,126,0.1012,100,0.0988,228,7.6
575,Drake,46.7633,213,35.4276,105,68.5155,194,7.6383,241,50.5707,282,32.7619,80,71.7608,297,7.1498,34,35.6343,104,31.5505,133,52.2562,195,52.2727,128,0.0860,231,0.0992,229,8.8
812,Louisiana Monroe,45.4898,270,32.0961,273,64.3426,306,4.8807,329,52.4946,321,38.8258,337,69.7830,193,8.2444,97,30.7589,230,36.4138,280,46.2662,319,57.4746,276,0.0945,156,0.0994,230,0.7
608,Grambling,41.5757,337,29.8561,329,61.3861,336,6.8012,275,46.7115,122,34.0517,153,62.9977,7,9.3604,190,30.2503,242,25.7492,9,48.3548,293,50.0639,76,0.0922,177,0.0995,231,17.5
767,Southern Methodist,54.8766,3,38.8889,18,73.2943,54,8.9035,177,45.4545,72,38.0208,324,71.5385,289,7.1680,35,42.5388,16,35.0578,245,61.9382,21,50.8523,91,0.1002,108,0.0997,232,5.1
843,West Virginia,47.4897,188,33.7152,201,71.0843,112,11.0121,71,46.9636,137,29.0541,2,69.6049,179,8.3951,109,33.4611,151,32.4028,163,62.7075,16,48.8032,48,0.0725,317,0.0998,233,5.5
827,Vanderbilt,51.0917,39,37.1469,53,74.3130,37,11.4569,57,45.6153,76,31.2789,26,69.6707,186,10.1310,251,38.2083,52,31.4590,126,53.5377,165,46.2264,23,0.0753,304,0.0999,234,6.6
765,Stephen F. Austin,49.0236,115,31.3916,293,71.5247,103,3.2847,345,50.7299,286,29.3194,5,66.7453,47,7.6053,57,24.1030,334,31.7276,139,62.3693,17,50.6616,87,0.1006,106,0.0999,235,11.2
588,Fairleigh Dickinson,42.8696,322,32.0513,279,67.5039,228,8.7629,188,46.6495,119,36.6920,292,69.1108,150,11.5652,315,28.9246,264,31.1243,107,52.5661,186,57.6087,280,0.0835,247,0.1001,236,2.1
604,Georgia,48.7930,127,34.2105,176,69.7151,158,12.7559,30,43.3858,21,31.8792,37,69.9074,201,8.1200,89,25.0137,328,31.9400,148,60.1458,45,39.9460,1,0.0965,143,0.1002,237,13.3
646,Lipscomb,51.6833,27,33.1010,225,70.5015,130,5.4545,321,50.5455,281,32.7759,82,65.7100,27,9.8271,226,34.3096,135,35.2179,250,57.6517,85,54.6543,200,0.1102,59,0.1002,238,3.0
542,Central Arkansas,44.7581,294,31.4225,290,63.2619,316,5.4688,319,57.0312,345,36.1607,260,70.5882,241,12.7016,338,32.1941,188,30.4348,93,49.3243,275,57.2386,270,0.0981,132,0.1002,239,4.1
565,Cal St. Northridge,47.5349,184,32.9435,234,66.7095,257,10.2669,102,49.4867,245,33.9071,143,69.4508,172,7.9070,75,32.3048,185,37.3633,297,52.7941,180,59.6465,308,0.0890,203,0.1006,240,3.5
532,Bryant,45.3713,274,36.3919,74,65.2427,285,7.3614,253,50.4780,276,39.0750,339,71.6695,295,9.4608,199,39.5449,40,37.4776,300,56.3235,102,62.2251,327,0.0793,282,0.1007,241,-6.4
712,Northeastern,47.7748,173,37.9921,28,75.0433,28,6.4044,297,51.0522,296,39.3075,341,71.8704,301,11.7166,319,31.5724,207,30.9975,105,59.3880,59,56.3249,250,0.1079,67,0.1008,242,3.9
551,Clemson,49.5405,94,34.4444,167,70.1280,141,13.2184,26,43.5961,25,33.1046,98,70.9729,266,8.7719,139,34.4828,131,32.3709,160,54.9383,134,52.7624,140,0.1214,23,0.1009,243,6.8
686,Mount St. Mary's,45.5621,266,32.4675,260,67.9868,209,9.0032,169,46.7846,124,32.6214,69,67.3560,72,8.4531,113,28.0851,281,29.2780,59,54.8621,137,54.1333,179,0.0886,207,0.1010,244,5.9
617,Houston,48.6906,134,38.1176,26,67.1642,238,10.5936,91,47.4886,161,32.6810,74,69.3146,163,9.6993,213,29.1896,258,31.8182,144,54.3675,144,55.3130,222,0.0833,249,0.1012,245,3.1
613,Hawaii,49.6390,90,35.3846,111,69.1983,174,11.2245,64,42.8571,15,32.6594,73,69.4153,171,8.1227,90,31.9410,198,35.3491,252,50.1362,248,54.2017,184,0.0798,277,0.1012,246,2.0
512,Arizona St.,48.3838,151,35.0877,133,62.7572,323,10.8593,76,47.4976,162,34.5700,179,69.6456,184,10.7071,279,40.8602,26,35.8959,268,64.3950,10,62.9944,333,0.0977,135,0.1012,247,-2.0
682,Morehead St.,49.9577,80,34.2105,176,67.5141,227,10.1843,111,45.6838,84,36.6721,291,69.0438,145,8.0304,83,32.5157,175,37.5152,301,50.2545,246,61.4613,322,0.1305,8,0.1014,248,0.6
821,Utah,46.9442,210,32.7684,247,69.5082,164,11.8297,48,45.6625,80,34.6392,188,68.7776,134,11.0717,296,31.9880,194,27.6669,28,40.0568,345,52.6104,133,0.0673,330,0.1015,249,8.8
641,La Salle,47.6985,179,36.4273,73,70.8824,119,9.1223,160,48.8597,218,35.6913,240,70.1635,213,11.6744,318,27.5845,290,30.0628,83,53.7378,160,56.1895,247,0.0999,112,0.1020,250,2.4
806,UC Davis,50.7576,53,37.5212,43,73.7548,43,5.9083,313,51.7637,313,34.5992,184,65.1376,15,6.4935,10,38.9293,45,29.4776,68,59.4203,57,51.2650,100,0.0941,160,0.1022,251,10.7
734,Prairie View A&M,41.0922,340,29.5726,331,58.0000,345,9.5410,140,48.0648,183,33.7662,131,62.1769,3,13.4288,344,34.3713,134,32.6667,175,49.6835,263,53.7709,167,0.0879,216,0.1023,252,4.8
845,Wisconsin Milwaukee,48.4645,147,35.1617,126,65.4592,281,5.8018,317,49.2345,235,36.0000,255,71.1921,278,9.9808,244,40.5590,30,32.5910,171,55.8940,113,49.5768,69,0.0739,311,0.1023,253,6.8
628,Iowa,48.5133,146,31.3978,292,67.5541,226,8.0180,223,50.0901,264,33.1768,100,74.0286,341,8.2942,100,26.6781,306,36.5352,283,55.2219,128,60.6771,319,0.0991,124,0.1024,254,-4.7
721,Oklahoma,50.5825,59,33.9823,190,74.2215,39,7.7609,235,49.2417,237,36.2069,262,72.2135,314,8.0583,86,35.4232,110,31.7712,141,54.6985,139,51.5520,112,0.0854,236,0.1024,255,9.9
810,UCLA,50.8121,49,32.6415,253,67.9455,210,13.4431,22,44.2387,36,34.7826,191,67.2840,68,7.5793,54,29.0730,262,25.7637,10,59.3976,58,48.8429,52,0.0803,273,0.1025,256,11.6
519,Austin Peay,48.3296,152,35.3191,117,67.7112,220,11.0549,69,48.9451,227,32.1667,50,67.2755,67,8.6860,127,25.8668,319,33.6134,206,52.7540,181,56.0155,241,0.1187,30,0.1026,257,2.6
567,Dartmouth,42.2831,333,32.6437,252,69.6903,160,7.5292,247,50.0530,262,36.9676,298,70.3041,223,10.4110,261,28.4314,274,38.3660,317,42.4793,336,55.8781,237,0.0964,145,0.1028,258,-1.2
838,Wagner,46.7980,211,37.0510,54,77.2013,6,10.7595,81,45.4792,73,35.3659,225,71.3983,283,7.5862,56,34.2617,136,27.0449,19,62.2951,18,54.7840,203,0.0855,232,0.1029,259,16.9
708,North Carolina,49.1369,112,32.7586,248,67.1982,236,13.1768,27,44.4227,41,33.1266,99,65.8621,29,6.5593,11,25.0216,327,34.4592,229,54.8851,135,50.0000,75,0.0851,239,0.1029,260,3.6
618,Houston Baptist,43.3725,315,33.1337,224,67.7557,216,6.7690,276,51.9856,315,35.9375,250,64.5443,11,11.2416,299,29.5924,251,34.2043,220,49.3411,273,57.4713,275,0.1128,48,0.1031,261,2.2
605,Georgia St.,45.3608,275,34.9609,144,59.3807,344,14.6680,9,44.4995,44,33.0241,96,71.0089,267,8.9347,160,30.5489,235,34.8191,237,57.1429,93,55.8214,234,0.0997,118,0.1031,262,7.4
579,Eastern Illinois,44.9018,289,32.1212,271,71.6738,100,7.8563,231,46.3524,110,36.0748,257,69.1336,154,7.4836,50,23.5883,337,37.5175,302,56.3140,104,61.8812,323,0.0882,210,0.1033,263,-3.4
507,Albany,45.2093,279,37.8378,32,64.4970,303,8.3411,206,46.7099,121,32.8767,87,63.6183,8,9.8605,231,36.9131,74,40.3538,333,51.1050,224,59.2742,302,0.0754,303,0.1035,264,-9.3
673,Minnesota,50.6745,57,32.0675,277,65.9780,274,16.6831,4,43.9289,29,34.5502,176,75.0480,344,7.8415,70,28.5542,272,43.0899,343,64.6746,9,64.2254,340,0.1041,85,0.1036,265,-12.2
624,Illinois St.,47.6492,181,31.0345,303,70.7635,122,11.7424,50,46.6856,120,35.5124,234,69.1622,156,6.2387,6,30.8318,227,34.8952,239,50.8824,232,53.7464,166,0.0778,288,0.1038,266,5.5
566,Sacramento St.,43.7637,307,30.3879,315,68.7861,190,9.5341,141,49.1874,234,36.2429,264,67.2932,70,12.5821,336,33.6720,146,36.3448,279,57.3013,91,56.2791,249,0.0893,201,0.1040,267,-1.3
622,Illinois Chicago,46.3415,234,30.9255,306,67.0659,243,6.9468,265,48.8851,222,36.3992,276,67.4536,76,8.3263,104,27.1446,296,30.4711,95,49.2733,277,53.5714,156,0.0661,334,0.1042,268,5.3
548,Chicago St.,43.2859,318,29.9087,325,64.2857,307,6.4253,296,54.2986,339,38.1872,327,68.4899,120,8.8468,151,25.7042,322,37.8515,311,51.6937,209,64.2940,341,0.0794,281,0.1042,269,-4.7
735,Presbyterian,47.4768,189,38.9982,17,72.7468,68,4.6997,331,51.0879,297,34.6084,186,69.3966,169,9.7837,222,36.5359,79,32.3322,159,54.0501,151,47.8764,36,0.0651,336,0.1044,270,6.0
744,Rider,50.7235,54,39.1369,15,64.9254,295,10.9898,72,44.5415,46,32.7869,83,67.1576,60,7.7170,61,35.0731,120,32.8117,180,53.8031,158,56.4904,252,0.0871,223,0.1045,271,0.4
529,Bowling Green,48.2470,155,29.2632,336,64.1166,310,9.5955,134,49.8589,258,35.1911,216,67.0245,55,7.4695,49,26.5809,309,37.1378,293,55.9585,111,65.6458,344,0.1252,13,0.1046,272,-4.9
596,Fordham,42.5571,330,33.6414,204,63.0219,320,11.3889,59,48.0556,182,34.7826,191,68.1742,112,8.7671,136,33.0685,160,35.6377,263,54.0123,152,59.4223,305,0.0616,342,0.1047,273,-4.7
809,Central Florida,50.5597,60,33.1541,222,69.3029,170,14.6988,8,43.6145,26,35.3846,226,65.9170,30,9.7948,223,34.2331,138,29.4618,66,52.2696,193,54.3329,188,0.0908,190,0.1048,274,5.1
797,Tennessee Martin,46.2063,240,33.3977,213,74.3363,36,6.3331,304,53.9484,338,32.9365,90,68.6131,126,11.4237,308,30.6328,234,28.2670,40,47.1329,314,57.7103,282,0.0883,209,0.1053,275,4.8
685,Mississippi Valley St.,44.7347,295,32.3810,262,66.4812,259,7.2165,254,48.7708,210,31.9588,39,69.6203,182,11.5918,316,33.9623,142,31.5789,134,52.2606,194,54.8065,205,0.0953,151,0.1054,276,9.2
581,Eastern Michigan,42.4309,332,31.8182,282,62.1974,330,9.7078,125,46.9369,134,32.8283,85,70.0311,206,9.1713,174,39.6264,39,27.1791,20,61.9546,20,54.9363,212,0.0965,144,0.1055,277,14.5
732,Portland,48.0587,162,41.1864,3,74.3501,35,9.1160,161,48.2505,190,34.8416,196,70.2492,220,9.8361,228,33.7336,145,37.9074,313,55.8750,115,53.6424,160,0.0816,267,0.1055,278,0.9
666,Memphis,50.9731,42,32.8638,240,68.0307,207,13.4066,23,45.6410,79,32.9582,94,68.2519,115,10.6287,274,32.3544,183,31.3035,116,57.4635,88,54.3478,189,0.1210,25,0.1056,279,5.3
582,Eastern Washington,41.9456,336,36.0406,84,66.1947,269,10.3846,99,48.9423,225,34.8889,199,72.1264,311,12.0293,328,38.2030,53,30.2013,88,50.9772,228,57.9580,287,0.0821,262,0.1058,280,4.9
752,Samford,51.2539,37,35.0416,136,67.7618,215,4.7569,330,48.0973,186,36.9885,301,70.4854,235,12.0690,331,53.0882,1,39.2421,321,65.3448,7,51.1013,96,0.0932,168,0.1059,281,0.0
834,Western Illinois,43.5185,311,34.9282,146,65.2352,286,6.9231,268,48.2418,189,35.4839,231,70.1320,210,8.7963,143,32.6053,173,33.8182,211,51.3410,218,57.7815,283,0.0755,301,0.1062,282,5.9
710,North Florida,49.3333,105,32.9545,233,66.0811,272,7.4230,252,48.1793,188,32.1881,53,66.7949,49,12.5333,334,35.3820,112,27.9152,34,53.2982,170,49.0762,59,0.0861,230,0.1063,283,7.4
595,Florida St.,48.4227,149,33.4385,211,66.4828,258,17.5454,3,40.0173,1,30.6176,16,69.5402,174,8.5962,124,33.3333,154,39.6767,325,51.2107,222,55.0287,213,0.1221,21,0.1064,284,0.3
814,NC Asheville,49.0242,114,32.2440,268,70.6044,128,11.5517,56,46.2069,101,34.1338,158,68.6331,128,8.8212,149,26.3793,312,33.4481,203,55.6701,117,54.1497,180,0.1243,15,0.1065,285,3.9
601,Gardner Webb,45.6311,264,32.8125,245,64.1584,309,6.3584,302,48.8439,216,37.9722,321,72.0854,308,10.8738,284,35.8655,97,32.6411,173,45.6753,322,55.8739,236,0.1047,82,0.1068,286,7.6
547,Chattanooga,48.6726,137,32.0876,275,64.8921,297,3.8947,341,53.4737,334,35.7320,245,69.0189,143,8.6283,125,46.1905,4,45.8998,344,59.0711,64,62.0603,325,0.0673,331,0.1068,287,-8.8
546,Charlotte,46.1388,244,33.3333,214,72.9201,63,8.3848,204,50.7502,287,30.5031,13,71.0714,273,10.4594,265,37.2007,66,35.9525,271,52.3739,191,55.1365,217,0.0942,159,0.1069,288,-0.4
668,Miami FL,48.8797,119,37.7333,36,72.5361,72,9.4946,145,45.0230,60,35.3535,224,69.0476,146,9.9585,239,38.3632,49,34.6673,233,47.7064,309,53.6615,161,0.0851,238,0.1070,289,3.3
747,South Carolina St.,46.1248,246,31.7269,283,66.9276,249,9.6939,127,50.8163,291,34.7826,191,69.9259,204,10.4915,268,32.0051,193,35.0563,244,49.0712,281,56.1584,246,0.0830,254,0.1070,290,1.2
667,Mercer,46.5691,224,32.8526,243,68.8742,187,7.8182,233,50.0000,260,32.4090,64,69.2982,161,10.2470,257,36.3425,83,34.4067,227,53.3613,167,50.8820,93,0.1075,69,0.1070,291,9.0
518,Auburn,42.2034,334,32.0879,274,65.2713,284,10.7658,80,49.5006,246,33.4913,115,67.7650,90,12.0339,329,27.8287,287,41.2647,335,52.0186,199,62.0061,324,0.1146,43,0.1071,292,-4.3
800,Troy,44.8479,290,33.7989,196,66.4032,262,9.6173,132,49.8528,257,36.9925,302,69.9187,203,11.4818,313,41.2680,21,39.4893,323,53.9342,155,55.0398,214,0.0900,196,0.1072,293,-0.8
603,Georgetown,54.6132,5,35.3968,109,73.4155,52,11.1380,67,45.2785,69,33.6520,124,70.7025,247,11.2768,300,36.9935,70,29.6822,73,59.2089,62,52.9172,143,0.0924,175,0.1072,294,6.9
658,Manhattan,43.4515,314,29.8942,327,69.9115,149,11.4180,58,47.5138,163,38.4977,333,65.2755,19,8.7827,141,22.5537,340,37.0435,292,44.3131,331,62.7297,330,0.1003,107,0.1073,295,-8.6
589,Fairfield,47.8979,172,30.0216,322,65.3791,283,9.4476,148,43.3147,20,31.9527,38,64.3761,9,11.4114,307,25.7939,320,28.8724,51,58.1725,78,45.2347,13,0.1237,18,0.1073,296,13.5
669,Miami OH,48.4103,150,34.9138,148,72.6524,70,6.9076,270,47.8715,176,37.5643,316,70.5983,243,9.2308,178,41.6517,19,31.8928,146,50.3497,244,54.1104,178,0.0722,318,0.1078,297,3.0
508,Alcorn St.,38.1609,345,32.3120,266,63.2522,317,8.3132,208,49.6368,250,32.0721,45,65.3439,22,10.1916,253,21.5745,343,30.9365,102,41.5309,339,60.5296,318,0.0999,113,0.1081,298,0.7
534,Buffalo,50.9005,46,37.5235,42,64.7149,298,14.1713,14,44.1153,31,36.6667,290,67.0606,58,6.1864,4,29.4475,255,30.1845,85,54.3529,145,58.3445,291,0.1151,41,0.1083,299,4.8
782,St. Peter's,42.6799,324,34.3805,171,64.3579,305,12.3596,33,40.7705,2,30.5944,15,65.4902,24,10.9181,288,32.1549,190,31.4631,127,53.7167,161,52.5622,132,0.1174,34,0.1085,300,7.5
775,St. Bonaventure,49.9566,81,35.1351,128,69.8880,150,8.7028,189,47.7833,173,32.7616,79,70.8197,253,7.9062,74,29.4730,253,32.3709,160,53.4946,166,54.5925,198,0.0746,307,0.1085,301,2.7
777,St. Francis PA,47.7252,177,33.2681,219,72.7431,69,8.2437,210,50.8065,290,38.8235,336,65.2916,20,10.9564,291,32.1788,189,31.3653,120,58.7719,72,58.4314,294,0.0829,256,0.1086,302,3.7
634,Jacksonville St.,44.8008,292,36.5427,69,64.9402,294,10.6855,85,51.3105,301,35.5091,233,71.9530,306,7.8717,72,30.7537,231,27.8545,31,56.2102,105,56.1240,245,0.0995,120,0.1088,303,10.4
750,Sacred Heart,46.6421,218,34.5188,165,70.2381,137,8.9537,173,50.9054,295,34.1113,157,69.7115,189,9.3836,192,30.5431,236,35.9123,269,51.1905,223,53.7356,165,0.1144,44,0.1088,304,2.9
704,Niagara,42.5587,329,27.5316,345,66.0057,273,8.8781,180,48.8297,215,33.3333,106,67.6259,84,11.0531,295,35.4857,109,31.5091,131,50.5279,243,59.7484,309,0.1166,35,0.1089,305,-0.7
574,Detroit,49.8476,83,35.4212,107,68.5230,193,12.9555,28,48.2591,191,33.2867,105,68.0952,110,8.9939,163,26.0845,315,36.6667,286,47.7995,306,51.9185,123,0.1022,96,0.1091,306,0.6
693,North Carolina A&T,47.3077,197,33.3333,214,67.3882,232,10.9190,73,47.3157,153,34.9333,202,73.2143,333,12.8846,342,35.6436,103,40.5625,334,49.5614,266,54.0921,176,0.0878,217,0.1093,307,-8.4
506,Alabama St.,44.4631,298,29.1139,338,61.1529,338,12.9340,29,43.7500,27,35.7143,242,69.0888,149,7.0470,31,31.6905,203,29.8417,75,55.7164,116,56.8483,263,0.1089,63,0.1093,308,10.8
614,High Point,43.7110,308,34.6895,160,67.1053,241,7.6639,240,51.4312,304,33.7634,130,70.7057,248,10.3479,259,29.4081,256,30.0388,80,48.4663,290,49.5798,70,0.1008,104,0.1099,309,12.1
655,Louisiana St.,44.1880,303,31.1943,298,66.4615,261,8.6319,193,45.2769,68,32.7684,81,70.5548,240,11.3675,304,32.4090,179,30.1876,86,52.6012,185,40.6849,3,0.0958,148,0.1099,310,13.9
545,Charleston Southern,46.1195,247,34.9896,140,74.8571,29,8.0224,222,50.8396,292,33.9785,150,66.6667,43,9.2774,183,30.1122,245,30.2537,91,46.3557,318,50.0711,77,0.1175,33,0.1101,311,8.4
665,Maryland Eastern Shore,44.9372,287,28.3333,343,64.1026,311,4.4568,337,53.3890,332,35.3902,227,68.3794,118,9.2887,184,31.1239,219,33.8452,212,49.8551,258,56.8831,265,0.0881,213,0.1104,312,2.2
760,South Carolina Upstate,43.4921,313,29.1553,337,60.0000,343,10.1852,110,52.1296,318,34.6008,185,66.9329,51,10.4762,266,43.7165,8,32.7522,177,54.5600,142,55.3020,221,0.0890,205,0.1110,313,2.2
638,Kennesaw St.,46.6307,219,30.7143,308,64.9063,296,8.8748,182,50.7132,283,37.0998,311,66.3808,40,8.8949,156,33.4728,150,29.6152,71,47.7569,307,55.7945,233,0.0822,261,0.1114,314,-0.8
619,Howard,40.5109,343,31.0417,302,62.2951,328,6.4646,291,50.3030,271,36.2712,266,64.7887,12,11.9526,325,30.4569,239,37.3418,296,47.0489,315,62.3596,328,0.0915,184,0.1116,315,-3.7
715,Northwestern St.,48.8987,118,34.5455,164,63.6150,314,17.6215,2,46.7882,125,38.6861,335,69.2972,160,6.8722,26,32.6409,171,32.2353,157,50.2013,247,56.5912,256,0.1148,42,0.1116,316,3.6
774,Southern Utah,49.6234,92,35.2490,122,70.5015,130,12.0518,41,49.5020,247,37.0143,304,69.8138,195,6.7782,21,17.9258,345,32.7528,178,57.6642,84,49.2625,66,0.0781,286,0.1117,317,10.8
620,Idaho,49.4884,95,37.9377,29,72.3510,84,7.9825,226,47.0175,141,32.0847,46,71.4029,284,9.1163,169,32.3474,184,35.0057,243,60.5227,34,50.2046,81,0.0996,119,0.1118,318,3.4
683,Morgan St.,46.0692,250,29.5673,332,68.1462,204,10.0597,114,47.2293,148,32.1429,48,69.3370,165,11.4780,312,24.6445,332,28.8660,50,52.4683,188,52.6167,134,0.0907,191,0.1119,319,11.8
763,Seattle,44.2002,300,30.2768,318,65.7353,279,5.1724,326,50.8621,294,34.3860,170,72.1879,313,11.4481,310,30.4692,238,32.9480,186,47.2296,313,58.6514,298,0.1117,53,0.1121,320,6.1
555,Colgate,45.4864,271,33.3333,214,68.2488,202,8.1301,217,51.7615,312,33.8681,137,74.1633,342,9.3777,191,30.1286,244,33.6331,207,55.4905,122,56.3565,251,0.0840,244,0.1122,321,4.2
600,Georgia Southern,47.4932,187,32.5700,256,67.8383,213,7.5665,245,55.5215,342,37.0441,306,69.6765,187,8.2042,94,26.3758,313,34.7565,235,51.3097,220,58.4239,293,0.1213,24,0.1128,322,3.9
632,Jackson St.,45.5146,268,33.3333,214,64.5495,301,9.5187,143,48.4492,198,35.5828,237,65.4305,23,9.5373,203,33.5217,149,34.3399,226,59.0909,63,52.6316,136,0.1155,37,0.1130,323,13.2
505,Alabama A&M,43.9528,305,28.5333,342,62.3902,327,13.3199,24,46.0141,91,32.4051,63,61.5385,1,10.4228,263,26.9397,302,28.4993,44,52.3466,192,55.8219,235,0.1201,29,0.1134,324,9.7
514,Arkansas Pine Bluff,41.3662,339,34.3525,174,62.6935,324,6.3810,300,50.7619,288,37.0722,309,65.2921,21,12.0493,330,34.5342,129,33.3756,201,56.9378,94,64.0110,338,0.1094,62,0.1140,325,5.8
740,Radford,40.5870,342,30.9582,304,62.0038,332,8.4989,199,50.2208,269,35.9633,253,64.8464,13,10.4251,264,29.1756,259,37.5603,304,48.0076,299,63.4409,335,0.1119,50,0.1148,326,-5.5
839,Wake Forest,45.0082,284,35.8674,90,74.6246,32,12.7180,31,49.3459,239,37.0432,305,68.9548,140,7.7741,66,29.5677,252,30.4348,93,49.3188,276,56.0976,244,0.0750,306,0.1152,327,2.0
659,Marist,42.5631,328,31.1278,300,71.3376,106,6.9187,269,48.5117,200,34.3511,166,70.3081,224,12.8157,340,38.3506,50,34.5100,230,47.8852,303,55.9179,238,0.0757,300,0.1154,328,0.3
593,Florida A&M,43.0457,320,29.9083,326,61.6613,334,9.6070,133,45.2402,66,34.1719,160,67.1406,59,8.5279,117,35.6209,106,29.4081,62,41.2266,342,49.4860,68,0.1019,97,0.1154,329,8.1
753,San Diego,46.1700,243,31.5217,287,66.9246,250,8.0600,221,51.5464,307,32.9466,92,71.7593,296,9.3389,187,32.5548,174,28.7717,49,52.4786,187,54.4798,196,0.0760,299,0.1167,330,8.1
650,Louisiana Tech,46.1187,248,32.8622,241,65.1741,287,6.8738,273,48.7759,211,32.8836,88,69.9153,202,8.2192,95,34.0759,140,35.8308,266,45.2967,324,54.4180,192,0.0814,270,0.1179,331,6.2
766,Siena,44.1997,302,33.3333,214,67.9092,211,9.5316,142,48.0690,184,33.4448,113,70.4947,236,10.7195,280,26.0586,316,32.9477,185,49.6063,264,51.3376,104,0.0952,152,0.1180,332,4.5
815,NC Greensboro,45.7627,260,35.6322,95,68.9759,180,6.6144,284,52.4804,320,38.2353,328,71.0256,269,8.5516,119,28.6813,268,35.9889,272,45.2564,325,54.5882,197,0.0909,186,0.1180,333,1.4
847,William & Mary,50.8083,50,35.8974,88,70.2555,136,8.3409,207,48.5041,199,35.2851,219,71.4559,288,11.7783,320,43.3617,10,37.0434,291,60.6195,33,55.1047,216,0.0639,340,0.1182,334,-0.5
521,Baylor,50.9400,45,35.0000,139,69.7917,155,11.9698,43,45.9001,88,34.3580,168,68.5413,123,6.8935,28,29.1693,260,34.2627,222,47.9452,300,53.9143,171,0.1027,93,0.1185,335,4.9
771,South Florida,46.5430,226,30.3435,317,71.0123,115,9.5837,136,46.0330,93,34.3511,166,69.3410,166,11.3828,305,30.6433,233,29.1597,56,57.2433,92,58.6162,297,0.0769,290,0.1186,336,2.7
591,Florida Gulf Coast,43.5013,312,32.9567,232,65.1130,290,6.3353,303,50.0975,265,36.8576,296,66.9983,54,8.4881,115,31.9495,197,39.8946,327,54.2729,146,56.7320,260,0.0898,198,0.1193,337,-2.8
816,NC Wilmington,47.0869,201,36.8948,59,68.9218,183,9.3274,154,48.0717,185,34.9103,200,65.4917,25,10.9838,292,36.3913,82,35.4745,255,48.8796,283,54.8000,204,0.0862,228,0.1204,338,-3.0
584,SIU Edwardsville,45.5304,267,32.3413,264,67.2606,235,6.5257,289,53.1250,329,36.5591,285,70.8333,255,9.7735,218,37.5279,62,25.4795,8,57.4312,89,57.9832,289,0.0741,310,0.1220,339,9.2
804,Texas Southern,50.1984,74,30.1303,321,63.1783,319,9.9910,116,46.8047,128,32.7014,75,62.3734,4,8.9286,159,37.8545,57,36.2959,278,56.8741,98,61.0729,320,0.1179,31,0.1225,340,-1.1
819,Texas Arlington,49.3642,102,34.4106,168,69.0476,178,7.0133,264,47.2793,150,33.8828,139,67.1851,62,9.8266,225,37.8145,59,39.7669,326,49.3421,272,57.6389,281,0.0880,215,0.1260,341,-1.0
798,Toledo,44.9144,288,31.5582,285,63.3491,315,4.3391,339,52.7750,327,35.6941,241,70.3509,227,12.5881,337,33.8000,143,41.6028,340,60.7261,32,64.3871,342,0.0852,237,0.1285,342,-10.5
773,Southern,42.1053,335,29.4900,334,60.5317,341,8.1614,215,51.1257,298,30.2326,12,66.9535,52,9.3911,194,31.7606,201,32.6169,172,56.1922,107,55.9201,240,0.0797,278,0.1322,343,0.0
787,Texas A&M Corpus Chris,48.8181,126,28.6682,340,64.5724,299,8.9015,178,51.8939,314,33.8843,140,72.1519,312,8.7359,135,31.2853,215,31.4286,124,51.9934,202,56.0393,242,0.0906,192,0.1330,344,3.1
543,Centenary,43.1452,319,31.1558,299,62.7837,322,6.3970,298,55.8796,343,35.8071,249,67.7463,88,12.7016,338,28.6331,269,33.6454,209,49.4565,268,54.8920,209,0.0990,126,0.1394,345,2.8
