Cal St. Fullerton,48.9114,125,35.1931,135,69.1610,163,4.5690,313,51.4655,284,35.1724,195,68.3333,146,6.0653,16,35.2141,106,33.3333,183,50.6286,268,59.4257,261,0.0912,247,0.0642,1
Temple,46.0878,248,27.4775,326,66.3894,232,11.1639,70,46.9121,121,32.2802,50,67.4419,103,10.7824,285,38.8565,48,46.3694,329,43.9940,323,64.7619,324,0.1257,36,0.0664,2
Western Kentucky,50.8547,55,36.9841,57,71.0572,90,9.8818,102,52.1115,295,34.5528,161,66.3265,61,8.4615,144,35.0000,112,29.3556,58,49.2754,288,51.9695,58,0.1145,96,0.0677,3
Charlotte,46.7018,223,36.8254,61,68.3562,184,8.1560,176,50.4433,256,31.6294,31,72.3447,301,7.6517,88,35.6537,96,35.6899,258,53.6042,209,55.4107,167,0.1206,59,0.0746,4
Kentucky,52.3372,32,34.3307,177,66.2551,237,12.5964,33,44.9871,51,32.9412,77,68.9949,179,8.5057,147,32.7320,166,36.8165,286,56.4928,144,51.0013,42,0.1349,20,0.0751,5
Illinois,54.1636,10,39.2246,14,72.8111,47,8.5239,161,44.0748,33,35.7911,230,64.5212,17,7.1687,59,38.8397,50,31.0888,95,66.5751,7,55.4661,170,0.1173,73,0.0755,6
Houston,44.8833,276,33.5740,210,63.3550,293,12.4189,37,49.1196,202,37.8151,308,70.0348,227,11.7594,313,42.7249,12,30.6109,81,50.0642,278,63.8028,321,0.1505,5,0.0759,7
Dayton,43.2292,305,37.8378,43,72.2543,61,6.1798,261,45.5056,63,32.6172,64,73.0769,315,8.9583,181,38.1443,55,36.5193,278,61.5023,50,59.6154,266,0.0920,239,0.0769,8
Old Dominion,49.4514,97,33.0017,232,69.4118,149,11.7550,50,44.9503,49,32.7674,71,65.3358,27,6.8966,46,32.0915,181,32.7769,156,63.6145,25,53.5326,104,0.1427,9,0.0770,9
Butler,52.2124,34,36.5979,72,74.3902,23,5.2463,290,52.6767,305,34.0299,126,67.4473,104,8.1121,119,46.1905,6,26.3987,9,52.2046,243,47.0297,14,0.0793,304,0.0774,10
Texas El Paso,50.0381,76,36.7925,63,79.3388,1,7.5083,204,49.2574,210,33.4437,94,68.0702,134,10.4341,266,28.7575,263,33.2599,178,63.4977,27,57.9474,229,0.1089,123,0.0778,11
San Francisco,44.5652,283,33.3333,220,68.8633,175,6.1655,262,46.8750,117,34.0149,124,69.9413,223,5.5184,6,35.3514,101,31.2427,107,48.0692,302,52.4390,68,0.1148,92,0.0788,12
Texas A&M,52.9469,20,38.9130,21,67.6923,204,9.9071,100,43.2405,17,35.0746,191,68.7500,169,7.6329,87,30.7692,214,35.6146,254,64.9243,13,60.6260,282,0.0937,229,0.0802,13
Drexel,45.3815,267,38.6207,23,67.4735,209,12.2867,41,44.1126,35,34.3182,141,70.4620,242,11.7470,312,36.8020,75,27.2953,18,59.9112,72,52.5449,70,0.0925,233,0.0807,14
UAB,49.8177,84,34.7200,164,69.5876,143,8.4702,163,49.0925,201,35.1632,194,71.6826,288,8.3151,131,31.3126,201,36.8105,285,56.7778,137,57.1429,210,0.1569,3,0.0810,15
Ohio St.,52.4021,31,36.1732,92,65.5670,257,5.1429,297,46.2857,90,32.3636,53,73.3716,322,7.1174,56,38.9130,47,30.9859,93,58.0189,108,55.4362,168,0.1071,134,0.0810,16
Nevada Las Vegas,49.0598,117,35.4895,127,69.6870,141,9.7345,111,48.5841,186,33.3333,88,69.2192,185,6.9231,47,32.8358,165,34.9078,235,53.5393,212,54.0613,117,0.0854,280,0.0816,17
Pittsburgh,50.9502,54,37.8788,41,65.8789,248,11.8562,49,44.0233,29,33.9161,119,70.5179,247,8.5973,157,29.4831,250,35.7277,261,59.4851,81,61.8238,299,0.0998,190,0.0817,18
Washington St.,43.8895,296,33.0693,230,62.0779,312,9.1300,139,45.7573,73,30.0459,6,65.4784,32,7.8640,98,34.9239,114,31.8947,135,61.7241,43,53.6804,105,0.1146,95,0.0819,19
Cal Santa Barbara,44.6486,279,33.8889,197,65.5832,256,9.4668,124,48.7486,192,34.3363,145,68.3168,145,7.1351,58,36.8601,72,38.0728,303,51.6779,254,59.0343,255,0.1154,88,0.0820,20
St. Peter's,47.6516,181,33.1776,228,69.3146,153,5.9966,268,50.7601,267,34.1564,130,70.2580,235,12.6388,323,35.4109,100,29.1018,53,52.3995,238,57.1056,208,0.1170,74,0.0820,21
Villanova,47.4856,193,35.9425,108,73.5549,32,15.7988,4,43.3363,19,31.7544,35,71.6895,289,10.7997,286,34.0402,137,33.4703,190,48.0649,303,60.4167,277,0.1259,35,0.0830,22
IUPUI,48.5870,139,36.3192,86,70.0422,128,9.3936,129,50.1784,244,39.6887,324,69.1099,181,6.9565,51,40.0261,28,37.9336,301,56.4179,148,67.0927,329,0.1232,46,0.0833,23
Niagara,48.4509,143,35.8566,111,75.9798,8,7.5269,203,50.9217,272,35.5641,215,73.4277,323,10.2410,257,39.3211,37,28.6575,43,56.7827,136,58.1861,235,0.0938,227,0.0833,24
Mississippi Valley St.,46.5278,231,31.5534,278,69.1038,166,13.8542,14,43.9583,28,34.6789,168,64.8601,19,6.4484,29,38.0074,58,36.2126,275,48.0422,304,60.8838,287,0.1409,12,0.0834,25
Air Force,53.6982,14,36.4407,79,72.8232,46,5.9666,269,53.3413,314,34.0557,128,71.2928,273,9.6154,222,51.1561,1,27.8208,23,63.7681,23,46.3196,10,0.1570,2,0.0837,26
Cincinnati,48.1684,158,34.8580,156,69.0205,170,16.7790,3,38.8764,1,34.3284,143,67.2241,97,5.6898,8,33.0725,159,33.4165,187,59.1180,85,48.1976,20,0.0783,307,0.0840,27
Cal Irvine,50.0477,75,34.6847,165,69.9812,130,6.7748,240,44.7519,46,37.0370,283,72.6415,306,6.1010,18,29.7388,244,32.8635,158,61.7084,44,46.2822,9,0.0721,322,0.0841,28
Southeastern Louisiana,50.0000,78,29.5597,311,63.2042,296,11.2921,60,45.6026,65,34.3590,149,68.8889,173,5.0752,5,23.0101,323,29.7483,64,49.2013,289,55.7762,177,0.1474,7,0.0845,29
Toledo,50.7360,59,34.7426,162,70.1349,126,7.5937,201,49.8028,234,32.3009,52,69.1630,183,8.6359,159,34.8049,117,30.8322,89,57.2238,120,54.9923,147,0.1424,10,0.0846,30
Wright St.,50.3145,68,35.0404,145,66.8852,222,4.9456,305,49.7527,231,36.4437,259,72.3256,300,5.8401,11,25.0000,311,35.9721,266,50.4348,275,55.6338,172,0.0736,320,0.0854,31
Texas Christian,44.5008,284,36.1508,94,59.4563,328,4.8576,306,48.3250,173,33.6232,102,66.2483,58,13.3672,326,39.4157,36,36.6242,280,54.7264,187,62.2991,303,0.1181,71,0.0858,32
Portland,49.6798,90,33.7748,201,69.7063,140,8.6584,156,47.7640,156,33.3333,88,69.4888,196,9.6981,229,29.3014,254,34.3125,215,52.5862,235,56.6423,199,0.1074,132,0.0860,33
Northern Iowa,52.8520,22,38.0379,36,69.4853,146,11.2340,65,44.5957,40,39.0476,322,72.6277,305,6.4171,28,34.1163,132,30.8824,90,58.7224,92,52.6749,72,0.0920,243,0.0861,34
Gonzaga,54.1602,11,37.9653,39,73.9021,28,9.5410,121,45.6346,67,35.3909,207,67.4545,105,4.3143,1,23.6919,321,39.6196,315,56.7757,138,63.6601,318,0.0798,302,0.0864,35
Binghamton,43.1727,306,32.6599,244,65.6430,254,9.4668,124,45.7018,71,35.9615,235,71.9212,295,10.6426,281,37.3585,66,36.1362,273,48.3974,295,57.1664,211,0.1026,169,0.0865,36
Ball St.,45.5556,264,38.2524,30,68.3566,183,6.1522,263,48.6966,189,37.3303,290,73.4589,324,8.9899,185,34.2193,128,31.5489,121,48.1481,301,57.5949,219,0.0837,288,0.0865,37
Rutgers,44.5772,282,32.1499,257,70.1646,124,8.2164,174,52.9058,307,35.1986,197,66.7382,73,11.2132,298,31.7868,193,35.6959,259,55.4012,171,57.8147,226,0.0950,219,0.0866,38
Miami FL,46.7274,221,35.1159,141,67.3040,215,13.2634,24,46.5649,101,36.1963,247,66.1417,51,9.6935,228,31.7308,195,38.3529,305,44.2838,322,50.9669,41,0.1060,143,0.0867,39
Oklahoma St.,53.0130,18,41.5896,2,77.8788,2,6.4701,247,49.1400,205,35.0202,189,69.4056,192,6.3518,23,30.5822,221,28.8047,46,60.5023,63,56.7917,201,0.1044,155,0.0868,40
Howard,40.7555,324,31.4900,279,67.3585,213,8.0470,183,50.1808,245,35.0917,192,64.8366,18,11.6302,309,39.2879,39,28.2750,34,43.0894,326,56.6384,198,0.0990,196,0.0869,41
Colorado,47.6105,185,34.9180,148,62.6058,305,13.3975,21,49.7373,230,32.3680,54,73.0284,314,8.0252,113,35.4857,99,33.9503,204,53.5762,210,57.3879,218,0.0865,276,0.0870,42
NC Wilmington,43.1018,309,36.0507,101,71.3222,84,4.0884,319,48.7293,191,34.3119,140,66.8350,78,6.8506,41,34.4354,125,37.5862,298,56.9018,131,57.3248,215,0.1065,138,0.0872,43
UCLA,50.2688,70,34.7584,161,71.9243,73,6.1107,264,49.1329,204,33.4669,95,68.4956,152,6.6308,33,32.5272,170,29.1813,55,55.7487,162,50.9186,40,0.0817,295,0.0875,44
Alabama,53.8235,13,39.0164,19,73.3894,35,11.1842,67,42.9276,13,36.5539,269,65.1613,25,6.2745,22,37.4233,62,33.8051,197,54.8920,183,52.0694,60,0.0780,309,0.0878,45
Kansas St.,46.3324,240,37.8313,44,68.3274,187,6.2766,257,48.1915,170,35.2941,202,68.4327,150,8.4494,142,27.8150,280,36.6577,281,63.8720,21,65.1163,325,0.1012,180,0.0882,46
Wisconsin,46.8233,217,39.0625,18,67.7372,202,5.0407,301,48.3740,175,29.9130,4,67.6587,114,8.6162,158,35.7742,92,31.8560,130,56.3452,149,51.7601,53,0.0831,290,0.0882,47
Idaho,44.4950,285,30.9129,290,63.4884,291,7.0866,225,50.0000,238,33.7130,105,68.9716,178,7.0974,54,30.4870,227,30.1718,73,46.7085,314,55.1829,157,0.0860,279,0.0883,48
Arkansas St.,47.7954,178,36.2559,89,66.3212,234,7.7813,196,49.8423,235,33.8432,114,67.3981,101,9.5238,217,27.1208,291,35.4817,249,51.9424,250,51.7665,54,0.0922,237,0.0884,49
Western Michigan,46.0304,249,36.6819,69,70.5718,108,4.6778,310,48.3672,174,35.2679,201,63.1868,6,7.9392,106,35.6871,95,37.2299,290,52.2901,241,52.8662,78,0.0955,218,0.0884,50
Oakland,50.1712,73,33.9721,192,66.3580,233,7.1291,223,53.7572,317,37.5000,293,70.3151,237,7.1918,61,32.9506,161,39.2982,313,58.0026,109,66.0494,327,0.1038,159,0.0887,51
Utah Valley St.,45.5000,265,35.7143,116,71.4286,80,7.9130,193,49.9505,236,32.2418,46,71.6356,287,9.3000,205,31.6005,197,28.1960,31,48.8710,292,54.1864,121,0.0959,217,0.0887,52
Fairleigh Dickinson,49.6947,88,34.8760,153,66.6137,227,10.8527,77,49.0698,199,36.4706,262,65.1403,24,6.1069,19,31.5927,198,28.3333,35,55.8005,159,54.7009,140,0.1009,185,0.0889,53
College of Charleston,46.9370,214,32.0072,264,71.5054,79,8.3102,170,48.1994,171,31.5369,24,65.9130,44,8.2830,128,32.3014,172,31.6288,123,57.8363,110,51.0294,43,0.1245,39,0.0892,54
Detroit,48.2014,157,30.2267,301,65.2830,265,9.8204,105,43.7126,24,35.8182,231,70.8065,260,4.9460,4,26.3088,301,39.7112,316,47.7134,307,53.9146,112,0.0981,204,0.0895,55
Santa Clara,45.8609,255,33.7152,206,72.3684,58,5.0802,300,46.4349,97,38.4755,318,73.6477,326,7.7815,93,33.5899,151,32.9348,162,56.8421,133,59.6180,267,0.0969,210,0.0895,56
Quinnipiac,50.8316,56,33.4495,216,72.6755,49,5.7890,277,50.8870,271,32.9218,76,71.0638,269,11.3306,303,37.3698,64,31.2139,105,56.6814,142,54.8936,144,0.0796,303,0.0896,57
Virginia,47.8485,176,33.0420,231,68.9490,172,9.4424,126,48.6511,188,37.6689,302,66.9630,81,11.5318,308,32.9873,160,34.7418,229,48.8591,293,60.6021,280,0.0959,216,0.0897,58
Texas Tech,50.0318,77,37.7604,45,75.5747,11,9.4109,127,46.2127,88,37.2274,287,66.5441,66,7.0566,53,19.6219,329,32.9400,164,59.3348,82,54.6856,138,0.1105,115,0.0900,59
George Mason,49.0809,114,36.3309,85,69.3721,151,8.0000,187,46.9565,123,36.4162,258,71.7602,291,10.0184,247,33.8200,142,31.0965,96,56.7935,135,57.8875,228,0.1168,76,0.0904,60
New Mexico St.,47.4104,196,33.2743,223,67.1260,219,6.9409,231,50.2999,252,34.0226,125,73.2865,319,8.3665,135,36.0102,85,31.3125,112,48.1928,299,49.0885,29,0.0690,328,0.0905,61
Arkansas Little Rock,48.1092,163,36.1194,98,73.0038,44,8.0376,185,47.4948,147,34.9765,185,66.0194,48,7.3529,73,26.0295,302,30.7803,86,53.1952,221,53.3113,99,0.0967,212,0.0907,62
California,48.3077,150,31.9767,265,62.7119,304,8.4048,166,47.2556,138,35.5963,219,72.8346,311,6.9231,47,20.9246,327,31.8527,129,57.1816,121,60.8054,284,0.0703,327,0.0907,63
Southern Illinois,47.8936,173,36.4469,78,75.2418,13,7.8727,194,46.1474,84,34.0862,129,68.7407,168,6.8736,43,28.7520,264,28.9709,49,53.7190,206,54.3933,130,0.1378,14,0.0909,64
Southern Utah,46.8750,215,40.9274,5,64.2369,280,5.6769,282,53.4934,316,35.8974,233,73.0909,316,8.0208,112,34.0659,135,35.6290,255,62.6340,36,57.2917,213,0.1364,17,0.0910,65
Troy,48.9865,123,36.2712,87,67.7201,203,8.1527,177,55.5212,324,37.0945,285,70.5357,248,9.0090,186,49.9154,2,42.2527,326,58.9947,89,63.2959,312,0.1432,8,0.0911,66
Loyola Marymount,44.7833,278,31.7352,274,73.3467,38,8.3665,168,49.8008,233,37.6652,301,68.5926,155,7.8652,99,26.0095,303,31.1385,98,61.4060,52,54.2474,125,0.1242,40,0.0916,67
Louisiana St.,51.0277,52,35.9019,110,72.9927,45,11.0147,74,47.7884,158,37.9427,310,68.6090,159,7.2386,66,33.7870,143,33.9633,205,56.9588,129,45.4897,6,0.1014,176,0.0917,68
Idaho St.,44.0696,292,29.6984,308,69.1756,162,10.3067,88,51.4110,282,34.4383,153,69.6751,210,9.1404,194,31.9259,187,39.9853,318,55.1595,178,62.5413,306,0.1164,80,0.0920,69
Washington,52.8424,23,38.6950,22,73.0245,43,6.1818,260,50.5455,259,33.7248,107,69.5425,204,6.0078,13,29.8595,241,30.2385,75,60.7642,60,55.9152,181,0.1104,117,0.0922,70
Pepperdine,48.6733,137,35.2632,132,66.0485,242,9.4077,128,47.8223,161,37.1981,286,71.3826,277,5.8872,12,32.0946,180,35.1046,239,51.9036,252,51.9231,57,0.0903,253,0.0922,71
Northern Arizona,48.1443,160,37.0166,56,71.3299,83,3.4659,325,51.7839,293,36.3813,255,72.5455,303,11.6495,310,35.8890,89,34.3813,218,55.8383,158,58.2734,239,0.0886,264,0.0922,72
Robert Morris,49.2723,103,35.6747,118,71.3755,82,6.9208,233,54.6640,321,36.1059,242,68.1342,137,6.0291,14,35.9947,86,34.6658,228,52.1739,244,56.5217,194,0.1051,149,0.0926,73
Louisville,51.5254,43,39.9767,10,72.4490,55,11.2865,61,42.3047,9,32.6586,65,66.7564,75,7.7119,91,42.1001,15,36.9024,287,59.0957,86,56.0411,184,0.1229,48,0.0933,74
Murray St.,50.0000,78,36.5422,73,64.3011,278,8.2949,172,50.8065,268,37.9747,311,70.8861,261,9.0447,189,34.0924,133,31.2747,109,55.7522,161,61.2521,294,0.1142,98,0.0934,75
Sacramento St.,39.5393,328,32.8413,238,69.7324,139,8.1654,175,51.4316,283,34.7126,172,70.6944,254,9.1171,192,34.2172,129,31.5675,122,49.8305,279,59.4340,263,0.1341,22,0.0935,76
Georgia Southern,46.7532,220,32.3583,251,72.2481,62,10.0000,96,46.4706,98,34.5794,162,69.6237,207,8.5227,149,30.7476,215,26.4524,10,50.4648,272,46.9330,12,0.1200,61,0.0935,77
Chicago St.,47.4882,192,32.5431,245,62.2575,308,9.7371,110,50.2434,249,40.2516,329,68.0073,132,10.3318,262,30.5464,222,31.7154,125,50.6135,269,69.7740,330,0.1219,51,0.0937,78
Illinois St.,51.0703,51,35.1711,139,65.5856,255,7.3675,211,49.2363,207,35.0622,190,69.4196,194,9.5821,221,34.9038,115,30.2194,74,58.6006,96,53.6960,107,0.0996,191,0.0938,79
Hofstra,50.4147,66,35.3420,130,65.2932,264,12.2633,42,43.2822,18,34.6642,165,68.6544,160,9.0323,188,36.1389,84,33.1928,176,51.4398,256,57.0790,206,0.1164,78,0.0938,80
Cal Davis,48.1613,159,36.7876,64,74.6421,17,2.9835,328,55.8642,329,39.3443,323,66.2142,57,10.2017,255,40.7173,23,27.3543,19,53.6349,208,55.3130,162,0.0911,249,0.0939,81
Creighton,47.6190,184,41.4427,4,73.0303,42,8.5648,158,47.7623,155,36.1582,245,65.1741,26,10.0629,250,38.8462,49,29.0640,52,58.6877,94,53.1443,92,0.1062,141,0.0939,82
Duquesne,46.1285,245,32.4226,248,76.4331,6,11.4632,56,48.0895,169,36.6771,276,68.7075,167,8.0725,117,31.1401,206,37.2881,291,59.6206,78,61.7333,298,0.0942,223,0.0942,83
North Carolina St.,51.5179,44,36.9811,58,70.4852,112,11.9472,47,47.0132,127,34.6760,167,69.6845,211,9.8214,235,41.5144,20,30.6989,84,60.3904,64,50.1244,36,0.1124,106,0.0942,84
Illinois Chicago,47.5068,191,33.3333,220,68.4109,181,4.7516,307,49.6760,227,36.9072,279,69.2771,188,8.9755,182,26.7110,299,34.3728,217,50.4559,273,56.9640,204,0.1024,173,0.0942,85
Virginia Tech,45.5607,263,35.0105,146,64.1667,282,13.0919,26,49.3036,211,34.8457,179,66.4050,63,8.5670,152,27.0869,292,33.8452,198,52.7926,229,51.7289,52,0.1315,24,0.0943,86
Vermont,48.6830,135,35.8189,114,72.1649,68,4.6414,312,45.6540,68,32.3680,54,70.0837,230,8.2652,126,40.5508,24,33.1264,173,61.3665,55,53.0780,88,0.1030,168,0.0944,87
Canisius,47.0490,209,35.9779,107,68.8889,174,10.3302,86,46.9941,125,34.9379,182,72.2973,299,9.3932,212,31.0602,208,35.2877,244,49.8029,281,62.5641,307,0.1036,162,0.0944,88
Yale,47.1171,206,33.7696,202,65.6766,253,7.3654,212,46.9311,122,34.4633,157,72.2334,298,8.5586,151,25.6032,307,33.3962,186,57.0552,124,55.7353,175,0.0935,230,0.0946,89
Indiana St.,43.7943,298,30.7847,292,69.8738,132,4.7491,308,51.0753,275,32.0537,39,72.7273,309,7.8014,95,30.5846,220,31.8265,128,57.0325,125,56.9878,205,0.0949,220,0.0949,90
Albany,46.3968,236,37.9085,40,72.2317,63,7.0321,228,47.4664,145,34.4507,156,68.6992,165,9.9704,245,31.1821,204,35.7048,260,56.8323,134,58.8509,251,0.1220,49,0.0949,91
Hawaii,48.3461,149,33.6484,209,66.1088,240,10.1812,91,46.3330,93,34.7126,172,71.7626,292,7.2943,70,30.9719,209,27.2898,17,65.7754,12,54.2151,124,0.1013,178,0.0951,92
Manhattan,49.1630,110,32.0455,262,68.1373,194,12.8347,32,46.9991,126,33.8747,118,70.7763,259,10.3084,260,27.9365,276,28.4676,39,49.3562,285,53.2824,96,0.1187,67,0.0952,93
Vanderbilt,52.8950,21,38.4707,25,67.7477,201,8.4843,162,45.7166,72,34.2809,139,64.3142,15,10.5005,271,45.0970,8,33.0022,168,62.8339,33,46.9737,13,0.1019,175,0.0953,94
Wisconsin Milwaukee,49.9051,82,35.2507,133,70.7621,98,9.6014,119,46.8297,113,30.7547,15,70.1299,232,7.5901,86,39.1455,45,32.4357,148,54.1176,197,48.6765,25,0.1188,65,0.0954,95
Oregon,52.9718,19,33.7972,200,65.4882,259,7.5072,205,48.9894,196,32.8767,75,71.6338,286,8.3420,133,34.4049,126,32.9677,166,53.3923,213,57.6071,220,0.0766,314,0.0954,96
Lamar,46.8284,216,34.1719,185,68.2090,193,10.6768,80,46.6158,104,33.8491,115,62.7200,3,8.5821,155,30.7941,212,33.0140,169,52.3308,240,64.1566,322,0.1033,165,0.0954,97
Arizona,50.7077,60,40.1587,9,77.6184,4,9.8833,101,47.8380,163,34.6883,169,67.4757,107,5.7231,9,27.9379,275,33.6219,193,56.7317,141,58.7618,247,0.1129,104,0.0957,98
Radford,46.1688,244,31.8872,268,70.4062,115,7.3120,214,52.4202,301,32.4701,58,68.5981,156,6.7895,38,30.8981,210,34.0801,209,46.5490,315,53.1250,91,0.1044,156,0.0965,99
Arkansas,49.1272,112,37.2188,50,66.2975,236,14.6204,8,46.0169,81,30.9160,16,66.1905,56,6.5669,31,28.9007,258,32.9353,163,56.2743,152,54.2113,123,0.1275,32,0.0965,100
Northeastern,50.3095,69,33.4716,214,70.9622,95,14.3354,9,45.9986,79,32.3864,57,68.5832,154,8.0460,116,38.9968,46,26.8702,14,49.8150,280,53.0048,83,0.0993,192,0.0966,101
DePaul,48.0033,168,34.8928,152,68.2968,189,9.9150,99,46.7422,111,34.9565,184,70.6835,253,6.7645,36,29.4828,251,35.1897,241,56.1198,153,62.0690,301,0.0869,271,0.0966,102
Oregon St.,46.7730,219,38.1139,33,72.3944,57,9.1703,136,50.3639,253,31.6949,32,66.9872,84,6.3781,24,27.8751,278,30.0407,70,52.9630,226,49.6018,33,0.0852,281,0.0967,103
Virginia Commonwealth,48.4441,144,34.8460,157,69.3271,152,10.8108,78,45.0450,52,34.1847,134,68.2432,142,4.7939,2,34.1639,130,29.4220,60,53.3502,214,52.9006,80,0.1037,161,0.0967,104
St. Mary's,48.4288,145,34.8726,154,72.2222,65,7.1784,220,45.9844,78,33.0900,79,66.7820,76,10.0739,252,36.7251,76,22.6073,2,46.9717,311,43.9336,2,0.0875,267,0.0968,105
Oral Roberts,50.7949,58,39.2505,13,72.0113,71,7.5277,202,45.6089,66,33.2696,87,67.1545,91,8.4027,136,27.7352,282,27.8488,25,63.2184,28,44.5707,3,0.1053,148,0.0968,106
La Salle,46.2687,242,32.7718,241,72.7811,48,6.2563,258,49.6468,224,33.4294,93,70.1176,231,10.6774,283,42.8478,11,41.1869,324,59.3193,83,61.4641,297,0.1161,84,0.0970,107
San Jose St.,43.4982,302,33.8983,196,72.6563,50,4.1276,318,51.7824,292,34.1593,131,73.3075,320,7.4176,77,32.7172,167,34.6413,224,54.8092,184,60.9396,290,0.0721,323,0.0972,108
Ohio,52.8150,24,32.9114,236,69.8254,134,7.8053,195,47.7502,153,36.3905,256,73.3333,321,9.7408,231,33.0742,158,38.3003,304,47.9948,305,54.4386,132,0.1303,26,0.0972,109
Alabama A&M,44.6445,280,30.3473,297,61.3846,315,9.1379,137,47.4138,143,30.4348,8,65.7588,40,9.6682,226,34.1448,131,27.3638,20,56.6719,143,55.7833,178,0.1501,6,0.0972,110
Florida,53.3333,17,38.9776,20,70.6704,102,12.3834,38,45.4623,62,31.6254,29,66.9381,80,7.3778,74,35.7510,93,32.4355,147,56.2796,150,47.5524,15,0.1055,145,0.0977,111
Rider,47.5184,190,36.5177,76,75.6458,9,7.4402,208,51.2843,280,31.1037,17,69.7543,215,10.4779,267,37.3633,65,34.6265,223,58.2228,103,58.8235,249,0.1074,133,0.0978,112
Davidson,47.1038,207,37.1179,53,74.6528,16,3.5928,324,45.9082,76,35.4331,209,71.0575,268,9.9454,243,42.8839,10,38.7905,307,59.1837,84,55.0365,149,0.0760,316,0.0980,113
Birmingham Southern,49.3349,100,35.0814,144,72.2309,64,7.1429,222,47.0982,132,34.5878,163,65.1274,23,8.5852,156,40.0725,27,38.3769,306,51.3289,261,53.1707,93,0.0814,297,0.0983,114
Notre Dame,42.7699,313,38.4380,27,72.3232,59,10.7143,79,45.2962,55,35.4430,210,65.6904,37,12.1181,315,39.9388,31,29.2232,56,61.9970,39,57.1221,209,0.1050,150,0.0985,115
Boise St.,47.4548,194,36.2238,91,68.3502,185,5.8736,272,52.4164,300,33.0435,78,69.4915,197,7.3071,72,36.9891,71,29.9479,69,53.7634,204,51.0615,44,0.0752,319,0.0986,116
Georgia St.,46.7016,224,36.3636,84,70.5021,109,11.2389,64,48.9381,195,34.0074,123,69.9620,225,7.1204,57,41.2669,21,32.4970,149,52.1739,244,52.8455,76,0.0931,231,0.0989,117
Akron,48.3904,147,38.1271,32,68.2456,192,10.1313,92,43.6210,22,34.3254,142,69.6398,208,7.8920,102,38.3088,53,32.1019,139,64.8415,14,53.9185,113,0.0984,198,0.0989,118
Georgia Tech,50.4208,65,33.3333,220,69.0987,167,13.0540,28,42.9492,14,31.5133,23,65.8571,43,9.7934,233,30.3676,231,34.0595,207,55.4770,168,54.6939,139,0.1163,81,0.0992,119
Winthrop,47.9230,172,36.1552,93,68.7011,177,11.9126,48,44.5902,39,32.8744,74,66.1667,52,6.3830,25,36.4865,78,38.8369,308,61.6519,46,55.9265,182,0.1211,57,0.0992,120
Evansville,50.0000,78,38.0399,35,66.9708,221,6.7251,241,50.3899,254,35.0000,188,70.9732,266,7.1888,60,39.2438,42,35.3090,245,63.1655,30,58.2048,237,0.0706,326,0.0996,121
Stephen F. Austin,44.8913,275,34.0984,190,70.7368,99,4.6484,311,51.0131,273,34.3284,143,66.0532,49,10.0000,246,24.8980,312,28.5349,41,49.7099,283,48.8029,26,0.0811,298,0.0997,122
Stanford,45.9364,253,34.1598,186,73.6765,30,6.6303,245,44.3838,37,37.7210,305,71.3073,274,8.2686,127,20.4162,328,28.4199,38,48.1912,300,51.6426,51,0.0965,213,0.0998,123
Denver,51.8584,39,36.3825,83,70.1724,123,11.4625,57,45.4545,61,34.4828,158,67.8879,122,9.5575,220,29.8572,242,26.8363,13,58.2129,104,49.1156,30,0.1033,164,0.0998,124
Boston University,47.3590,200,31.4010,282,67.2662,217,13.3083,22,41.1434,4,28.8201,2,66.7431,74,9.4002,213,27.0411,294,32.6389,152,54.7800,186,58.6735,244,0.1114,112,0.0998,125
Fairfield,47.8838,174,30.4015,296,72.3104,60,17.3675,2,45.9781,77,34.9817,186,67.9811,131,8.5477,150,30.2662,232,33.2927,182,59.5109,80,52.5937,71,0.1124,107,0.0999,126
Iowa,49.5679,94,37.6344,47,69.1275,165,13.5975,17,45.2214,54,34.8915,181,66.5635,67,8.3268,132,30.4752,228,31.7603,126,59.5719,79,58.4071,240,0.1083,127,0.0999,127
West Virginia,52.5359,30,36.0452,104,74.2097,26,10.0467,93,49.3769,214,36.1065,243,72.7121,308,9.6651,225,45.8549,7,31.8833,132,66.5899,6,56.5217,194,0.1233,44,0.1000,128
Cal St. Northridge,49.6575,92,33.9431,194,71.2828,86,7.4364,209,51.1742,277,32.0896,40,71.4506,281,8.9897,184,29.6386,246,34.4031,220,55.4217,170,58.4173,242,0.1548,4,0.1002,129
Delaware St.,47.1443,204,34.2444,181,74.4745,22,8.5343,159,51.4842,285,37.5000,293,65.0177,21,10.5919,277,39.2429,43,31.5121,120,52.6237,234,52.2267,62,0.1410,11,0.1003,130
Wisconsin Green Bay,48.2830,151,37.8788,41,73.6626,31,5.4490,288,50.1514,242,33.7864,111,67.6471,112,8.7409,168,32.4666,171,34.1965,212,56.9640,128,48.8823,27,0.0861,278,0.1003,131
Utah St.,58.0139,1,39.1121,17,69.1438,164,8.2958,171,43.8233,25,31.9739,38,71.8204,293,8.0139,110,29.1795,256,35.5981,253,64.5123,15,47.6540,16,0.0898,257,0.1003,132
Louisiana Lafayette,49.7861,85,33.3907,219,66.2400,238,8.0460,184,49.0421,198,35.8779,232,66.4731,65,6.4157,27,33.2000,157,33.4184,189,46.9072,312,53.8571,110,0.1343,21,0.1006,133
Nebraska,48.4095,146,31.6940,275,65.9677,244,11.3052,59,46.1459,83,32.5000,60,67.9012,123,10.3380,263,35.3055,103,34.8292,232,57.3374,118,52.4272,67,0.0879,266,0.1008,134
Missouri Kansas City,49.7366,87,36.0531,100,68.8312,176,7.2063,218,49.3583,212,37.7246,306,63.8655,10,7.2708,69,35.7046,94,33.0911,172,56.0423,155,54.5718,136,0.1066,137,0.1008,135
New Orleans,46.4167,235,32.3661,250,63.1841,297,5.8717,273,47.5158,148,37.0297,282,69.1792,184,10.4167,264,27.1845,290,31.3275,113,54.2735,192,53.2959,98,0.0921,238,0.1010,136
St. Louis,45.3789,268,29.4537,312,66.7323,225,5.7087,281,42.7165,11,35.5848,217,68.9038,174,8.1331,120,28.0106,273,37.3999,293,61.9512,41,55.5385,171,0.1021,174,0.1010,137
San Diego St.,46.5403,229,32.0346,263,69.5286,144,7.4457,207,53.0507,310,35.5932,218,72.9249,313,8.7204,165,30.4548,229,35.4473,248,48.3568,296,58.6895,245,0.1187,66,0.1011,138
Austin Peay,47.4093,197,34.9091,150,67.8630,198,7.1558,221,50.0000,238,36.1940,246,68.7034,166,8.0311,114,32.2014,177,32.6829,153,55.7355,163,53.8874,111,0.1045,153,0.1012,139
Texas,49.1979,109,38.5762,24,69.6078,142,11.0825,73,44.0722,32,31.6024,28,68.6851,163,7.9323,104,34.9942,113,36.6703,283,49.6815,284,53.0303,84,0.0870,270,0.1014,140
Michigan St.,55.2025,6,35.4943,126,77.6824,3,7.4614,206,46.5695,102,35.4839,212,66.9670,82,6.1954,21,32.8891,163,33.5613,192,61.8162,42,53.7234,109,0.1153,89,0.1015,141
South Alabama,45.6704,259,34.5098,170,64.7173,273,7.3375,213,46.3312,92,35.3846,206,69.5238,202,8.9385,179,41.5987,19,29.0179,51,52.6839,231,55.1724,156,0.1087,124,0.1020,142
Arizona St.,50.5766,63,34.7687,159,71.5584,76,8.7746,154,49.2436,209,33.7037,104,71.4065,279,7.4135,76,34.0576,136,29.0011,50,63.7019,24,52.8211,75,0.0888,261,0.1020,143
Weber St.,49.0672,115,32.3467,252,72.5000,54,4.0256,322,51.1436,276,35.9184,234,68.1818,139,9.5149,216,30.6149,219,30.9539,91,57.4374,116,56.5986,197,0.0688,329,0.1021,144
Oklahoma,52.1412,36,37.1528,51,69.0184,171,10.1824,90,47.4924,146,29.2056,3,70.0454,228,6.3862,26,30.2045,233,24.5413,3,56.2775,151,53.2000,94,0.1322,23,0.1022,145
Cleveland St.,48.4962,140,31.7829,271,70.2259,121,4.2827,317,51.4989,286,34.6995,170,72.8625,312,10.0251,248,39.2694,41,28.1538,29,60.6171,61,55.0987,153,0.1119,110,0.1022,146
Stetson,46.0894,247,32.0652,261,70.5882,106,5.8008,276,55.8638,328,33.9478,121,68.6047,157,8.9385,179,25.5201,310,45.0831,328,44.3719,321,66.1145,328,0.1164,79,0.1029,147
Cornell,48.2311,156,38.0550,34,74.8780,14,8.3793,167,50.4961,257,36.2613,248,70.7692,258,9.5519,219,35.8062,91,32.8645,159,56.8761,132,55.0889,152,0.1078,128,0.1029,148
Northern Illinois,48.2688,153,39.2079,15,74.8000,15,11.9961,46,49.9508,237,34.6667,166,71.8929,294,8.3503,134,33.9610,141,34.0467,206,61.0119,58,54.3478,128,0.0887,262,0.1030,149
Wake Forest,53.4031,16,39.9046,11,68.4327,179,9.0145,143,47.0588,131,36.9723,281,69.0881,180,8.9005,177,31.9939,185,34.4188,221,55.0259,182,52.7586,74,0.1182,70,0.1031,150
Grambling,43.5955,301,35.6132,121,62.1287,310,8.5263,160,47.7895,159,31.5476,26,63.4545,7,11.2360,300,32.2679,175,26.1275,7,61.2245,57,51.2500,45,0.0913,246,0.1032,151
Central Connecticut,48.2725,152,36.8317,60,73.2314,39,5.2000,294,52.7000,306,37.2587,289,69.3833,191,8.4896,146,33.2675,156,34.1238,211,56.7407,140,57.6389,221,0.0924,235,0.1034,152
Belmont,49.0196,122,36.0049,106,67.6106,206,8.9552,145,51.3060,281,31.3356,20,68.3812,148,12.3414,320,48.3313,5,35.2657,243,57.7406,113,55.2524,158,0.1077,129,0.1034,153
Coppin St.,42.5287,315,28.4483,322,69.1824,161,11.0843,72,45.3012,56,34.8387,178,66.0142,47,9.0186,187,23.5294,322,42.7586,327,46.2069,316,60.8108,285,0.1294,27,0.1034,154
Samford,57.7320,2,42.0765,1,74.2574,25,2.9782,329,53.2646,313,40.1028,326,70.7182,255,10.6529,282,48.5411,4,30.8241,88,58.5538,98,50.5636,38,0.1194,63,0.1035,155
Texas Pan American,45.7967,256,32.9268,235,70.3704,116,6.4211,251,49.6842,229,35.7143,228,68.2540,144,11.2923,302,38.1691,54,32.7195,154,52.9412,227,53.6892,106,0.0902,254,0.1036,156
South Carolina St.,50.3167,67,31.3199,283,70.7353,101,6.2380,259,44.6257,42,30.6542,12,67.5325,110,8.4163,137,28.8015,262,33.9252,203,48.5632,294,45.4690,5,0.1147,93,0.1037,157
Hartford,43.1138,307,28.7946,319,62.9371,299,6.0335,266,48.4916,183,37.6164,298,70.4846,244,6.7579,35,27.7056,284,37.5000,295,39.6524,329,57.2327,212,0.1010,183,0.1037,158
Southern California,49.0987,113,36.6929,68,59.8485,326,6.6901,244,52.5528,303,35.3398,204,69.4168,193,5.7511,10,35.2778,105,31.1932,102,54.0373,199,56.4827,192,0.1131,102,0.1037,159
Richmond,48.7085,133,35.2083,134,63.5274,289,11.1670,69,46.8813,118,36.4111,257,67.6692,115,9.1328,193,30.6905,217,36.6071,279,59.6844,75,59.5556,264,0.0938,226,0.1037,160
St. Francis NY,49.2228,107,37.1380,52,63.5231,290,10.3448,85,51.7241,290,31.5534,27,68.6709,161,8.9119,178,37.8222,60,27.2127,16,56.4214,147,53.2857,97,0.1185,68,0.1038,161
MD Baltimore County,43.0018,310,31.0870,287,62.3819,307,7.9710,188,48.4472,180,32.3810,56,71.3073,274,9.8527,238,29.7542,243,35.2113,242,60.1639,69,54.5455,135,0.0911,248,0.1038,162
Louisiana Tech,49.0260,121,31.3175,284,62.1283,311,6.4309,250,46.8650,116,34.7648,176,69.6226,206,9.3344,209,27.3156,289,28.2170,32,60.2136,67,52.1912,61,0.1001,187,0.1040,163
Middle Tennessee,47.5543,186,34.2912,179,70.2660,120,5.6324,285,47.0356,129,35.4167,208,69.7479,213,8.4239,140,32.1033,179,34.2857,213,45.4545,318,50.8296,39,0.0889,260,0.1042,164
Lehigh,40.4482,326,34.2205,183,70.5882,106,6.4764,246,42.2613,7,34.8178,177,70.8882,262,9.1782,196,35.9535,88,35.1601,240,64.0429,19,62.8366,310,0.1011,181,0.1044,165
Mount St. Mary's,45.1579,273,35.1064,143,66.3136,235,3.3865,326,53.7849,318,34.8558,180,67.1451,90,8.8421,170,37.2523,69,29.2958,57,53.2695,216,54.4526,134,0.0910,251,0.1046,166
South Carolina,51.4200,47,32.4752,246,61.3354,317,12.5553,34,46.3307,91,33.7261,108,66.1667,52,7.4738,79,27.4010,286,37.5138,296,51.4085,257,55.6441,173,0.1168,75,0.1047,167
Saint Joseph's,46.5433,228,37.0620,55,65.9383,246,13.4473,20,42.2734,8,34.3860,151,64.1068,13,10.5161,273,41.9446,17,29.7495,65,67.8619,4,56.0784,185,0.0867,274,0.1047,168
Kansas,52.6638,29,36.7347,65,69.4915,145,10.3139,87,42.4215,10,31.9328,37,67.4847,108,7.2489,67,32.0071,183,34.7953,231,61.6729,45,49.1704,31,0.0959,215,0.1052,169
Nicholls St.,42.4379,317,32.9768,233,74.5698,19,2.9234,330,54.4355,320,36.5180,265,67.9035,124,13.4312,327,38.7699,51,32.1941,141,52.4064,237,51.4045,47,0.0901,255,0.1052,170
Syracuse,54.2210,9,31.2000,286,66.6667,226,13.3051,23,43.1356,16,32.5974,63,67.7266,118,7.4811,80,25.5493,308,39.4872,314,55.1797,177,65.2632,326,0.1214,52,0.1056,171
Drake,46.5451,227,32.9502,234,72.1763,66,9.0719,141,50.2607,250,38.7048,320,69.9387,221,14.2994,330,33.3760,154,40.9119,322,53.2725,215,60.4871,278,0.1209,58,0.1056,172
Missouri,47.6460,183,30.6034,293,68.2540,191,5.7554,278,46.6827,108,36.3107,253,71.0526,267,9.3220,207,39.5904,34,29.1619,54,57.0236,126,55.7717,176,0.0963,214,0.1057,173
Elon,45.2547,271,32.4056,249,62.8885,302,6.3477,255,50.3906,255,37.7176,304,65.4479,30,8.2917,130,33.4441,153,33.5496,191,50.9740,264,59.2124,257,0.1156,86,0.1057,174
Kent St.,48.8688,129,34.9131,149,68.3673,182,5.1707,295,50.8293,270,35.2212,198,68.1159,136,6.8778,44,36.4212,80,35.5346,251,61.3666,54,58.7500,246,0.1237,41,0.1058,175
Southern Methodist,47.9407,170,33.9506,193,69.7588,136,8.4681,164,49.3815,215,33.1776,84,70.9302,263,8.7315,166,21.0663,326,28.9385,48,51.8786,253,61.1195,292,0.1271,33,0.1058,176
Tennessee,49.3163,101,38.2759,29,68.9046,173,8.8688,150,50.4977,258,36.5482,267,64.1869,14,6.9280,49,34.5856,120,34.8467,233,54.7837,185,59.4315,262,0.1103,118,0.1059,177
Iowa St.,47.6901,180,29.1990,316,68.3043,188,11.2583,62,48.4390,179,30.7238,14,67.6136,111,7.1073,55,21.5719,324,39.0427,312,56.7602,139,62.3611,304,0.1385,13,0.1060,178
Appalachian St.,49.0664,116,34.9922,147,65.6780,252,11.6651,52,49.7648,232,31.4516,22,68.8716,172,7.6763,89,40.0124,29,31.8153,127,60.1719,68,51.8248,56,0.1292,30,0.1060,179
Eastern Michigan,48.4704,141,34.1935,184,69.4194,148,6.3579,254,52.4069,299,33.7638,110,65.9236,45,10.9943,291,30.7743,213,32.9884,167,51.3514,259,55.0000,148,0.1025,171,0.1060,180
Southwest Missouri St.,45.8919,254,39.2610,12,73.4414,33,11.1927,66,45.1376,53,37.5806,296,71.5976,285,8.8823,174,24.2713,316,36.2573,276,58.6076,95,55.4483,169,0.1146,94,0.1060,181
Montana St.,51.4184,48,32.0724,260,67.6259,205,11.1691,68,46.9729,124,32.8386,72,65.5832,34,7.2104,62,41.8157,18,36.0053,269,57.1429,122,60.6061,281,0.0984,200,0.1060,182
George Washington,51.4965,46,36.2416,90,69.2641,156,12.1442,44,47.4383,144,34.4444,155,65.8363,42,5.6025,7,25.5429,309,37.4109,294,58.1032,107,60.2510,274,0.1376,15,0.1062,183
South Florida,47.5210,189,35.6077,122,69.2901,155,9.0323,142,45.3456,59,32.2581,48,71.1111,271,9.2610,202,30.4941,223,31.3725,116,55.7037,164,52.3006,64,0.1037,160,0.1062,184
Texas Arlington,51.5152,45,33.7237,204,67.9054,196,7.7314,197,49.2370,208,32.2940,51,67.3953,100,10.4798,268,35.0287,110,31.3547,115,54.3478,190,53.4181,100,0.0818,294,0.1062,185
Southeast Missouri St.,50.2183,71,37.3550,49,69.4805,147,9.6958,116,50.2852,251,33.2362,86,72.6190,304,9.0611,190,31.9970,184,24.5878,4,57.0048,127,53.0327,85,0.1188,64,0.1062,186
Maryland,47.6497,182,33.2717,225,72.6392,51,14.2755,10,43.8972,27,34.3885,152,66.8044,77,10.4958,270,25.8357,305,33.1584,174,54.2391,194,52.3419,65,0.1063,140,0.1063,187
Duke,48.8715,128,38.0079,37,71.2546,87,13.8539,15,41.2469,5,30.6220,11,71.4953,283,11.3715,305,39.8433,33,20.8375,1,49.3552,286,41.8902,1,0.1232,45,0.1064,188
Bradley,48.0280,166,32.1277,259,71.0572,90,13.0777,27,46.5093,100,35.4662,211,69.9552,224,6.8361,40,29.1744,257,34.9744,237,54.2203,195,59.8201,269,0.1053,147,0.1068,189
Wagner,47.5452,188,29.9786,306,61.3430,316,9.7308,113,46.5839,103,36.6460,274,70.6612,251,6.8906,45,28.6855,266,40.0000,319,52.0231,248,64.7230,323,0.0981,203,0.1069,190
Sacred Heart,48.7671,131,28.7129,321,63.3147,294,7.0480,226,49.4382,216,37.9771,312,70.5882,249,7.2146,63,26.9513,296,34.8636,234,50.7692,267,56.5154,193,0.1075,130,0.1070,191
Boston College,48.6772,136,34.1598,186,71.1911,88,9.6909,117,44.0267,30,35.6618,224,69.8598,219,7.8609,97,21.5302,325,31.2464,108,68.6198,2,56.8655,202,0.1090,122,0.1070,192
Tulsa,48.9362,124,33.9019,195,69.0435,169,14.1146,11,44.3969,38,36.5503,268,69.7736,216,8.0196,111,27.7351,283,29.4082,59,54.2933,191,57.1019,207,0.1013,177,0.1070,193
Morgan St.,47.3418,201,31.9475,266,62.0438,313,6.4484,248,49.6032,222,36.1050,241,65.4545,31,7.5105,82,27.8319,279,31.1945,104,54.1726,196,49.6241,34,0.1138,100,0.1074,194
Valparaiso,47.1195,205,41.5663,3,73.1746,41,3.0756,327,50.2078,247,35.7766,229,68.1048,135,9.6303,223,29.9819,239,32.2635,142,61.9868,40,54.1409,119,0.0708,325,0.1076,195
Florida Atlantic,48.0903,164,35.1548,140,64.3333,277,10.9653,75,49.2034,206,36.9258,280,71.0652,270,10.3299,261,32.2751,174,34.6601,227,47.6573,308,61.3079,296,0.1149,91,0.1076,196
New Mexico,55.8209,3,39.1304,16,67.8571,199,9.7884,107,47.9718,166,31.6265,30,69.8603,220,10.1493,253,39.8923,32,36.9299,288,57.7859,111,57.2944,214,0.1132,101,0.1080,197
Wofford,50.0534,74,33.4118,218,64.0873,284,5.8577,274,49.5816,221,36.7206,277,70.4104,239,8.4312,141,31.2041,203,31.1735,100,57.1195,123,48.0253,19,0.1212,55,0.1080,198
Monmouth,50.4739,64,33.6861,208,77.0642,5,7.2805,216,46.3597,94,33.1230,80,70.7368,256,7.7014,90,40.1843,25,40.4337,320,66.4506,8,61.2753,295,0.1245,38,0.1082,199
Portland St.,54.5842,8,34.4059,174,64.8921,270,9.8058,106,46.8932,119,32.0896,40,72.7569,310,6.0768,17,30.1043,235,28.0726,26,66.6667,5,52.9412,82,0.1013,179,0.1083,200
Colgate,46.2025,243,36.4780,77,70.9924,94,7.1214,224,47.6429,149,34.9558,183,67.9688,130,6.1181,20,33.4737,152,31.1939,103,53.1046,223,48.3412,22,0.0827,291,0.1085,201
Bucknell,48.8934,126,36.8866,59,70.0893,127,9.0047,144,43.0332,15,32.5503,61,70.4791,243,8.1489,121,37.2871,67,36.0993,271,59.0909,87,54.3210,127,0.1248,37,0.1086,202
Cal Riverside,45.2851,270,32.1503,256,69.2008,159,5.4976,287,46.6351,105,34.4418,154,72.7106,307,11.4035,306,34.4357,124,28.5230,40,63.1393,31,52.9042,81,0.0766,315,0.1087,203
Iona,47.2453,203,35.6808,117,70.6612,103,15.7143,5,44.6218,41,34.1894,135,70.9318,264,7.9245,103,24.3290,315,34.3629,216,58.3548,101,58.1989,236,0.0918,244,0.1087,204
Eastern Washington,46.7259,222,33.2008,227,66.0377,243,4.9730,302,50.7027,265,37.2549,288,68.9490,176,7.5472,83,35.8262,90,30.6077,80,62.7551,35,53.4622,101,0.0777,310,0.1088,205
Purdue,47.3832,199,29.6214,310,67.8988,197,10.0414,94,47.1014,133,40.4624,330,66.4247,64,10.8411,287,29.5589,248,34.9495,236,56.0938,154,63.3083,313,0.0849,283,0.1089,206
Siena,42.3313,321,28.7781,320,69.8333,133,6.0217,267,48.0750,168,37.6835,303,66.6242,70,13.1464,325,35.2808,104,37.6999,299,53.7764,203,63.5097,316,0.1010,182,0.1092,207
Auburn,47.9307,171,34.3046,178,72.5694,52,5.2083,293,52.9514,309,35.6918,226,66.0031,46,11.2608,301,42.0847,16,35.5705,252,53.1044,224,54.7192,142,0.1059,144,0.1097,208
Pennsylvania,48.3776,148,34.1030,189,65.9375,247,9.1725,135,44.0678,31,33.3333,88,63.7607,9,9.6362,224,35.6329,97,34.6154,222,61.4035,53,53.4733,102,0.1183,69,0.1097,209
Furman,49.8724,83,36.3951,82,69.3827,150,5.5974,286,49.5156,218,35.6347,223,69.5349,203,8.6735,162,42.3953,14,32.5835,151,61.5641,49,54.1935,122,0.1235,42,0.1097,210
Buffalo,49.5094,95,35.5412,123,68.3403,186,6.9636,230,47.7733,157,33.7984,113,69.4823,195,9.3585,210,31.8416,190,34.3085,214,52.5114,236,51.6089,50,0.1234,43,0.1098,211
Holy Cross,48.1261,162,35.9347,109,65.7188,251,14.9016,6,40.0187,2,36.3450,254,73.4694,325,8.8586,171,31.9420,186,31.3385,114,58.7156,93,59.6026,265,0.1596,1,0.1101,212
Northwestern St.,47.4037,198,34.3413,176,69.1989,160,7.9525,189,48.7203,190,37.3695,292,69.6403,209,9.7152,230,27.9421,274,30.4514,78,59.0345,88,60.3933,275,0.1165,77,0.1102,213
Memphis,46.5183,232,34.5845,169,68.2927,190,14.0123,12,41.0800,3,32.6590,66,67.9287,126,9.2606,201,34.8761,116,32.1114,140,50.5519,271,54.8972,145,0.1046,152,0.1104,214
Stony Brook,42.9487,311,34.0611,191,70.4918,110,6.4171,252,47.6827,151,32.7660,70,69.8324,218,9.8901,239,29.5484,249,29.5226,62,49.2800,287,46.1538,8,0.0920,240,0.1104,215
Long Island,46.3754,237,33.8569,198,66.4865,229,5.2361,291,51.5880,287,30.2961,7,68.1742,138,7.8451,96,36.2658,82,27.3691,21,54.0091,201,61.1717,293,0.0753,318,0.1104,216
Mississippi,49.3470,98,36.2694,88,60.8787,321,6.4351,249,49.5403,220,37.9167,309,68.4058,149,12.4067,321,35.0697,108,32.8992,160,61.5697,48,56.2219,189,0.1211,56,0.1105,217
Wichita St.,52.2749,33,37.6645,46,71.7362,74,6.8716,235,46.8354,114,33.8658,116,70.4441,241,8.4221,139,37.0506,70,36.1432,274,64.3693,16,45.7534,7,0.0773,311,0.1109,218
Western Illinois,49.2737,102,35.4839,128,67.2662,217,6.7834,239,49.6718,226,37.5486,295,73.2143,318,7.2626,68,32.6561,168,35.9944,268,55.9664,157,62.7512,309,0.1086,125,0.1110,219
Loyola Chicago,50.0000,78,33.4601,215,69.2308,158,9.3778,130,47.7006,152,35.2601,200,69.7479,213,8.2852,129,33.6317,149,31.8796,131,50.0719,277,53.0899,89,0.1212,53,0.1111,220
Brown,45.6925,258,35.6383,120,69.7436,138,5.8317,275,51.6252,288,34.6304,164,64.3991,16,10.0327,249,38.0824,56,32.9487,165,59.8387,74,54.8747,143,0.1287,31,0.1111,221
Longwood,42.9030,312,29.3839,314,62.8889,301,8.9300,146,52.1319,296,38.1443,316,67.9104,125,9.9439,242,33.6702,147,31.8904,133,53.2594,217,58.5057,243,0.0924,236,0.1112,222
Mercer,50.6292,61,35.1792,137,67.4256,211,7.7286,198,50.0471,240,37.6271,299,65.7732,41,9.3901,211,37.2799,68,35.7359,262,59.6752,77,51.7928,55,0.1219,50,0.1113,223
Hampton,47.5494,187,33.5601,211,61.3043,318,7.1878,219,46.9003,120,32.1063,43,62.9860,5,8.1685,122,27.4938,285,30.5243,79,51.9258,251,51.9882,59,0.1206,60,0.1113,224
Massachusetts,49.1423,111,31.9192,267,67.4286,210,13.6194,16,44.6828,43,32.7273,68,69.2929,189,8.6781,163,33.3109,155,33.9088,201,64.3411,17,60.3945,276,0.1261,34,0.1115,225
Nevada,49.7791,86,27.0096,328,70.3166,118,12.3824,39,42.7900,12,31.2384,18,69.9387,221,7.2165,65,18.6339,330,29.7744,66,60.2632,65,53.9860,115,0.0992,194,0.1116,226
Brigham Young,44.0625,293,35.5072,125,71.6327,75,8.9202,147,49.6714,225,36.3057,252,68.4404,151,9.8958,240,36.5079,77,30.6641,83,55.0889,179,58.8571,252,0.0872,268,0.1116,227
Rice,52.8045,26,33.1658,229,72.0539,69,9.4745,122,45.3822,60,34.7092,171,67.0433,86,7.4519,78,24.1798,317,29.7932,67,57.5221,114,60.9272,289,0.0945,222,0.1117,228
Indiana,47.0709,208,33.7232,205,71.4286,80,12.8840,31,46.3826,95,33.1313,82,73.8053,327,8.7359,167,34.5222,121,32.9122,161,53.7242,205,55.0633,150,0.1025,172,0.1118,229
Long Beach St.,45.7689,257,31.8000,270,65.9491,245,8.0790,180,49.0126,197,34.9896,187,66.2712,59,6.5514,30,31.2695,202,30.2442,76,50.1511,276,55.9441,183,0.0799,301,0.1120,230
High Point,47.0238,211,34.7222,163,65.2582,266,7.9235,192,46.1749,86,34.2294,138,69.3146,190,9.9490,244,30.0000,238,33.6957,195,53.5714,211,57.7364,225,0.1174,72,0.1120,231
East Carolina,42.3744,318,29.2105,315,62.7350,303,10.6667,81,46.6667,107,35.5372,214,67.3108,98,7.2146,63,25.7627,306,33.1734,175,53.2174,220,56.9378,203,0.0865,277,0.1121,232
Michigan,50.6149,62,30.9381,288,72.1689,67,12.3188,40,47.1920,134,34.3636,150,69.7761,217,8.0416,115,32.1566,178,33.2527,177,54.6377,188,63.0986,311,0.0869,272,0.1124,233
Pacific,55.3172,5,38.2129,31,74.3265,24,8.2192,173,45.8048,74,33.4862,98,67.1395,89,6.7164,34,32.9161,162,35.8946,265,58.1864,106,51.5915,49,0.0767,312,0.1126,234
Prairie View A&M,38.1706,329,31.6854,276,58.0460,329,5.1502,296,50.8155,269,30.4651,9,60.8146,1,11.4336,307,28.1290,271,26.9592,15,39.8261,328,60.8575,286,0.0911,250,0.1126,235
San Diego,49.6644,91,40.7950,6,74.4898,21,5.7301,279,50.1848,246,37.0833,284,72.1368,297,9.3001,206,31.4267,200,30.7298,85,59.8878,73,55.3398,164,0.0984,199,0.1127,236
Texas St.,48.2353,154,36.5385,74,70.2991,119,5.0985,299,49.3627,213,35.6250,222,68.3333,146,12.0000,314,32.8594,164,35.7409,263,48.2206,298,59.1290,256,0.0938,228,0.1128,237
American,49.2640,104,36.6255,70,71.3098,85,8.0628,181,44.7120,44,35.1974,196,68.6047,157,7.5564,84,32.2924,173,38.8996,309,53.6765,207,59.2824,258,0.0989,197,0.1128,238
Tennessee St.,49.0566,118,35.5401,124,68.5185,178,10.3860,84,51.7463,291,36.0958,239,68.5410,153,8.8949,176,34.0249,139,33.2925,181,54.2667,193,57.7075,224,0.1067,136,0.1132,239
Northwestern,52.8139,25,32.7465,242,60.9959,320,7.9349,191,50.1526,243,36.0146,236,68.2446,143,12.2294,317,38.0697,57,35.7516,264,70.3264,1,58.2609,238,0.1212,54,0.1133,240
St. Bonaventure,42.7037,314,30.4802,294,65.3307,263,3.9070,323,54.9767,323,36.1396,244,71.5625,284,11.1012,296,30.0125,237,31.1780,101,55.0562,181,63.4941,315,0.0836,289,0.1134,241
Mississippi St.,49.0497,119,33.7288,203,66.5404,228,8.9132,148,46.1298,82,31.7175,34,67.5000,109,7.9678,107,30.1328,234,36.0820,270,54.5977,189,55.3114,161,0.0992,193,0.1138,242
Jacksonville St.,47.4280,195,36.0465,103,70.6349,105,9.4675,123,53.1558,311,39.7531,325,70.6740,252,6.7901,39,30.6705,218,28.5412,42,52.2727,242,54.4286,131,0.1099,119,0.1138,243
Jacksonville,48.8806,127,36.1305,97,64.3927,276,13.5135,19,47.2507,137,33.9192,120,67.9365,128,8.2090,125,28.5809,267,34.6529,226,55.0810,180,48.4286,24,0.1195,62,0.1140,244
Miami OH,49.6835,89,37.1058,54,67.5048,207,6.8159,238,44.3540,36,33.4000,92,68.6747,162,8.8608,172,36.2475,83,33.7154,196,56.0358,156,49.0879,28,0.0845,284,0.1143,245
North Texas,45.3039,269,33.4764,213,70.2020,122,9.7585,108,47.0531,130,38.0042,313,67.0197,85,8.0110,109,30.0258,236,31.2749,110,44.4444,320,47.8979,18,0.1002,186,0.1144,246
Florida A&M,46.5077,233,32.7731,240,63.7771,288,4.0315,321,51.2291,279,33.7621,109,67.6768,116,9.2845,203,28.8485,260,37.9500,302,46.7236,313,57.8659,227,0.1033,166,0.1144,247
Fresno St.,48.0329,165,35.8459,113,65.2101,267,8.7349,155,44.9548,50,32.8421,73,74.1996,329,8.4172,138,35.3254,102,26.3450,8,58.5927,97,53.1208,90,0.0793,305,0.1146,248
Marshall,45.9957,251,34.6218,168,70.8481,97,8.3414,169,51.2124,278,37.7432,307,70.4918,245,8.0087,108,39.1705,44,33.2686,180,53.2488,218,60.2493,273,0.0815,296,0.1147,249
Texas Southern,45.5914,262,30.2326,300,64.7959,272,8.0376,185,43.4238,21,33.1313,82,66.6667,71,10.2151,256,29.3850,252,34.0674,208,52.6802,232,58.1034,234,0.0710,324,0.1152,250
Marist,48.0129,167,38.3085,28,67.7536,200,5.9099,271,49.5310,219,34.1593,131,72.3519,302,10.4189,265,39.3090,38,34.6413,224,62.8319,34,48.4050,23,0.0866,275,0.1154,251
Southern,46.5979,226,28.1095,323,64.5749,275,8.0963,179,50.2188,248,30.4878,10,64.0535,12,7.9381,105,29.3003,255,30.9668,92,52.3894,239,54.1096,118,0.1044,154,0.1156,252
Central Michigan,45.2304,272,36.0489,102,69.0763,168,6.6964,243,53.3482,315,38.9868,321,70.2817,236,9.5391,218,34.4803,123,33.6296,194,52.9215,228,60.9160,288,0.1047,151,0.1157,253
Marquette,46.4625,234,36.6086,71,70.6557,104,8.0569,182,44.7393,45,33.5616,99,67.2052,96,6.8638,42,39.9873,30,35.6315,256,60.8048,59,58.8323,250,0.0672,330,0.1159,254
Georgetown,51.7761,41,36.5217,75,70.4312,114,12.9032,30,44.8997,48,33.4702,97,71.3584,276,9.6878,227,42.6189,13,29.8042,68,63.0286,32,53.9823,114,0.1123,108,0.1159,255
Rhode Island,40.2844,327,30.0420,303,64.8289,271,11.6985,51,45.5568,64,36.4641,261,68.1818,139,12.3223,319,31.0908,207,37.9190,300,52.6408,233,63.5158,317,0.0973,208,0.1161,256
Princeton,54.9451,7,36.1059,99,74.5652,20,11.6059,53,46.1538,85,31.2668,19,70.5882,249,10.0733,251,49.2093,3,33.3633,184,65.9878,11,54.3668,129,0.1294,28,0.1166,257
Texas A&M Corpus Chris,52.7331,27,38.4615,26,72.0430,70,12.4841,36,47.3885,140,32.5926,62,68.6957,164,4.9303,3,27.3364,287,40.7547,321,66.1882,9,57.6642,222,0.0991,195,0.1169,258
Wyoming,48.7918,130,33.6864,207,66.8122,223,13.5593,18,45.6685,70,36.0225,237,68.8576,170,8.6431,160,30.4910,225,33.4169,188,48.9766,291,55.3914,166,0.0868,273,0.1169,259
Morehead St.,51.9573,38,29.6530,309,75.6264,10,4.9704,303,50.6509,264,34.7594,175,69.5122,201,10.5575,274,27.3276,288,39.9004,317,61.4662,51,59.7111,268,0.0767,313,0.1170,260
Southern Mississippi,46.0084,250,34.4086,173,74.0187,27,4.0685,320,52.4625,302,34.0000,122,70.2247,234,7.5630,85,28.0967,272,32.5145,150,49.1166,290,52.8771,79,0.1026,170,0.1170,261
North Carolina,54.1004,12,40.3202,7,72.5451,53,9.8611,104,43.6806,23,34.0528,127,71.1176,272,10.9981,292,30.3982,230,36.6755,284,62.5887,37,54.6550,137,0.1292,29,0.1171,262
Towson,43.1102,308,32.2242,255,65.7895,250,8.6074,157,48.9362,194,34.5259,160,65.0073,20,12.3031,318,35.9798,87,35.0910,238,60.6109,62,63.3763,314,0.0882,265,0.1176,263
Seton Hall,42.3408,319,34.1232,188,71.1297,89,9.6386,118,44.0763,34,34.1991,136,69.5024,199,9.2083,199,26.6414,300,31.6872,124,55.1887,176,57.9564,230,0.1035,163,0.1178,264
Baylor,48.6486,138,36.4273,80,70.1581,125,5.2345,292,55.7252,325,38.0368,314,75.7028,330,10.5651,275,41.2274,22,34.7795,230,58.4437,100,60.5452,279,0.1128,105,0.1179,265
Eastern Kentucky,52.0853,37,35.4508,129,66.1856,239,9.1231,140,46.2356,89,36.2694,250,68.9103,175,6.7655,37,31.1423,205,25.4785,6,55.7823,160,53.4743,103,0.1009,184,0.1180,266
St. Francis PA,50.1923,72,40.2985,8,73.3615,37,5.6586,283,53.2468,312,38.0841,315,69.5035,200,7.8846,101,27.8779,277,28.4197,37,63.8889,20,54.0027,116,0.0948,221,0.1180,267
East Tennessee St.,47.8338,177,36.4211,81,68.4211,180,5.1307,298,52.5653,304,36.2745,251,66.1710,54,9.8143,234,29.5766,247,37.2036,289,40.1961,327,59.8693,270,0.1041,158,0.1180,268
Texas San Antonio,48.7270,132,36.0111,105,62.4194,306,10.0276,95,48.2061,172,31.8271,36,65.7040,38,8.5162,148,24.0667,318,31.8922,134,54.0146,200,45.0437,4,0.0978,206,0.1185,269
Florida St.,49.3446,99,35.6618,119,66.7769,224,9.2593,133,49.1228,203,33.5878,100,67.7519,119,8.9888,183,33.7469,145,38.9649,310,51.4563,255,54.1436,120,0.0983,201,0.1187,270
Sam Houston St.,48.4546,142,35.2679,131,61.6639,314,11.2454,63,43.4015,20,30.0231,5,67.4074,102,8.5743,154,30.8753,211,28.6945,44,63.8199,22,59.2965,260,0.0901,256,0.1187,271
Bowling Green,53.6481,15,37.5519,48,75.4319,12,11.4561,58,49.6788,228,35.6190,220,69.2308,186,7.2961,71,34.0877,134,35.9836,267,68.1351,3,59.2934,259,0.1001,188,0.1187,272
Jackson St.,43.3621,303,25.7511,330,67.9339,195,12.0328,45,47.9490,165,32.2440,47,65.7325,39,9.1909,197,26.7970,298,29.4987,61,51.3393,260,51.4837,48,0.1360,18,0.1190,273
Coastal Carolina,45.4365,266,36.1328,96,64.2702,279,4.9702,304,54.6720,322,33.6088,101,66.9219,79,11.0119,294,33.6842,146,26.5157,11,56.9207,130,52.6786,73,0.1085,126,0.1192,274
Connecticut,49.5798,93,34.6847,165,69.9871,129,20.4309,1,41.3819,6,30.7229,13,67.1845,93,9.2437,200,23.7179,320,33.0348,171,61.6009,47,58.0815,232,0.0851,282,0.1193,275
McNeese St.,47.7701,179,32.3185,254,69.2593,157,8.4599,165,51.6269,289,38.5042,319,67.3184,99,6.0456,15,29.7354,245,28.1372,28,50.9677,265,56.7480,200,0.1155,87,0.1194,276
Xavier,52.1786,35,35.1082,142,73.1788,40,8.8068,152,46.2121,87,37.6033,297,67.6580,113,11.2200,299,39.5655,35,31.4286,117,63.1884,29,62.3881,305,0.0872,269,0.1195,277
Loyola MD,44.3211,289,32.8912,237,66.4634,231,6.9683,229,48.5973,187,34.3396,146,69.2308,186,11.3578,304,24.3540,314,32.4159,146,52.0995,247,62.1697,302,0.0839,287,0.1198,278
Army,42.5101,316,34.2342,182,76.4045,7,4.5679,314,50.6173,262,36.2676,249,70.0240,226,12.1457,316,37.4684,61,41.2192,325,58.2441,102,54.7078,141,0.0782,308,0.1202,279
Florida International,49.0428,120,30.9302,289,65.0138,268,8.8847,149,45.8412,75,35.6775,225,67.8063,120,8.5688,153,28.1598,270,35.5271,250,56.4829,145,53.2468,95,0.0977,207,0.1203,280
North Carolina A&T,44.4856,286,27.9070,324,61.2211,319,8.7750,153,48.4796,182,36.4948,264,65.3997,28,9.4532,215,37.4130,63,29.6455,63,50.4545,274,54.2857,126,0.1304,25,0.1205,281
Minnesota,49.2623,105,34.9076,151,70.4718,113,12.5216,35,47.6684,150,31.7117,33,70.5009,246,10.5738,276,28.5296,268,32.3993,145,58.7549,91,57.6923,223,0.1357,19,0.1208,282
William & Mary,46.3486,239,30.4703,295,72.4398,56,6.8431,236,49.6350,223,36.5733,271,66.6075,68,11.0029,293,32.2559,176,35.6430,257,59.6800,76,58.0940,233,0.0803,299,0.1209,283
Eastern Illinois,47.8831,175,36.8182,62,73.6842,29,9.2734,132,48.3748,176,32.0896,40,67.0866,88,10.8871,288,30.7263,216,33.8812,199,57.7708,112,56.1947,188,0.0724,321,0.1211,284
Cal Poly,45.9934,252,34.8659,155,74.5902,18,7.2217,217,51.8556,294,40.2414,328,70.7547,257,8.6718,161,36.4271,79,33.2664,179,44.5923,319,60.1116,272,0.0886,263,0.1212,285
Bethune Cookman,48.1413,161,34.3416,175,60.0760,324,6.4091,253,48.3758,177,34.2159,137,66.6174,69,9.8513,237,34.3101,127,30.1227,72,57.2433,119,52.8512,77,0.1162,83,0.1215,286
Montana,51.1881,50,35.1738,138,67.3882,212,7.6923,200,47.8338,162,33.3333,88,69.6850,212,9.4059,214,32.6217,169,34.0909,210,58.2003,105,55.7065,174,0.0840,286,0.1225,287
Chattanooga,50.8088,57,30.2041,302,67.2727,216,6.9393,232,46.8401,115,35.2417,199,67.4725,106,10.2759,259,31.7975,191,49.3409,330,55.4252,169,60.7634,283,0.1001,189,0.1225,288
Lipscomb,47.2564,202,34.2491,180,66.0920,241,6.0950,265,48.4504,181,33.1924,85,67.0753,87,13.5498,329,37.9430,59,32.8244,157,53.0378,225,52.2364,63,0.0920,242,0.1227,289
Dartmouth,43.2584,304,37.9808,38,64.1221,283,9.7175,114,48.8136,193,37.6623,300,73.1939,317,8.8764,173,31.8530,189,30.3150,77,60.2210,66,55.8059,179,0.1068,135,0.1229,290
Delaware,48.6949,134,31.7627,273,65.4882,259,7.0344,227,45.3237,57,35.5828,216,65.4339,29,8.8209,169,34.0261,138,28.1034,27,55.3250,172,51.2821,46,0.0896,258,0.1233,291
Providence,51.1895,49,34.6760,167,71.0092,93,14.7910,7,47.0257,128,32.4910,59,70.1449,233,8.6957,164,31.8994,188,30.8120,87,60.0973,70,55.1634,155,0.1129,103,0.1234,292
Gardner Webb,49.2188,108,32.1429,258,70.9302,96,7.2889,215,47.8222,160,32.6886,67,65.6660,36,9.0820,191,38.6091,52,31.4860,119,55.2743,174,48.2320,21,0.1117,111,0.1239,293
Georgia,44.6281,281,29.8828,307,63.3803,292,9.1360,138,52.2344,298,32.7473,69,65.6250,35,8.8843,175,34.5946,119,31.1218,97,46.1538,317,53.0370,87,0.1112,114,0.1242,294
James Madison,43.6293,300,33.4140,217,65.5652,258,9.9701,97,47.7567,154,36.8821,278,68.9557,177,10.6178,279,28.5024,269,34.4016,219,51.3559,258,55.2749,160,0.0891,259,0.1244,295
Penn St.,43.9838,295,32.4578,247,69.7674,135,5.6586,283,50.5566,260,37.3397,291,67.9335,127,11.0212,295,35.0197,111,36.6627,282,58.5526,99,62.5964,308,0.0819,293,0.1245,296
Liberty,46.0945,246,31.6327,277,64.0194,285,6.7126,242,48.5370,184,31.4103,21,71.4760,282,10.6075,278,32.0891,182,28.7117,45,51.9747,249,49.6484,35,0.0929,232,0.1246,297
Columbia,46.3529,238,35.8182,115,69.8819,131,10.9202,76,47.2393,136,35.3167,203,67.8195,121,12.9412,324,39.2857,40,38.9970,311,62.0981,38,63.7961,320,0.0983,202,0.1249,298
Alabama St.,40.7254,325,30.2663,298,63.8079,287,6.3053,256,47.2345,135,32.2296,45,66.2791,60,12.5389,322,29.9710,240,33.3825,185,55.2124,175,56.5445,196,0.1055,146,0.1250,299
Navy,43.8786,297,31.4672,280,65.3435,262,5.9476,270,50.1008,241,33.1288,81,68.8693,171,10.4799,269,33.6582,148,33.0182,170,50.5728,270,55.0835,151,0.1122,109,0.1251,300
The Citadel,43.6321,299,32.3232,253,63.2296,295,10.4046,83,47.3988,141,33.4677,96,67.9595,129,9.9057,241,36.8578,74,36.4438,277,43.2075,325,56.2500,190,0.1064,139,0.1258,301
New Hampshire,51.8438,40,30.2469,299,67.4847,208,6.9138,234,48.3968,178,33.6700,103,72.1239,296,8.4599,143,34.5170,122,37.3116,292,57.4400,115,54.9048,146,0.1032,167,0.1260,302
Arkansas Pine Bluff,42.2741,322,26.8354,329,65.4412,261,12.1581,43,43.8703,26,36.4865,263,69.6060,205,7.8717,100,27.7388,281,31.0273,94,52.1257,246,56.1345,187,0.0981,205,0.1267,303
IUPU Fort Wayne,46.5315,230,33.2724,224,64.5833,274,9.7403,109,50.7421,266,36.6133,272,73.8516,328,6.9370,50,36.8598,73,28.8449,47,53.2362,219,58.9816,253,0.0917,245,0.1268,304
Lafayette,46.9478,213,30.0166,305,73.4155,34,7.3684,210,49.0909,200,34.3486,148,71.4035,278,7.7691,92,40.0931,26,36.1247,272,53.8079,202,52.3743,66,0.0826,292,0.1270,305
Norfolk St.,44.1000,291,34.4828,172,62.9195,300,11.5632,54,47.3233,139,25.2669,1,66.9811,83,8.2000,124,28.8762,259,37.5668,297,51.2909,262,50.5137,37,0.1144,97,0.1272,306
Central Florida,52.7059,28,36.7347,65,70.3704,116,11.4739,55,46.7351,110,34.5029,159,67.1851,94,9.1765,195,44.6615,9,32.3659,144,66.0000,10,47.7876,17,0.1061,142,0.1273,307
Northern Colorado,46.8156,218,33.5526,212,64.9321,269,5.7173,280,52.9106,308,36.6738,275,70.9619,265,10.5028,272,33.7528,144,32.7743,155,57.3427,117,61.0866,291,0.0920,241,0.1275,308
Tennessee Tech,51.0225,53,34.8115,158,71.0297,92,10.1862,89,46.0022,80,36.5269,266,70.4248,240,8.4867,145,31.5605,199,35.4314,247,52.7439,230,56.3847,191,0.1152,90,0.1279,309
Centenary,44.2953,290,36.1345,95,70.7368,99,4.4487,315,56.6731,330,35.1282,193,66.7162,72,10.1790,254,34.7445,118,27.3876,22,50.8803,266,60.0277,271,0.0907,252,0.1282,310
NC Greensboro,48.2343,155,29.4430,313,69.2926,154,13.0000,29,45.6667,69,36.0958,239,67.1642,92,10.2498,258,24.5124,313,31.1532,99,43.2191,324,55.3763,165,0.1157,85,0.1289,311
Louisiana Monroe,44.8619,277,34.7607,160,63.0979,298,7.7010,199,50.6229,263,38.4615,317,70.3633,238,6.9613,52,30.4916,224,30.6363,82,54.0441,198,58.7940,248,0.0942,224,0.1291,312
Tennessee Martin,45.6395,260,28.8714,318,67.3321,214,6.8230,237,55.7569,326,36.0624,238,71.4286,280,9.2054,198,26.9639,295,35.3549,246,46.9880,310,58.0508,231,0.1114,113,0.1294,313
Utah,55.3982,4,36.7089,67,71.5481,77,7.9476,190,46.6376,106,33.7143,106,68.1928,141,9.8230,236,25.9016,304,31.4371,118,61.3489,56,49.3671,32,0.0968,211,0.1300,314
Virginia Military Inst,47.9550,169,30.0275,304,66.4683,230,5.3869,289,51.0284,274,32.2727,49,65.0505,22,10.9407,290,27.0694,293,30.1164,71,47.7509,306,54.4495,133,0.1092,121,0.1301,315
Youngstown St.,44.4083,287,31.4356,281,65.8777,249,9.7015,115,49.4403,217,40.1099,327,70.0717,229,9.7720,232,30.4906,226,25.3482,5,48.3209,297,55.3254,163,0.0802,300,0.1303,316
Western Carolina,44.9909,274,31.7647,272,60.6343,323,9.9653,98,48.0069,167,35.3612,205,66.1859,55,8.1056,118,31.7164,196,31.3095,111,55.4878,167,46.6216,11,0.1074,131,0.1305,317
Clemson,49.4540,96,33.2215,226,59.9168,325,13.1018,25,46.4878,99,36.6197,273,68.0441,133,7.4883,81,31.7359,194,28.1746,30,55.6490,166,53.6965,108,0.1376,16,0.1315,318
Charleston Southern,45.6000,261,35.1807,136,63.9151,286,9.2593,133,46.8107,112,35.5120,213,66.3823,62,7.8000,94,29.3286,253,32.0755,138,56.4784,146,58.4142,241,0.1105,116,0.1335,319
NC Asheville,46.3265,241,34.5018,171,69.7446,137,9.5685,120,50.5629,261,36.5702,270,69.1622,182,9.2857,204,35.6110,98,31.2258,106,60.0624,71,61.8715,300,0.0971,209,0.1336,320
Fordham,47.0287,210,33.8104,199,64.1791,281,10.6126,82,48.5764,185,31.5436,25,64.0159,11,9.3238,208,36.4169,81,27.8331,24,58.9506,90,57.3864,217,0.1141,99,0.1341,321
Colorado St.,51.6264,42,32.8125,239,73.3668,36,13.9698,13,45.3266,58,32.1569,44,71.7105,290,8.1847,123,28.7210,265,33.8870,200,64.0777,18,55.1220,154,0.0844,285,0.1357,322
St. John's,46.6899,225,31.2849,285,67.0732,220,11.1000,71,46.4000,96,34.7458,174,67.7249,117,10.6272,280,23.7716,319,32.0652,137,51.2346,263,57.3248,215,0.1231,47,0.1364,323
Tulane,49.2417,106,30.8448,291,71.9335,72,9.7321,112,46.6964,109,34.3454,147,62.7943,4,7.3812,75,33.9786,140,31.9976,136,63.5093,26,56.1080,186,0.0787,306,0.1381,324
Maine,44.3425,288,35.8491,112,71.5262,78,9.8643,103,44.7964,47,33.8673,117,66.0596,50,11.7227,311,35.0761,107,28.3398,36,53.1200,222,53.0327,85,0.1094,120,0.1388,325
Savannah St.,38.0750,330,27.3109,327,57.8498,330,8.1218,178,52.1997,297,34.1593,131,67.2012,95,10.9029,289,28.8485,260,32.3412,143,37.0884,330,59.0123,254,0.0941,225,0.1402,326
Harvard,46.9530,212,32.7416,243,70.4887,111,9.3117,131,47.8745,164,35.7002,227,69.4946,198,10.6893,284,33.6207,150,33.9130,202,55.6604,165,52.4465,69,0.1163,82,0.1411,327
Alcorn St.,41.9862,323,27.8481,325,59.4915,327,8.8423,151,47.4020,142,33.7963,112,62.1011,2,11.2094,297,31.7907,192,28.2538,33,55.2773,173,55.2553,159,0.1044,157,0.1423,328
Campbell,44.0144,294,31.8627,269,62.2266,309,4.4297,316,55.8140,327,36.4501,260,65.5357,33,13.5014,328,26.8598,297,41.1343,323,47.0113,309,63.7602,319,0.0925,234,0.1469,329
Maryland Eastern Shore,42.3404,320,28.9941,317,60.7774,322,4.7162,309,53.9568,319,35.6195,221,63.7540,8,6.5957,32,35.0380,109,26.5414,12,49.7248,282,55.8612,180,0.0754,317,0.1655,330
