TeamName,FG2Pct,RankFG2Pct,FG3Pct,RankFG3Pct,FTPct,RankFTPct,BlockPct,RankBlockPct,OppFG2Pct,RankOppFG2Pct,OppFG3Pct,RankOppFG3Pct,OppFTPct,RankOppFTPct,OppBlockPct,RankOppBlockPct,F3GRate,RankF3GRate,OppF3GRate,RankOppF3GRate,ARate,RankARate,OppARate,RankOppARate,StlRate,RankStlRate,OppStlRate,RankOppStlRate,DefensiveFingerprint
"Texas El Paso",48.4505,165,33.0289,253,65.708,278,7.8767,214,47.2603,116,35.312,182,68.7151,152,6.9539,27,33.1818,193,36,228,51.5152,243,58.2908,261,0.1039,139,0.0641,1,8.4
Texas,48.5121,162,37.9845,51,68.2652,189,14.1673,19,43.1801,18,33.2108,69,68.5714,146,7.474,52,34.8806,158,38.0775,280,48.3417,298,56.3981,218,0.0886,235,0.0666,2,-2.6
Houston,45.7273,269,36.0308,122,76.8802,6,10.5863,76,48.127,150,33.7625,96,66.7112,56,10.7273,285,48.55,5,36.274,235,48.6887,293,58.8875,276,0.1202,39,0.0707,3,2
Baylor,49.7119,116,37.1795,81,74.1279,34,10.1604,99,46.4477,90,35.0626,166,70.5563,247,9.8765,229,36.6197,108,29.9251,37,42.659,330,46.6418,13,0.1014,152,0.0718,4,14.4
"Nevada Las Vegas",47.5945,206,33.2021,245,74.8428,21,8.4833,184,47.0437,111,30.3254,8,66.8885,65,8.2474,105,39.5639,59,36.6793,243,60.347,62,53.4483,133,0.1176,48,0.0723,5,4.4
"Washington St.",52.9049,29,36.7698,94,72.7685,67,8.7031,169,45.3072,60,33.1551,65,72.0081,304,8.0106,84,33.8766,174,32.3716,106,59.0184,86,49.7908,49,0.104,138,0.0725,6,11
Pittsburgh,50.8242,76,33.752,221,66.5344,255,9.1592,139,46.7718,100,33.429,76,69.3632,178,8.0357,86,30.4348,263,34.3519,171,57.2775,115,52.9206,119,0.0989,167,0.0728,7,3.4
"MD Baltimore County",48.4388,167,38.2736,41,72.7127,68,9.1064,143,48.766,186,35.1515,172,72.3282,308,8.6469,141,32.9576,202,35.9673,227,57.1429,118,52.9193,118,0.0924,204,0.0728,8,0.3
Troy,45.5457,275,34.6546,186,73.357,52,8.3942,189,53.8321,322,36.4943,257,70.4819,242,7.3497,48,49.5789,4,38.8393,296,49.7902,286,59.1232,280,0.1131,67,0.0728,9,-6.3
"New Mexico",49.1887,135,41.9505,2,65.8904,273,8.7737,163,45.663,72,33.9312,105,68.3068,129,6.661,13,35.5531,137,40.012,313,63.4002,25,63.5036,331,0.0932,201,0.0752,10,2.4
"New Orleans",48.4412,166,34.8101,176,72.9134,62,4.6961,331,49.6317,217,37.2263,285,70.5615,248,7.1143,36,27.4783,312,33.5373,142,44.0986,326,51.2786,77,0.1033,142,0.0758,11,9.9
Siena,48.1145,180,38.24,42,68.883,172,8.9541,151,49.4357,210,36.9408,275,65,16,8.5894,134,30.3841,264,34.273,169,52.694,221,52.6835,107,0.1328,9,0.0762,12,1.9
UCLA,52.2193,44,34.7009,181,73.6375,46,10.8564,68,45.381,62,32.9181,58,68.4512,139,6.7885,21,27.6334,310,27.4817,14,54.4367,173,50.4662,62,0.1123,75,0.0763,13,13.5
"St. Mary's",51.6245,52,35.9352,130,65.8606,274,11.7558,55,44.2351,30,30.5195,12,69.3841,180,10.4693,267,37.9966,81,25.8245,6,54.902,163,38.0495,1,0.1011,153,0.0773,14,21
Dayton,51.1185,69,37.4539,72,64.0541,309,8.8176,160,48.5972,181,35.4967,197,70.568,249,9.1964,179,30.9891,249,43.069,333,48.0488,301,58.5657,267,0.0777,310,0.0773,15,-2.3
Arizona,51.2489,64,39.5985,18,74.3849,31,8.8323,158,47.5299,123,34.542,131,70.4947,243,7.4935,54,32.0655,223,28.172,19,61.9458,42,52.8186,114,0.0849,267,0.0775,16,9
Duke,51.6942,51,37.7451,58,69.7183,147,8.7615,165,46.9697,108,32.9389,60,67.1827,80,11.3475,307,39.1367,64,25.037,2,51.4523,244,47.6136,23,0.1168,52,0.0776,17,16.3
Butler,51.3483,62,38.0215,50,73.7008,43,7.2049,246,48.1771,155,31.8352,31,66.4845,52,9.3258,186,48.5252,6,31.6726,84,57.3454,114,45.3793,5,0.1066,115,0.0777,18,13.9
"Northern Iowa",49.6265,118,33.5968,228,72.7707,66,10.0402,102,42.2691,7,36.7412,269,72.7088,316,6.7236,17,35.0658,151,38.5943,293,56.2205,129,51.9201,92,0.0647,337,0.0786,19,4.7
Tennessee,51.5287,59,35.7981,141,65.7074,279,8.8836,154,50.3145,245,31.2236,22,67.3885,89,10.8874,291,38.8509,66,35.8548,225,60.6426,56,54.9884,175,0.126,24,0.0793,20,5.1
"Alabama St.",49.9544,108,35.098,164,64.5594,305,9.1818,136,43.6364,23,34.9138,151,64.0599,4,7.8396,71,31.7362,235,29.6675,34,55.5708,147,51.2461,75,0.0874,244,0.0793,21,12
Virginia,47.6003,205,36.631,102,70.547,122,6.441,289,50.0413,235,36.6667,262,66.5131,53,9.3627,191,37.048,100,38.2458,283,50.6257,261,56.7537,232,0.081,297,0.0797,22,1.5
"New Mexico St.",52.4679,36,34.8409,174,63.9061,310,8.2938,195,46.6825,97,36.3032,243,69.1045,166,8.2488,107,28.7572,293,37.2646,256,51.9309,236,53.125,122,0.0904,222,0.0804,23,5.1
Davidson,53.0055,26,37.1671,83,72.5632,74,8.5993,178,46.9858,109,35.4745,191,63.4615,3,6.8696,24,39.2027,63,37.7827,274,59.1278,83,51.6171,86,0.1061,117,0.0807,24,8.8
Missouri,51.0219,73,33.3853,238,69.0323,169,7.7974,217,49.8392,228,30.9059,18,70.9677,270,8.2482,106,31.8747,229,31.1566,63,57.3932,111,48.7406,33,0.1118,76,0.0811,25,12.8
"West Virginia",50.0719,102,35.9551,128,68.6606,176,14.1738,18,45.1057,54,35.9606,222,65.508,28,6.7626,20,33.8725,175,32.2906,102,58.1933,99,51.5723,84,0.1032,143,0.0812,26,12.1
"NC Asheville",53.7273,16,35.9223,132,67.9214,204,13.577,24,45.953,76,37.426,292,69.1932,170,6.7273,18,31.8885,228,37.0411,248,62.3711,40,58.3867,265,0.0831,282,0.0821,27,-4.8
Wofford,45.0959,286,37.5235,67,65.8407,275,6.2438,300,52.1308,298,36.2069,236,64.9087,14,11.3006,305,36.2339,117,34.0954,163,54.4141,174,47.8322,25,0.0838,279,0.0821,28,6.5
Memphis,52.9597,28,34.9133,170,61.3522,329,14.9877,11,42.6904,13,30.1829,7,68,113,8.2494,108,35.2629,148,28.7215,27,55.7305,144,49.1601,39,0.1198,42,0.0825,29,14.5
"Morgan St.",46.8774,235,32.6226,268,65.8284,276,12.0968,50,44.2742,33,33.414,75,67.4614,92,8.4274,123,26.0845,325,24.9849,1,43.8144,328,48.9083,34,0.1006,156,0.0825,30,19.5
Detroit,43.469,314,38.0435,47,67.1053,238,8.4323,186,52.8504,308,36.0627,231,71.8133,299,8.5653,131,37.1467,99,40.5367,319,52.5974,222,53.8344,145,0.0964,182,0.0827,31,2.3
Duquesne,54.1843,9,31.7109,297,73.7772,42,17.4881,3,45.5485,67,36.014,226,69.651,194,11.1581,299,36.432,114,31.2568,68,63.3178,26,60.9756,301,0.1242,28,0.0828,32,2.2
"Ball St.",43.7226,311,29.976,329,65.343,284,5.3022,322,48.4624,170,38.5996,316,70.8333,264,8.604,136,26.7995,321,37.1333,252,49.9197,282,56.25,214,0.0994,165,0.0828,33,3.5
IUPUI,54.0875,11,42.4419,1,78.3688,3,8.4337,185,50.0548,237,34.5622,134,69.2898,173,6.9392,26,32.9082,204,41.624,327,55.0761,160,62.1701,318,0.1181,47,0.083,34,-6.9
"Fresno St.",46.5728,246,34.0081,213,70.0382,141,7.5745,223,48.1869,156,34.1113,108,68.2569,123,8.6385,140,41.0299,36,30.9789,55,49.7326,287,54.3147,157,0.0864,258,0.0832,35,9.8
"Texas Pan American",50.4084,92,39.6078,17,71.2727,105,3.0336,340,55.7963,334,34.8101,147,69.2946,174,9.3349,187,37.308,94,33.9298,156,64.6688,11,49.2647,41,0.0913,212,0.0833,36,9.9
Niagara,46.5909,244,31.4003,308,72.8553,65,9.0051,148,48.7136,183,33.4532,79,68.6591,150,12.4053,325,40.1021,51,32.288,101,50.9804,253,49.8674,52,0.1091,96,0.0836,37,7.4
Towson,45.3321,282,32.8849,260,66.8539,246,10.6089,75,48.4317,167,35.9223,219,67.5851,94,8.3483,118,37.521,93,36.3102,236,60.8276,53,63.3199,328,0.1162,55,0.0839,38,-0.4
"Oral Roberts",47.1354,225,36.833,93,66.7614,250,9.4647,126,42.6687,12,33.6756,92,75.4286,340,7.0313,32,33.5257,185,27.4212,13,55.7464,143,45.9384,8,0.0944,195,0.0839,39,14.3
"Texas A&M",51.0943,71,35.9292,131,63.3714,314,10.2471,94,42.3692,9,33.758,95,66.108,42,10.1132,247,29.8942,277,31.3373,70,53.5227,202,48.9308,35,0.0679,330,0.084,40,9.8
"Stony Brook",41.7484,327,32.0594,283,68.5606,181,7.0136,252,47.7376,133,36.2963,241,67.1474,77,9.232,180,27.7876,307,43.297,336,39.426,341,64.7676,336,0.1092,94,0.084,41,-8.4
"Cal St. Fullerton",52.2656,43,38.3754,36,70.2326,136,3.6095,338,51.1895,275,37.0492,280,67.3877,88,6.5625,10,35.8074,127,33.3516,138,51.4316,245,56.7059,231,0.1216,34,0.0842,42,5.6
"Louisiana Tech",41.6667,328,34.542,190,73.4653,48,5.3467,320,55.3885,331,35.0588,165,66.6087,55,9.1575,177,32.4257,210,26.2022,7,40.0943,339,52.7094,109,0.0954,190,0.0843,43,12.8
"Wisconsin Milwaukee",43.9926,308,30.7818,320,67.8808,208,7.5288,227,49.7786,225,34.7826,145,69.8276,214,9.8891,231,36.2028,118,28.949,30,52.782,217,49.446,45,0.081,298,0.0845,44,14.9
"Colorado St.",48.0458,182,33.0241,254,72.9075,63,8.5243,182,50.3208,246,36.3787,247,71.6239,293,10.1049,246,33.9421,171,35.5582,214,50.1466,273,59.1146,279,0.0672,334,0.0847,45,-1.2
Oregon,53.7604,14,39.2405,21,69.3598,160,6.6998,275,50.3722,247,33.3839,73,69.0031,162,10.0279,238,39.7651,56,35.2784,208,55.5944,146,53.3172,126,0.0679,331,0.0849,46,4.3
"Stephen F. Austin",48.1243,178,37.9668,53,67.9443,203,8.9942,149,44.1006,29,31.7949,29,68.1633,117,10.7181,284,34.0636,170,27.3876,12,55.3797,151,47.4138,18,0.0918,207,0.0849,47,15.7
"Loyola Chicago",45.4294,280,28.2051,338,71.6,93,8.1505,200,48.2759,159,37.3253,287,74.0458,334,9.6953,217,30.1741,271,34.3621,173,45.5128,320,57.6271,247,0.0884,238,0.085,48,3
"South Carolina",48.1168,179,36.4162,107,68,198,9.2985,130,50.8972,265,34.4186,125,70.428,239,8.5319,130,34.7215,161,34.4735,177,47.9499,303,54.7281,171,0.1136,63,0.0851,49,-0.1
"Boise St.",56.2397,4,39.1691,23,66.2234,267,5.5394,316,49.1254,203,35.2308,176,70.5449,246,8.2923,111,35.6237,134,32.1464,94,60.4847,58,49.6124,47,0.0821,290,0.0854,50,10.9
Akron,47.9074,190,38.5321,35,70.4054,128,7.9012,212,50.2881,243,32.6316,49,68.845,155,9.1719,178,40.456,44,31.9328,91,56.0096,132,50.941,69,0.1097,91,0.0857,51,10
"Sacred Heart",49.6321,117,34.2688,199,73.4463,50,7.6923,220,49.5819,215,34.3257,121,70.9544,269,7.686,65,35.6316,132,32.3147,103,55.8999,136,49.0494,37,0.1227,30,0.0858,52,11.1
Auburn,53.5156,19,33.9763,215,66.9159,243,7.4975,229,55.4205,332,37.5182,294,67.8038,103,10.6445,279,39.6938,57,40.9689,322,58.3012,96,56.2189,211,0.1278,21,0.0858,53,-3.2
Hartford,50.4032,93,38.0952,45,67.6724,218,8.0318,206,48.3672,164,39.5577,323,69.0015,161,8.5685,132,45.2236,14,41.8079,328,60.468,59,55.2874,186,0.1059,120,0.086,54,-1.3
"Indiana St.",46.9303,233,32.4238,271,74.7841,22,9.593,119,50.3876,248,35.214,175,68.5446,144,9.5734,208,39.3308,61,33.2471,132,55.4364,150,55.6348,196,0.1006,155,0.0862,55,7.6
Colorado,50.503,87,34.0149,211,68.2836,188,12.2694,43,48.0627,146,35.5191,198,68.6131,148,8.9537,160,35.1175,150,33.6191,145,59.562,74,57.8212,252,0.0995,164,0.0862,56,4.2
"Central Florida",50.1802,98,36.3208,109,71.0769,111,10.4909,83,46.7757,101,33.5843,87,69.3593,177,10.6306,278,36.4261,115,38.99,297,59.5178,76,54.1608,153,0.1118,77,0.0863,57,3.1
Purdue,44.9718,288,37.5951,61,71.2057,109,12.5545,40,47.6024,128,34.8485,149,67.0407,74,8.93,157,34.5789,162,31.5224,79,55.9553,133,55.2055,183,0.1242,27,0.0863,58,13
Massachusetts,49.963,106,35.5914,144,67.1591,235,16.8361,4,46.1245,80,34.1211,109,67.7986,102,10.8068,288,40.7716,39,30.0755,43,56.2624,125,53.814,143,0.0985,169,0.0864,59,8.9
"Texas Christian",42.6429,321,35.2649,156,68.2051,190,6.9255,261,51.5215,283,35.8524,217,65.8363,34,9.3721,193,36.146,119,37.385,262,53.2934,207,64.8921,337,0.1327,10,0.0864,60,0.1
Louisville,53.528,18,34.9614,169,64.7139,300,13.5632,25,43.1418,17,30.4473,11,68.2635,125,7.6237,61,38.6872,69,34.6847,183,58.1545,101,57.1059,239,0.1192,44,0.0866,61,4.1
Illinois,49.1974,133,31.9218,289,60.8247,332,8.0411,205,43.3704,20,33.438,77,72.0238,305,8.9085,156,33.0108,199,35.2713,207,59.5797,72,52.7778,112,0.0775,313,0.0866,62,7.4
"Southern Mississippi",47.3339,214,32.0809,282,70.6965,116,7.4976,228,49.1723,205,34.2742,117,68.0851,115,9.1058,173,22.1086,341,32.5673,109,45.4942,321,50.5185,63,0.0799,304,0.0866,63,13.8
"Florida St.",49.1935,134,35.188,158,77.3392,5,10.4083,88,47.9584,141,34.6386,140,69.289,172,8.9516,159,34.9081,156,34.7099,185,44.4313,325,52.5935,105,0.1227,31,0.0867,64,5.6
"Illinois Chicago",46.8562,237,38.1034,44,72.5177,75,12.7529,37,46.6139,96,34.6154,139,70.6131,253,6.8045,22,33.3142,188,37.2863,260,53.5948,197,57.7225,248,0.0959,188,0.0869,65,-0.5
DePaul,47.3773,210,35.814,140,64.7687,299,7.2218,245,49.5327,213,40.7591,338,72.4752,313,8.3756,121,35.3038,146,33.9877,159,52.5917,223,63.012,325,0.107,112,0.0872,66,-5.1
Temple,53.3394,21,36.8932,91,73.9535,37,12.2415,46,46.4847,91,35.7043,208,72.3856,311,7.13,38,39.4204,60,37.2274,255,59.5099,77,57.0905,238,0.0948,192,0.0872,67,0.6
Mississippi,50.4307,90,36.6935,100,65.0888,292,8.8456,155,48.2759,159,34.3874,123,66.8985,67,9.8741,227,33.0226,197,36.2637,234,53.8685,187,55.5801,194,0.096,187,0.0873,68,2.8
"Oregon St.",40.783,333,29.0323,332,65.1357,288,7.8947,213,51.5426,285,36.7265,268,70.2362,227,8.2382,103,31.278,242,31.2539,67,47.432,306,58.3777,264,0.0814,293,0.0875,69,5
Nevada,52.4219,37,36.2764,111,71.5361,96,13.4978,26,44.9202,46,35.9855,223,67.7419,100,5.7031,2,28.9284,291,28.638,25,52.5581,225,53.7897,141,0.0677,332,0.0876,70,7.7
California,51.5528,54,35.9477,129,77.5837,4,6.8761,262,51.3582,278,35.0765,168,68.1538,116,7.9969,82,32.2105,214,39.9592,312,55.7692,142,56.5909,225,0.0594,341,0.0877,71,-2.3
Washington,49.0129,141,35.1103,161,58.5756,341,5.9211,308,48.8487,189,37.5215,296,69.4678,186,8.5092,128,27.0243,318,32.3317,104,50.0549,274,54.3103,156,0.0913,213,0.0878,72,10.4
"Seton Hall",46.5764,245,33.8257,217,71.6033,92,12.5997,39,48.8038,188,36.9925,277,67.6393,97,11.5877,316,33.7488,179,34.6535,181,49.1745,291,53.38,129,0.1319,12,0.0879,73,3.3
"Rhode Island",51.2177,66,38.0282,49,69.2702,165,10.2724,93,47.5486,127,35.3436,183,71.131,274,7.2325,43,32.0461,224,35.6857,218,52.1878,230,52.4913,102,0.0972,177,0.088,74,3.4
Bradley,49.3367,129,37.4054,73,74.3557,32,6.6098,278,49.1827,206,36.351,244,70.1493,221,9.9502,234,43.4069,28,33.7882,152,63.9745,16,53.5152,137,0.1132,66,0.088,75,6.7
Oakland,47.2019,222,35.9841,125,70.8914,114,9.745,111,52.2769,299,38.1308,307,74.6479,339,8.3536,119,28.9747,290,32.7618,116,49.8034,285,55.1414,180,0.1082,102,0.0882,76,3.8
Montana,51.8729,50,38.7543,31,67.7551,215,8.6466,172,49.906,231,36.2998,242,71.5867,291,6.8104,23,39.6162,58,28.6385,26,61.2335,46,51.312,79,0.0699,328,0.0883,77,12.7
Marquette,48.9948,143,35.8297,138,70.5263,123,10.23,97,46.709,98,30.3509,9,67.8667,104,9.0841,170,33.6462,181,31.1305,60,56.4302,124,54.7244,170,0.1325,11,0.0886,78,9.9
"Louisiana Lafayette",45.9938,262,33.6717,224,64.9502,294,9.1727,137,46.223,82,35.1421,171,70.0297,219,7.18,40,38.0799,80,25.8172,5,46.1778,317,47.8462,26,0.1061,116,0.0889,79,16.6
"Texas St.",43.5242,313,36.163,116,65.0943,291,3.7681,337,56.4251,337,32.4544,43,64.3268,6,12.3348,324,34.1647,168,32.2644,98,55.3041,155,61.2903,304,0.1041,137,0.0889,80,9.1
"Tennessee St.",51.5426,55,36.9066,90,66.844,247,9.9898,103,54.6381,325,37.6026,301,70.7819,260,7.3503,49,37.208,98,38.3019,286,55.8714,138,56.0784,207,0.1356,5,0.0893,81,5
Idaho,44.9144,291,35.5476,147,59.9576,338,7.9317,211,52.6104,302,34.9887,159,74.6356,338,9.3656,192,35.9355,125,30.7853,51,52.795,216,54.1973,154,0.092,206,0.0893,82,10.8
"Mount St. Mary's",47.8699,193,36.1062,121,70.3343,131,10.1285,100,46.712,99,32.1799,37,70.2216,225,7.8234,69,30.4418,262,30.405,46,53.163,210,48.01,28,0.1078,103,0.0894,83,13.4
"Georgia Southern",49.1499,136,34.5489,189,66.5056,256,10.929,66,48.725,184,35.4783,192,69.5652,189,7.5734,58,28.7052,295,34.3694,175,55.8824,137,52.5034,103,0.1266,23,0.0894,84,8.6
"St. Louis",46.455,249,35.8921,134,72.3404,79,7.7438,219,45.6023,68,36.3992,249,70.0205,218,10.1587,249,33.7772,178,32.8195,119,60.1307,65,51.1312,71,0.067,335,0.0895,85,10.3
"Western Kentucky",51.1645,68,38.9231,26,70.8275,115,10.5528,77,46.2312,83,32.8647,57,70.3143,234,7.0624,34,32.8117,205,32.2745,99,46.0385,318,52.9093,117,0.1106,87,0.0895,86,13.2
"Long Island",44.7257,295,32.3484,272,67.9666,202,6.7601,272,50.9481,268,31.5162,26,71.4286,285,10.2954,255,35.1751,149,32.6111,111,43.9024,327,55.7908,202,0.0887,234,0.0897,87,4.6
Utah,51.4527,61,38.7858,29,75.6286,13,9.7426,112,44.8529,44,35.2518,178,73.3436,327,5.3421,1,35.7229,130,33.82,153,59.0501,84,53.8012,142,0.0849,268,0.0898,88,12.9
Indiana,52.3285,38,34.9131,171,75.9211,11,10.3306,89,45.0413,51,34.2302,115,65.0086,17,7.9594,79,34.8953,157,35.604,216,51.9666,235,56.0724,206,0.1042,135,0.0899,89,3.6
"Notre Dame",47.8326,195,40.4727,6,73.6536,45,8.8152,161,44.7814,43,33.6634,91,64.5492,10,9.2676,182,33.598,184,33.2706,133,66.5208,6,57.0447,237,0.0874,243,0.09,90,0.3
"Delaware St.",46.6053,243,34.0111,212,71.4286,99,5.5236,317,55.351,330,35.023,162,68.5106,142,8.2854,110,38.3688,75,33.3078,134,52.8014,215,54.3444,158,0.0913,211,0.0901,91,3.5
"Arizona St.",54.1322,10,35.4651,150,73.9458,38,10.7708,69,45.2569,58,35.1351,170,72.9537,321,8.6777,144,41.5459,33,42.2374,331,63.9323,18,65.3203,340,0.1115,78,0.0901,92,-7.2
Stanford,47.9508,186,36.5809,104,69.434,157,12.9167,36,42.0833,6,33.3333,72,66.4134,47,6.1475,6,27.0916,316,28.2511,20,58.2686,97,45.4088,6,0.0676,333,0.0903,93,15.6
Manhattan,46.2649,255,35.3147,154,66.4212,262,8.8423,156,51.8687,291,38.2409,309,67.4352,91,8.6587,143,32.6857,207,32.284,100,46.3186,315,53.8362,146,0.1139,61,0.0903,94,9.9
"Miami OH",50.5757,84,35.5513,146,69.9805,143,9.7865,109,47.9537,140,33.1597,66,66.2857,46,8.2374,102,31.7825,234,33.8824,154,54.3536,176,46.5753,12,0.0895,231,0.0905,95,8.7
"Arkansas Little Rock",45.6973,270,34.5291,192,66.4326,260,9.8621,107,47.614,129,29.6578,3,70.1967,224,10.2868,253,30.6108,258,35.8067,223,58.4416,93,53.5537,138,0.0962,183,0.0905,96,11.2
"Western Illinois",44.313,303,35.109,162,69.4704,155,6.1224,305,49.8542,229,36.087,232,69.5652,189,8.7352,149,27.3148,314,30.8932,53,50.1582,272,60.8247,299,0.089,232,0.0906,97,7.8
Kentucky,51.5377,57,36.9168,89,73.2919,55,13.1975,31,42.9584,16,32.807,54,70.8101,261,10.8108,289,31.4815,239,33.5491,143,53.7415,192,51.1905,73,0.0999,162,0.0907,98,9.5
"Wright St.",48.4264,168,38.7755,30,67.5978,222,5.6782,314,45.2156,57,35.0531,164,66.8067,61,8.2234,99,35.3675,143,40.9317,321,53.6443,196,55.3707,188,0.0827,287,0.0907,99,-0.7
"UC Irvine",49.9113,111,36.4086,108,74.7423,25,6.5094,286,51.7925,288,37.3494,289,71.1948,276,7.5355,56,34.9856,154,35.4052,212,50.8929,255,54.5692,163,0.1127,71,0.0908,100,10.1
"Virginia Tech",48.0483,181,33.6842,223,68.1347,191,12.963,35,44.0586,27,34.1426,111,67.9818,110,10.7878,287,28.8024,292,33.7084,148,53.855,189,53.1407,123,0.1033,141,0.0908,101,8.2
"New Hampshire",39.7465,339,37.3093,76,69.2308,166,6.1665,304,49.6403,218,39.2927,320,69.9482,215,11.6359,317,45.3744,12,34.3455,170,54.7231,166,48.0234,29,0.0829,285,0.0909,102,11.9
Hawaii,48.6986,158,33.2031,244,74.1176,36,8.2674,196,51.0994,272,39.0728,319,69.1781,169,5.9614,3,30.0646,274,28.4906,23,60,67,51.4512,80,0.0885,236,0.091,103,12.6
"George Mason",52.3129,40,34.8048,178,70.297,133,8.7027,170,46.4142,87,33.1707,68,71.7131,295,7.4853,53,33.1271,195,33.1358,128,53.8089,190,51.1538,72,0.0873,247,0.091,104,7.6
Quinnipiac,48.5171,161,39.207,22,70.5085,124,6.518,285,49.0566,197,36.2729,239,69.4064,181,6.616,12,25.6642,329,34.0125,160,54.2892,178,53.9241,148,0.083,283,0.091,105,6.9
"Eastern Washington",45.5882,274,32.5658,269,72,83,5.0107,327,52.6652,304,35.4582,189,66.129,44,11.086,296,40.7507,40,34.8611,193,52.4126,228,61.756,309,0.1021,147,0.0912,106,3
"East Tennessee St.",50.0395,103,35.0962,165,71.8659,86,9.0065,147,50.2321,242,34.9148,152,65.3147,23,8.3004,112,33.0334,196,43.2859,335,46.831,313,59.7826,288,0.1148,57,0.0913,107,-6
Kansas,55.3672,6,39.697,14,70.696,117,16.7407,5,41.1852,4,32.8162,55,68.1885,121,6.3402,8,29.2943,287,38.2998,285,61.1014,50,52.7076,108,0.1299,16,0.0914,108,5
"Wisconsin Green Bay",49.5712,120,36.689,101,73.822,40,9.0218,146,48.433,168,35.4735,190,68.0261,114,10.4631,266,27.7123,308,37.1718,253,47.5741,304,52.2572,96,0.0869,251,0.0914,109,3.3
"Ohio St.",53.7692,13,33.5553,230,68.8042,173,14.4727,14,43.495,21,32.0046,33,67.9834,111,6.5385,9,36.6163,109,40.3307,318,57.8339,107,63.357,329,0.1006,157,0.0915,110,-11.7
"Jacksonville St.",47.5789,207,37.7049,59,60.274,336,8.5286,181,52.3899,301,35.5731,202,68.5805,147,11.4737,310,39.1026,65,32.1678,96,63.9296,19,58.3221,262,0.1015,150,0.0915,111,1.8
"San Diego St.",48.9149,148,33.0189,255,67.9811,200,7.2693,241,49.2078,207,35.4276,188,67.2192,81,8.2638,109,30.6713,255,34.8117,190,52.8252,214,53.4884,135,0.1167,54,0.0915,112,9
"Southern Illinois",47.0199,228,34.0206,210,71.5142,98,8.4164,187,47.1761,114,34.9914,160,70.3448,236,8.6093,137,35.5095,139,39.2328,306,57.1223,120,55.2381,185,0.1054,126,0.0917,113,9.6
"Michigan St.",51.574,53,36.9835,85,73.6762,44,12.2482,45,45.5278,66,31.1902,21,67.0229,72,9.779,223,24.4815,333,37.069,250,66.491,7,56.116,208,0.0899,228,0.0921,114,1
Clemson,49.7167,115,37.5354,66,62.2496,319,13.3431,30,49.0469,196,30.4029,10,71.6718,294,8.3569,120,33.3333,186,28.5864,24,53.2575,209,48.503,32,0.1343,6,0.0925,115,12.3
"Cleveland St.",48.3146,173,30.3797,322,69.9851,142,9.5628,123,47.541,126,32.0896,35,69.7313,202,8.9888,164,27.5581,311,32.8029,118,51.0724,250,54.8991,174,0.1072,109,0.0925,116,9.6
Cincinnati,45.9059,264,32.7559,262,66.4957,257,6.9723,258,48.5196,175,33.6013,88,68.1818,119,7.8397,72,35.6141,135,37.2678,257,55.3741,152,55.788,201,0.0802,302,0.0927,117,6
"Miami FL",45.7447,268,37.9019,54,75.3351,15,11.8348,52,43.6855,24,35.6375,205,66.7651,58,10.3343,259,30.9911,247,34.0838,162,50.9685,254,49.3606,42,0.0834,280,0.0927,118,7.2
"Norfolk St.",49.5131,124,30.0578,327,66.5461,253,9.0589,145,46.9657,107,36.4437,253,65.2742,21,7.191,41,27.9935,304,33.3138,135,41.7381,334,55.3306,187,0.1226,32,0.0927,119,7
Brown,52.1144,47,40.8273,4,74.571,26,7.2841,240,49.948,233,35.5705,201,70.7196,257,10.0746,241,40.8824,37,38.2787,284,63.7771,21,58.815,273,0.1102,89,0.0927,120,-0.2
"Central Arkansas",42.5076,323,30.2469,325,69.6517,151,11.7532,56,44.9559,47,36.7171,267,66.1512,45,12.3344,323,33.1288,194,31.1995,65,40.6028,336,56.4388,219,0.0944,196,0.0927,121,6.9
"Virginia Commonwealth",46.3819,250,37.5671,63,67.7892,212,14.2977,16,42.8932,15,26.9155,1,69.6594,196,8.8928,155,32.7667,206,29.9764,39,54.1779,180,53.4776,134,0.1212,37,0.093,122,10.9
Cornell,52.637,32,40.2256,7,76.087,10,7.3964,235,46.2525,84,36.5759,258,69.7543,205,7.8594,74,35.4903,140,33.6387,146,53.8036,191,55.0989,178,0.0868,254,0.0932,123,7
"Penn St.",46.6604,241,33.982,214,62.2302,320,6.5606,281,50.8946,263,35.5623,200,70.2479,229,10.9125,292,38.5904,71,39.5433,309,59.751,70,61.9303,313,0.0903,224,0.0933,124,-5.6
Drake,50.5411,86,36.7089,99,76.7828,8,7.5848,222,49.501,212,34.4564,128,67.0886,75,10.4978,268,46.091,10,39.4562,308,59.5773,73,56.4494,221,0.1128,69,0.0936,125,-3
Charlotte,44.5993,299,34.3473,197,67.2932,229,10.6947,73,47.8062,136,33.8959,102,69.7706,206,12.5436,328,40.7331,41,39.3906,307,55.9387,134,56.5445,224,0.117,49,0.0936,126,3.1
Creighton,49.8573,113,36.1111,119,71.6469,90,10.5263,79,45.4628,65,35.3997,186,72.381,310,8.6584,142,40.655,43,35.7434,220,57.1429,118,55.0139,177,0.1106,86,0.0938,127,5.3
"Mississippi St.",53.3224,23,33.4282,235,64.6195,303,19.2225,2,39.7408,1,31.8182,30,68.4474,137,9.434,197,36.5765,111,35.0023,200,50.6215,262,50.3797,61,0.0839,278,0.094,128,3.8
Albany,47.7431,200,34.5382,191,72.605,72,7.3,238,46.8,102,35.9929,224,69.7348,204,9.7222,220,30.1818,270,36.0614,229,51.2465,248,52.7571,110,0.0806,299,0.0942,129,10.7
"Virginia Military Inst",53.7486,15,31.9366,288,69.697,149,5.9339,307,58.8521,341,37.415,291,61.4,1,9.4579,200,50.4571,3,36.3861,239,54.0107,184,61.697,308,0.1413,1,0.0945,130,-4.2
Vanderbilt,50.6073,82,39.8684,12,73.4641,49,8.5199,183,48.3032,161,35,161,69.4611,184,9.5547,206,38.0952,79,33.5731,144,65.3017,8,49.1247,38,0.0833,281,0.0946,131,7.6
"Wichita St.",47.9227,188,30.7692,321,67.4959,223,9.3946,128,45.6159,70,38.9251,318,71.7584,298,9.4686,201,36.1111,120,39.0585,300,57.2485,116,57.3964,243,0.0812,296,0.0946,132,2.6
"Montana St.",48.8821,149,35.9649,126,73.8014,41,8.5599,180,51.0574,271,36.4,250,76.0606,341,9.0447,168,36.6795,107,33.4896,139,52.0408,232,50.7983,66,0.0728,325,0.0947,133,11.7
"Northern Arizona",52.6733,31,39.0342,25,71.5909,94,6.6337,276,45.9406,75,37.9479,305,69.8052,211,10.297,256,32.9794,200,37.8079,275,63.4986,22,57.8192,251,0.091,216,0.0949,134,5
Michigan,45.1643,284,31.1902,314,70.5882,119,13.8648,22,48.4402,169,38.1029,306,68.5072,141,9.4836,202,40.7016,42,35.0225,201,55.0071,162,60.6784,298,0.0969,180,0.0949,135,-3.9
"Texas Tech",48.1865,177,36.8675,92,70.436,126,6.6004,279,49.0054,195,36.7021,263,69.0559,163,8.7219,148,26.3827,324,33.7725,151,52.0394,233,46.3284,11,0.0912,214,0.0951,136,12.3
Lipscomb,48.7203,155,35.1082,163,64.8921,296,6.8556,264,45.4296,64,36.0317,227,66.4157,48,9.3236,184,35.4572,141,36.5429,242,55.2419,156,50.6906,64,0.0933,200,0.0952,137,8.3
Columbia,48.227,175,33.042,252,72.4846,76,4.9425,329,49.8851,230,30.8257,16,73.4835,330,9.3381,188,40.3385,46,38.5159,291,61.809,43,53.8206,144,0.0697,329,0.0952,138,6.4
Villanova,47.7863,199,34.4239,196,72.6692,70,9.1333,142,48.5555,177,36.4738,255,68.4086,133,12.2901,322,34.923,155,40.9141,320,53.6866,194,57.5758,245,0.1167,53,0.0953,139,3.9
"Coastal Carolina",47.3301,215,36.0281,123,67.4757,225,5.562,315,50.1738,239,37.0618,281,69.8254,213,9.5874,210,40.8471,38,40.9713,323,60.8403,52,56.4885,223,0.0844,276,0.0954,140,-5.1
Valparaiso,49.7566,114,37.9778,52,67.4528,226,6.3987,293,48.0722,148,34.9769,157,68.2584,124,11.3924,308,44.124,22,34.743,187,57.0208,122,49.4465,46,0.0669,336,0.0955,141,10.9
"Missouri Kansas City",41.6495,330,37.8417,55,73.4694,47,10.0678,101,51.0165,270,40.0394,330,71.5736,290,10.9278,293,41.7417,31,32.9221,123,54.2729,179,62.0548,315,0.1029,144,0.0956,142,6.7
"Mississippi Valley St.",40.7317,334,34.2365,200,66.9196,241,7.5421,226,50.9317,267,31.5992,27,65.7331,32,9.6748,216,24.8166,331,31.531,80,52.0313,234,51.2195,74,0.0879,240,0.0958,143,8.9
Northwestern,49.0408,140,36.4198,106,66.0057,270,6.9532,260,55.7522,333,38.843,317,70.674,255,11.9904,319,43.7247,26,43.3381,337,71.4729,2,68.1953,341,0.1295,17,0.0959,144,-7.7
"East Carolina",43.1151,318,38.3363,40,69.506,154,9.5903,121,48.9758,193,36.1991,235,68.4129,134,10.6095,276,38.4295,73,29.1557,32,63.1313,27,57.5802,246,0.091,215,0.096,145,4.2
Liberty,54.1872,8,36.7521,96,74.4086,30,4.2181,333,51.6461,286,33.7308,94,70.4587,241,11.33,306,46.3672,9,37.6523,271,64.8997,9,57.8571,253,0.0866,257,0.0961,146,2.3
"Gardner Webb",49.2308,132,35.865,137,66.4201,263,6.9952,254,48.1717,154,30.7074,14,67.3123,83,9.5726,207,37.799,87,33.0851,127,62.5752,35,50.3137,58,0.0979,173,0.0962,147,9.4
Elon,47.6724,203,31.5789,302,68.125,193,7.0144,251,48.9209,192,33.2677,70,65.3963,25,7.6724,63,31.4421,240,31.358,71,49.6533,288,51.4727,82,0.1027,146,0.0962,148,11.7
Lamar,50.0992,100,37.7897,56,66.087,268,7.1992,247,52.86,309,37.7011,303,71.4286,285,9.4246,195,35.7553,129,30.0207,41,58.0195,103,55.7143,199,0.11,90,0.0964,149,8.8
"Weber St.",49.537,122,36.9295,88,74.5033,27,11.0236,65,46.9066,106,36.9004,272,68.7956,153,7.9861,81,35.8098,126,37.8756,278,54.1254,181,62.0746,316,0.0829,284,0.0966,150,3.1
"North Dakota St.",48.8785,150,39.4144,19,74.9588,18,6.1783,303,48.0141,143,35.7702,211,73.741,332,8.5981,135,29.3263,286,25.2639,3,54.5845,168,47.5771,22,0.0849,269,0.0967,151,18.8
Winthrop,46.6953,240,37.1795,81,59.3443,340,11.7021,57,46.5957,95,31.1404,19,69.5971,192,7.1245,37,31.9112,226,42.1182,330,54.4846,171,60.2151,291,0.1286,20,0.0967,152,-1.5
"UC Santa Barbara",47.3443,212,40.5263,5,74.7826,23,7.1717,248,51.5152,282,31.3149,25,67.171,79,7.2344,44,34.296,166,36.8622,246,60.5615,57,53.4009,130,0.1286,19,0.0967,153,8.6
Arkansas,52.2956,41,34.1021,207,67.81,209,14.1517,20,47.6153,130,33.2849,71,69.7143,200,9.8996,232,30.3348,265,34.9771,199,53.953,186,52.864,116,0.0985,170,0.0968,154,6.2
"Florida A&M",44.4129,301,34.5779,188,62.1673,321,4.9436,328,52.3851,300,33.7736,98,64.3885,8,10.6061,275,36.8421,105,31.4914,78,54.5455,169,51.7241,89,0.0979,175,0.0969,155,6.6
"Appalachian St.",52.5323,33,38.5399,34,68.4669,186,12.1784,48,45.0257,50,35.3519,184,67.2694,82,6.7527,19,36.9048,102,34.3838,176,53.5714,200,49.3927,44,0.0906,220,0.097,156,5.4
"Saint Joseph's",52.7586,30,38.5938,33,72.5874,73,13.3449,29,47.6603,132,37.0317,279,68.4553,140,10,236,35.5556,136,37.5541,268,58.44,94,60.5948,296,0.1088,98,0.0971,157,-2.4
"Kansas St.",50.2212,97,32.0373,285,69.344,163,8.9444,152,44.8832,45,37.2378,286,65.4676,27,8.3333,117,32.1661,218,31.5499,81,55.3551,153,56.2338,213,0.1041,136,0.0972,158,9.3
"Brigham Young",51.5353,58,37.3037,77,65.536,282,9.3969,127,42.7069,14,30.0493,5,70.6815,256,5.9751,4,38.8014,67,29.9263,38,64.7903,10,46.0859,9,0.0847,272,0.0974,159,16.3
"Cal Poly",47.7,202,28.7356,335,65.9774,272,8.6207,173,48.4787,171,38.5305,315,72.6962,315,7.6,59,37.8496,85,36.1399,231,50,275,64.2136,332,0.1019,148,0.0978,160,0.9
"Florida Atlantic",48.9933,144,37.3796,74,67.3604,228,6.5274,284,50.2176,241,35.8696,218,70.8215,262,8.8926,154,30.3331,266,39.0451,298,53.3419,206,52.3187,98,0.0845,273,0.0978,161,5.1
"Wake Forest",49.0519,139,31.6054,300,66.0743,269,14.3652,15,47.1733,113,35.2941,181,67.3701,87,7.4196,51,33.0204,198,36.1916,233,45.5357,319,52.8276,115,0.1136,62,0.0981,162,5.4
Delaware,45.5238,277,31.4433,307,68.6454,177,7.5671,224,49.1456,204,33.1169,63,65.9966,41,9.4286,196,35.6618,131,27.3211,11,55.8245,141,47.9524,27,0.1001,161,0.0982,163,14.5
Florida,55.7027,5,36.3151,110,70.0608,140,8.1378,201,49.5601,214,34.1246,110,65.9359,39,8.1678,93,35.5313,138,33.0716,126,61.1273,49,52.2075,94,0.0914,210,0.0983,164,7.3
"Western Carolina",42.6704,320,34.7826,179,67.1429,236,8.3987,188,51.5118,281,34.5257,130,72.5341,314,9.6172,211,38.3774,74,41.862,329,50.6531,260,58.3578,263,0.1091,95,0.0984,165,-1.4
"Texas San Antonio",44.6429,298,33.3333,239,65.6192,280,3.8159,336,54.6577,326,35.2041,174,72.9831,322,8.6905,145,36.7946,106,30.5534,48,51.3011,246,51.04,70,0.1223,33,0.0984,166,12.2
"Arkansas St.",47.2831,217,40.0826,9,72.0739,81,6.2366,301,53.2258,317,42.1731,341,70.8688,265,8.0076,83,31.5721,237,36.8635,247,48.2609,300,44.0608,3,0.0942,198,0.0985,167,9.3
"Austin Peay",48.4193,169,38.1818,43,71.3278,103,6.5905,280,52.812,306,37.351,290,69.4175,182,9.6506,214,37.2979,95,39.8838,310,58.5965,89,60.3624,293,0.1401,2,0.0987,168,-2.1
Alabama,50,104,36.25,112,62.0178,322,12.3333,42,48.3333,163,35.4883,196,71.8654,300,7.9562,78,31.8408,231,37.727,273,56.1614,130,53.9379,149,0.1067,114,0.0989,169,2.3
"Louisiana St.",48.3614,170,32.1725,280,74.7535,24,14.9435,12,46.1228,79,34.2609,116,66.9291,69,9.9203,233,34.8152,159,31.7154,85,47.2973,307,48.9583,36,0.087,249,0.0992,170,5.5
Wisconsin,49.3333,130,35.5705,145,70.5489,121,9.4862,125,41.6601,5,31.2704,24,68.3438,130,7.8431,73,31.8546,230,32.677,114,53.8644,188,50.0695,56,0.098,172,0.0994,171,9
Lehigh,43.7663,310,35.1621,159,73.3102,53,9.2205,134,43.6312,22,40.0407,331,67.0139,71,7.0619,33,25.9044,327,31.8653,87,57.0762,121,60.9756,301,0.0858,262,0.0994,172,5.2
"St. Bonaventure",46.8254,238,34.1544,204,75.1773,17,6.8013,268,51.7535,287,36.193,234,69.9819,216,8.0357,86,37.6623,89,44.2205,340,57.3529,113,62.6156,322,0.0764,316,0.0995,173,-9.6
"Cal St. Bakersfield",43.168,317,35.0459,168,67.9104,205,5.0285,326,55.0285,329,36.9492,276,69.5402,188,6.9626,28,32.1724,217,35.8881,226,49.6361,289,58.5213,266,0.0889,233,0.0996,174,-1.7
Marshall,46.7189,239,31.7526,295,69.0076,170,7.5433,225,49.7452,222,35.4167,187,67.3684,86,8.7169,146,32.2045,215,32.8542,121,53.0903,211,53.9514,150,0.093,202,0.0996,175,8.1
"Old Dominion",47.3527,211,33.4913,233,66.3569,265,13.4328,28,45.6053,69,34.5865,135,70.4947,243,7.6808,64,32.0669,222,35.5425,213,59.9764,68,55.641,197,0.1169,50,0.0997,176,1.3
UAB,49.9179,109,37.4631,71,70.6757,118,8.6207,173,45.1274,55,33.6066,89,65.0485,18,9.1133,175,35.7595,128,31.3786,72,55.1044,159,46.9641,16,0.0828,286,0.0998,177,13.6
"Sacramento St.",42.3077,325,32.1962,276,60.7803,333,7.4074,234,57.4074,339,38.3673,312,68.9482,158,12.5,327,31.0802,245,34.8011,189,50.2538,270,65.1748,338,0.1234,29,0.0999,178,-2.1
Yale,50.5972,83,34.104,206,69.9422,144,9.7587,110,50.5771,254,37.5536,298,72.007,303,7.9262,77,36.0417,122,32.84,120,55.832,140,58.7519,270,0.1214,36,0.0999,179,6.9
"Loyola MD",47.1507,224,36.9444,86,76.8466,7,8.8402,157,46.8775,105,33.9869,107,68.3887,132,13.511,335,39.823,54,33.1707,130,59.8203,69,49.3639,43,0.0909,217,0.0999,180,10.1
"Air Force",48.7062,157,37.5472,65,69.4444,156,6.7935,269,44.4293,35,35.924,220,69.4624,185,11.5677,314,44.6504,20,44.0304,339,64.3545,13,63.1776,327,0.1055,125,0.1,181,-2.2
"Western Michigan",46.9903,229,36.1874,114,75.2866,16,6.7718,270,45.269,59,32.8455,56,70.9402,268,10.3883,263,37.5379,91,36.326,238,49.0113,292,54.4928,160,0.0759,319,0.1001,182,6.8
Xavier,52.2782,42,39.0582,24,74.8804,20,9.6749,114,45.2012,56,33.558,86,67.7116,98,11.1111,297,36.594,110,36.4798,241,60.2564,63,58.8235,274,0.0853,264,0.1002,183,0.4
Georgia,46.9372,232,33.1675,249,67.5987,221,9.2623,131,49.0984,200,30.8511,17,64.8177,13,9.8775,230,31.5872,236,35.0373,202,47.1095,309,52.2444,95,0.0971,178,0.1002,184,4.9
"Southeastern Louisiana",49.4371,127,33.631,227,66.9065,245,9.593,119,44.9612,48,33.4988,80,65.5894,30,8.086,88,25.5903,330,28.0836,17,55.5369,148,49.9165,54,0.0902,225,0.1004,185,14.5
"The Citadel",40.9962,332,38.0655,46,67.658,219,3.2823,339,57.4398,340,39.9598,329,71.3333,282,13.1545,334,45.014,15,35.2691,206,52.5664,224,61.1878,303,0.0862,259,0.1006,186,-0.9
"Utah Valley St.",49.568,121,37.5224,68,74.4681,28,7.6586,221,49.1247,202,35.4783,192,71.5415,289,7.7754,67,37.559,90,38.6165,294,51.6467,241,54.6708,169,0.0961,186,0.1006,187,-0.1
Gonzaga,53.6313,17,37.4787,70,71.2329,107,13.0288,34,43.7394,25,32.6149,46,64.7841,12,8.9385,158,31.9022,227,37.0607,249,53.5874,198,50.9409,68,0.1108,85,0.1007,188,6.1
"Winston Salem St.",43.9703,309,28.8802,333,62.7057,317,7.9457,210,50.3876,248,30.1115,6,68.5613,145,11.039,295,32.0731,221,34.2675,168,47.504,305,52.346,99,0.1168,51,0.1007,189,4.4
Marist,48.9852,145,38.0386,48,64.7059,301,7.2417,242,45.8096,74,33.4454,78,72.8244,319,12.6384,329,38.3039,77,32.6206,112,48.2846,299,42.7822,2,0.0769,314,0.1013,190,12.6
Pacific,53.83,12,40.0359,10,67.7711,213,5.7344,313,48.4909,173,35.5219,199,70.8904,266,7.0304,31,36.8874,103,37.4055,263,56.25,126,51.5152,83,0.0938,199,0.1014,191,7.8
"San Jose St.",46.0442,260,32.1782,278,67.2083,231,7.012,253,49.9602,234,36.4379,252,65.812,33,6.985,29,22.3575,340,32.7799,117,48.5825,296,57.2941,241,0.085,266,0.1014,192,2.9
"South Florida",48.5025,163,32.9365,257,63.7602,311,8.898,153,46.8571,104,35.1159,169,65.2893,22,12.7288,331,29.5428,284,31.411,75,62.4833,38,58.8846,275,0.0803,301,0.1015,193,2.6
"San Francisco",48.0165,183,32.7434,264,70.412,127,7.9681,209,54.9801,328,35.7782,213,69.7853,209,7.0248,30,27.1961,315,35.7646,222,49.9314,280,52.7926,113,0.0898,229,0.1016,194,7.3
Ohio,51.2311,65,34.6749,183,71.535,97,6.8465,265,50.2075,240,35.6071,203,66.8919,66,8.1439,91,37.9553,82,43.1939,334,62.4837,37,58.1208,256,0.1187,45,0.1017,195,-2.4
"Portland St.",51.2563,63,40,11,67.1949,232,9.2527,132,49.6441,219,35.7651,210,71.9723,302,6.1307,5,41.2979,35,33.3333,136,61.1392,47,55.2042,182,0.101,154,0.102,196,6.3
American,46.3492,252,41.0095,3,74.1194,35,8.1921,198,45.1036,53,35.034,163,73.4472,329,13.1217,333,40.152,49,35.6364,217,55.0143,161,55.4745,193,0.0734,323,0.1021,197,5.7
Wagner,50.1565,99,31.338,310,59.9402,339,9.9656,105,45.9622,77,32.6149,46,70.283,231,6.5728,11,30.7692,253,37.4194,264,53.9683,185,59.1864,282,0.0909,218,0.1022,198,0.4
"Murray St.",53.0055,26,38.3747,37,73.8676,39,9.7236,113,48.5159,174,34.1709,114,70.7317,258,6.9217,25,28.7476,294,37.9288,279,57.1809,117,62.3894,320,0.1043,131,0.1023,199,-1.1
"La Salle",46.8591,236,39.6135,16,69.2996,164,7.2327,244,51.8082,289,34.555,132,71.3592,283,14.2615,339,34.5192,164,31.0569,57,55.5138,149,56.4761,222,0.0946,193,0.1023,200,6
Minnesota,47.4689,209,36.7316,97,67.737,216,12.7323,38,47.3978,119,33.5423,85,71.935,301,9.3776,194,35.6303,133,37.2229,254,63.0355,30,60.6354,297,0.1342,7,0.1027,201,1.3
Lafayette,47.9029,191,39.6552,15,69.3525,161,8.1866,199,48.0634,147,36.4286,251,73.6767,331,10.3753,261,45.4217,11,33.0189,125,60.7094,55,50.8,67,0.1109,83,0.1029,202,7.5
"Jackson St.",44.9612,290,31.7757,294,67.4787,224,8.003,208,50.4862,252,35.8209,215,67.3522,85,9.5842,209,27.3797,313,31.0825,59,50.2475,271,53.3109,124,0.1006,158,0.103,203,9.9
"Central Michigan",48.3398,172,33.7171,222,68.0885,194,7.8081,216,50.8937,262,35.2645,180,71.6063,292,10.0586,240,37.2549,97,27.1918,9,40.1429,338,49.6329,48,0.1124,74,0.103,204,20.9
"Cal St. Northridge",50.3407,94,37.3109,75,69.0972,167,8.8264,159,48.7876,187,30.7557,15,67.5643,93,6.2181,7,33.6348,182,35.5625,215,53.5055,203,55.8997,204,0.1201,41,0.1031,205,10.6
Rider,52.5094,34,39.8026,13,64.2667,306,12.5307,41,47.502,121,34.3909,124,69.0939,165,7.8652,75,31.2918,241,39.2235,305,55.6734,145,54.9941,176,0.1045,130,0.1032,206,0.9
"St. Francis NY",45.9948,261,30.8231,319,63.5231,313,5.0863,324,52.861,310,35.6089,204,70.2317,226,7.149,39,32.9677,201,32.9884,124,51.5493,242,59.4839,285,0.1042,134,0.1033,207,4.3
"Oklahoma St.",48.7992,154,33.9623,216,71.6867,88,9.2294,133,48.2079,157,36.166,233,72.028,306,10.0865,245,39.8266,53,31.1961,64,46.6307,314,46.3245,10,0.1211,38,0.1033,208,16.3
"Tennessee Martin",50.6809,79,34.3266,198,69.378,158,6.1925,302,53.1381,316,34.8611,150,69.4291,183,10.4086,264,44.9384,16,37.5979,270,51.2979,247,61.6253,307,0.0942,197,0.1034,209,-6.9
"Missouri St.",49.9044,112,36.1832,115,71.6216,91,11.692,58,46.5779,93,36.4516,254,71.4771,288,9.2734,183,38.5068,72,37.0813,251,59.552,75,56.7039,230,0.1073,108,0.1034,210,2.5
"Illinois St.",50.0916,101,37.1814,80,63.3166,315,10.2847,91,45.6382,71,31.9018,32,69.2058,171,7.6007,60,37.9193,83,37.4497,266,62.5157,36,56.1702,209,0.1077,105,0.1035,211,3.5
"North Texas",48.8688,152,39.2781,20,72.457,77,8.0818,203,47.517,122,34.3066,119,71.2662,279,9.1403,176,29.8858,278,34.7937,188,42.4828,332,46.7456,14,0.0761,317,0.1037,212,12
"Fairleigh Dickinson",46.162,256,35.5346,149,71.2821,104,6.6294,277,49.6006,216,40.5882,336,65.4618,26,10.661,280,40.4066,45,28.9444,29,49.6206,290,53.8647,147,0.071,327,0.1038,213,3.7
"Youngstown St.",47.1954,223,33.1915,246,62.4762,318,7.8565,215,51.9884,294,35.8416,216,68.985,160,7.5435,57,31.25,243,32.8776,122,54.5031,170,56.9038,235,0.0969,179,0.1038,214,7.3
"San Diego",48.7179,156,33.6673,226,66.9683,239,8.3911,190,47.96,142,34.4507,127,67.04,73,10.1832,250,26.7704,322,29.2484,33,54.8619,164,51.6089,85,0.1058,123,0.1041,215,12.6
"North Carolina",52.1169,46,37.2414,78,75.6923,12,10.5006,81,47.8022,135,32.6291,48,66.7707,59,9.8286,225,22.6209,339,34.2169,164,51.92,237,50.3299,59,0.1069,113,0.1042,216,7.4
Belmont,52.3179,39,36.1433,117,69.764,146,4.8917,330,51.8845,293,34.6095,138,70.3102,233,10.123,248,47.3081,7,34.3684,174,62.3884,39,52.921,120,0.1157,56,0.1045,217,7.7
Oklahoma,48.9583,146,34.8101,176,68.1319,192,10.7484,70,46.0191,78,32.6347,50,72.7273,317,8.9744,163,33.617,183,34.7193,186,52.4669,226,46.8593,15,0.0988,168,0.1045,218,9.3
Fordham,48.8764,151,32.2148,275,66.9159,243,9.0652,144,50.0472,236,35.4839,194,70.5305,245,8.0899,89,40.1077,50,29.069,31,59.4896,78,54.2398,155,0.0979,174,0.1046,219,9
Harvard,50.6787,80,31.7308,296,73.3777,51,7.4736,231,52.0715,297,34.8066,146,74.1313,335,11.1312,298,32,225,30.6088,50,54.7586,165,52.4096,100,0.1046,128,0.1046,220,6.2
"Morehead St.",46.3705,251,33.7972,218,71.2281,108,6.3337,294,51.1571,273,41.4449,339,69.7324,203,10.0758,242,35.2735,147,39.0497,299,61.7057,45,64.5768,334,0.1108,84,0.1047,221,1.9
"Georgia St.",44.5249,300,37.0062,84,64.2578,307,7.234,243,52.0213,296,35.2612,179,69.7161,201,8.9593,162,30.3279,267,36.3144,237,47.0149,312,57.5221,244,0.1085,101,0.1048,222,5.9
"Chicago St.",48.62,159,34.7505,180,67.8005,210,9.971,104,49.758,223,40.3292,335,70.4505,240,10.0849,244,36.4801,112,31.9947,93,51.7028,238,59.0141,277,0.1043,132,0.1049,223,0.5
"Maryland Eastern Shore",39.2097,340,26.5774,341,61.7266,324,6.9807,257,51.3877,279,38.2838,310,65.2055,20,11.5502,313,28.4394,299,33.7604,150,40.7634,335,59.312,283,0.1072,110,0.1049,224,-0.3
Binghamton,47.7993,197,33.5294,231,73.2039,56,7.3055,237,50.0949,238,33.9286,104,69.3419,175,8.0986,90,30.9842,250,32.3492,105,50.2801,269,55.6509,198,0.1111,82,0.105,225,6.3
"Georgia Tech",51.5012,60,37.2174,79,70.1117,138,9.7988,108,51.5311,284,33.805,101,70.2422,228,8.3141,115,30.683,254,35.7504,221,54.4734,172,54.8507,173,0.1145,58,0.105,226,6.8
Southern,41.6582,329,35.0649,167,67.1617,234,8.7702,164,48.0847,149,32.699,51,64.9123,15,12.8413,332,31.8401,232,36.8153,245,47.0383,311,58.2583,260,0.1056,124,0.1051,227,1
"Texas Southern",42.5,324,31.8841,290,65,293,5.0996,323,50.9163,266,36.7089,265,64.1975,5,8.4483,124,37.2973,96,33.4923,140,50.3506,268,52.5832,104,0.1003,159,0.1052,228,4.4
Nebraska,51.1073,70,34.2342,201,66.5667,252,9.2131,135,42.6104,11,36.3772,246,70.2555,230,9.029,167,32.0995,220,39.0643,301,60.1266,66,55.7496,200,0.1292,18,0.1054,229,3.4
"South Alabama",53.255,24,36.7673,95,70.3125,132,8.6081,176,47.2527,115,33.5366,83,66.9742,70,8.2278,100,33.7328,180,37.5286,267,60.804,54,56.3859,217,0.0906,219,0.1055,230,1.9
"Coppin St.",41.9913,326,31.9911,286,71.237,106,6.7019,274,49.1182,201,34.9275,155,65.9341,38,11.1833,300,24.3863,336,37.8289,277,45.3793,322,60.2757,292,0.106,118,0.1056,231,-2.1
Army,48.4536,164,31.2775,312,67.9825,199,7.4755,230,46.4461,89,34.5912,136,70.5882,250,8.5286,129,29.8488,279,43.8017,338,63.1259,28,59.9332,289,0.1328,8,0.1056,232,1
"South Dakota St.",47.9885,185,32.9621,256,71.6606,89,6.0052,306,47.1715,112,41.5385,340,69.378,179,9.6743,215,30.0737,273,25.3411,4,52.6965,220,53.4091,131,0.0642,339,0.1058,233,13.3
"Northern Illinois",47.0642,227,29.9578,330,67.8883,206,10.3061,90,48.0612,145,40.2802,334,68.8218,154,7.9817,80,30.3069,268,36.815,244,49.9237,281,54.6362,168,0.0884,237,0.1061,234,5.8
"South Carolina St.",46.8845,234,33.6717,224,60.4618,334,9.5705,122,48.3798,165,34.4605,129,67.0984,76,7.2948,47,30.9911,247,31.8789,88,55.1471,157,49.8832,53,0.0812,295,0.1061,235,8.5
"Sam Houston St.",48.2249,176,31.3462,309,65.1085,289,8.3008,194,43.2617,19,31.25,23,62.5,2,8.5799,133,33.8983,173,32.6316,113,67.9448,3,59.699,287,0.1088,97,0.1062,236,7.8
Richmond,49.1457,137,35.2181,157,70.3704,129,11.2971,63,50.3138,244,34.1549,113,72.7536,318,9.6482,213,38.3519,76,37.2703,258,58.5573,90,55.4074,189,0.1271,22,0.1064,237,8.7
"Southern California",51.5397,56,38.6555,32,68.5325,183,11.4715,61,44.0665,28,30.7004,13,68.5185,143,7.2934,46,27.8363,305,34.677,182,49.878,283,48.3617,31,0.0857,263,0.1067,238,4.5
Navy,44.8571,293,35.122,160,74.8837,19,6.2919,296,48.2383,158,32.7273,52,68.428,135,11.9048,318,43.8503,25,31.5729,82,54.4137,175,55.894,203,0.1195,43,0.1067,239,8.8
Jacksonville,49.4801,125,32.0463,284,73.3057,54,8.3865,191,51.8687,291,33.9257,103,66.8254,62,9.4454,198,30.9809,251,36.0723,230,52.7815,219,56.2259,212,0.1078,104,0.1068,240,2.2
"Boston University",45.3893,281,33.1903,247,67.8832,207,8.0042,207,50.6237,256,32.9915,61,70.1538,222,12.7049,330,41.7313,32,37.8151,276,60.4444,60,56.9118,236,0.1094,92,0.1069,241,4
"Alcorn St.",44.1638,304,35.3535,151,68.0672,195,3.8168,335,53.011,314,40.0922,332,68.1818,119,8.6237,139,30.1278,272,26.9064,8,40.4692,337,45.4318,7,0.0902,226,0.1071,242,19.2
"Charleston Southern",44.9679,289,36.7223,98,66.6667,251,5.3443,321,55.8068,335,34.9835,158,66.5487,54,10.5996,274,41.3685,34,38.3787,289,50.7553,259,58.8079,272,0.0755,320,0.1073,243,-2.7
Evansville,42.5856,322,38.9175,27,68.5353,182,2.7563,341,51.1577,274,36.4815,256,70.826,263,11.5019,312,26.9444,319,37.3186,261,58.0968,102,63.0862,326,0.0725,326,0.1077,244,-0.1
"IUPU Fort Wayne",49.3939,128,35.2941,155,73.0104,57,8.6059,177,49.6558,220,33.9703,106,70.1812,223,8.9899,165,33.2434,191,28.8426,28,55.3544,154,53.0529,121,0.0789,309,0.1079,245,12.9
Portland,47.7885,198,32.6889,267,71.0021,112,6.442,288,49.4549,211,38.3244,311,68.3002,128,10.2885,254,35.3636,145,35.7325,219,53.5871,199,58.6835,268,0.0805,300,0.108,246,5.2
Colgate,47.0844,226,37.7691,57,69.6343,152,10.4944,82,45.013,49,33.657,90,65.9236,37,7.2237,42,30.7831,252,34.8955,196,50,275,50.3439,60,0.0997,163,0.1082,247,6.3
"Texas Arlington",52.4771,35,34.6232,187,67.1254,237,7.0423,249,46.5795,94,32.4286,42,66.9207,68,7.7064,66,31.0563,246,41.3223,325,52.2911,229,56.8116,234,0.0876,242,0.1083,248,0.3
"St. John's",44.059,306,33.2627,243,66.2566,266,8.7361,166,48.6059,182,34.3373,122,68.6614,151,9.4536,199,29.0462,289,31.6391,83,52.782,217,53.3141,125,0.0973,176,0.1084,249,10.6
"NC Wilmington",53.3784,20,36.2342,113,75.5932,14,6.7293,273,48.748,185,34.4361,126,68.2258,122,6.6723,14,34.8018,160,34.2254,165,54.1231,182,50.1174,57,0.0917,208,0.1087,250,6
"Utah St.",56.25,3,40.121,8,78.8491,2,6.964,259,47.4178,120,36.6261,260,70.1252,220,8.4936,127,28.4404,298,33.9876,158,67.1476,4,54.0732,151,0.0775,312,0.1088,251,2.5
"Louisiana Monroe",47.6543,204,34.1985,202,71.5736,95,6.403,291,50.565,253,38.1783,308,69.3443,176,9.2593,181,44.7099,19,32.6996,115,48.6885,294,56.267,216,0.0944,194,0.1088,252,1.8
"Idaho St.",47.8521,194,31.1475,315,69.703,148,9.151,140,47.6295,131,37.3355,288,73.0519,323,9.4905,203,29.902,276,40.132,314,53.4314,204,62.6707,323,0.084,277,0.1089,253,-5.4
Connecticut,49.47,126,36.129,118,72.0442,82,19.2959,1,40.4198,2,34.9206,153,67.9764,109,8.1979,97,24.734,332,31.9355,92,56.2212,128,52.4434,101,0.0814,294,0.109,254,2
"Kent St.",50.6359,81,36.5942,103,71.4094,102,10.8766,67,45.6981,73,32.047,34,67.341,84,10.0159,237,30.4972,261,32.6039,110,57.8069,108,54.5093,162,0.1309,15,0.1091,255,7.3
"Arkansas Pine Bluff",43.1019,319,31.0838,316,61.9543,323,13.0677,33,44.7637,42,32.5726,44,69.6721,197,9.1073,174,30.6008,259,30.8776,52,49.8413,284,47.3438,17,0.0793,308,0.1092,256,14.6
"Eastern Michigan",47.338,213,35.8939,133,72.884,64,6.8637,263,49.0944,199,36.0568,230,69.771,207,11.4583,309,45.3165,13,34.9256,197,59.4595,80,55.4318,190,0.0923,205,0.1093,257,5.3
Hampton,45.4968,278,31.4647,306,60.0796,337,10.6101,74,44.7392,41,28.876,2,67.4157,90,8.1708,94,33.9264,172,31.3297,69,50,275,53.4351,132,0.1245,26,0.1094,258,7.2
Wyoming,50.3145,95,31.5895,301,72.9358,61,12.1013,49,46.9981,110,34.2857,118,71.1893,275,11.2159,301,34.2522,167,35.8218,224,57.9278,106,55.461,192,0.0742,322,0.1095,259,3.7
Mercer,48.2308,174,31.5789,302,66.9243,240,12.2161,47,46.5153,92,35.6725,207,67.148,78,8.7692,151,29.7677,281,34.8802,194,46.3171,316,57.7566,250,0.0845,274,0.1096,260,-3.4
"George Washington",46.1454,258,32.7519,263,68.623,179,10.7011,72,48.5855,180,33.7705,97,67.5875,95,9.3612,190,36.236,116,42.8672,332,54.5918,167,64.7255,335,0.098,171,0.1098,261,-8.7
"College of Charleston",52.1447,45,35.6463,143,69.5238,153,9.1631,138,48.557,178,34.9206,153,71.2687,280,8.1581,92,38.2017,78,31.25,66,47.0522,310,51.8477,91,0.0847,270,0.1099,262,4.9
"High Point",50.4435,89,36.5079,105,74.4246,29,10.2804,92,47.352,118,34.3254,120,64.4788,9,9.0909,171,38.5977,70,34.3558,172,62.9909,31,56.4388,219,0.076,318,0.1099,263,3
"Nicholls St.",45.885,265,33.4258,236,66.4323,261,6.4835,287,50.8791,261,37.5776,299,67.9049,105,13.5287,336,44.8383,17,41.4414,326,60.1852,64,58.7234,269,0.1182,46,0.11,264,0.6
"Robert Morris",51.1774,67,37.4833,69,72.6297,71,6.8081,267,51.9894,295,31.1522,20,69.0808,164,8.4772,126,36.9619,101,38.3315,287,64.0558,14,56.2577,215,0.1384,3,0.1101,265,4.8
Grambling,45.1256,285,33.4171,237,61.5561,326,6.3279,295,47.7469,134,32.9298,59,69.7068,199,10.5528,272,28.5714,296,28.3654,22,51.0309,252,47.4763,19,0.0621,340,0.1101,266,13.4
"Middle Tennessee",50.5425,85,36.1111,119,71.1656,110,6.7623,271,51.332,277,34.9418,156,73.224,326,6.6908,15,29.7332,282,38.1103,282,50.5495,263,51.6174,87,0.087,250,0.1101,267,9
Buffalo,44.7229,296,32.1705,281,67.7936,211,7.4176,233,49.9084,232,33.7891,99,70.3518,238,10.7062,283,28.1506,303,31.9202,90,51.6556,239,51.6713,88,0.1073,107,0.1102,268,13.2
Toledo,45.3125,283,30.3082,324,67.7586,214,10.2317,96,52.8958,312,33.6937,93,68.3495,131,10.8333,290,37.8238,86,34.8837,195,45.2614,323,56.1905,210,0.137,4,0.1102,269,1.9
Vermont,49.9603,107,35.5422,148,68.4932,184,12.2649,44,44.2355,31,36.2764,240,72.3757,309,9.7542,222,28.3115,301,29.8739,35,56.1338,131,49.863,51,0.085,265,0.1102,270,14.9
Pepperdine,47.2803,218,30.2228,326,69.3452,162,9.6261,117,53.0628,315,40.6355,337,69.1275,168,9.7071,219,37.5327,92,32.2372,97,47.954,302,61.7582,310,0.1312,14,0.1103,271,0
"Iowa St.",46.9669,230,31.058,317,71.9643,84,9.5012,124,44.2597,32,36.0444,229,68.9243,157,9.0074,166,35.006,153,29.9889,40,55.1227,158,47.7454,24,0.0776,311,0.1103,272,10.9
Georgetown,56.292,2,38.3738,38,65.2101,286,13.7638,23,40.5268,3,29.86,4,67.9878,112,8.4534,125,40.2411,48,35.3297,209,61.7544,44,53.3632,128,0.1086,99,0.1105,273,4.3
Longwood,39.9612,338,35.828,139,66.4773,258,5.848,310,54.5809,324,39.8467,326,71.757,297,9.5053,205,37.8541,84,33.7209,149,62.7943,32,56.6406,228,0.1092,93,0.1108,274,5
Providence,48.9325,147,37.5594,64,68.0412,196,8.9733,150,49.3529,209,34.6939,142,74.2284,336,9.9915,235,35.0166,152,33.6577,147,55.9259,135,57.732,249,0.1141,59,0.1108,275,2.2
"South Carolina Upstate",44.6743,297,32.5368,270,61.7174,325,7.4447,232,50.8048,260,34.8231,148,66.7742,60,7.2389,45,36.0026,123,35.0751,203,57.9639,105,56.6474,229,0.1127,70,0.1111,276,3.8
Rutgers,43.3755,315,31.7844,293,64.8241,298,11.5758,59,44.5855,39,37.1212,283,66.7319,57,10.3797,262,31.2246,244,28.2807,21,42.6277,331,47.541,21,0.0825,288,0.1114,277,10
Princeton,50.4098,91,31.7073,298,70.1897,137,5.0717,325,53.2525,319,32.5758,45,70.5989,252,8.8798,153,43.951,24,30.3914,45,58.2577,98,52.2876,97,0.0872,248,0.1115,278,13.3
"Northern Colorado",47.2505,221,34.8387,175,71.4286,99,4.5096,332,49.8309,227,37.5445,297,71.3781,284,10.0815,243,32.1355,219,38.7854,295,54.3131,177,55.5896,195,0.0957,189,0.1118,279,4.9
Monmouth,46.0512,259,32.1789,277,68.6354,178,6.8421,266,50.6316,257,33.125,64,70.7783,259,10.5673,273,43.5302,27,40.2516,316,57.6138,110,59.1631,281,0.1018,149,0.1118,280,-0.8
"Bethune Cookman",47.8974,192,33.5277,232,68.3544,187,6.9937,255,49.6868,221,32.1503,36,66.8459,63,8.3077,114,26.0243,326,33.3333,136,50,275,53.4921,136,0.1129,68,0.1123,281,4.8
Campbell,46.2946,254,34.4954,194,70.0855,139,8.0517,204,50.8946,263,37.2093,284,65.5882,29,14.1812,337,33.2723,190,39.0672,302,63.4006,24,64.2287,333,0.1014,151,0.1124,282,-2.4
"Prairie View A&M",47.8299,196,30.3609,323,60.3175,335,10.5126,80,48.3058,162,38.3838,313,64.6081,11,9.7431,221,29.4375,285,30.0729,42,48.6091,295,53.7534,140,0.1058,122,0.113,283,11.5
"Long Beach St.",47.2709,219,35.0937,166,74.3169,33,6.2721,298,51.4134,280,36.9952,278,71.0909,273,8.033,85,37.6765,88,35.3512,210,63.4586,23,55.9803,205,0.0795,306,0.1131,284,1.8
"James Madison",49.9162,110,35.8811,135,72.1239,80,5.7573,312,53.4101,320,36.9318,274,65.3435,24,7.7889,68,28.2883,302,31.8648,86,51.2418,249,48.1203,30,0.1112,79,0.1131,285,11.5
Centenary,45.6621,273,37.66,60,71.4286,99,7.3874,236,53.2432,318,36.3806,248,71.224,277,10.6849,281,33.313,189,32.5638,108,53.3994,205,58.1425,258,0.1071,111,0.1132,286,7
Tulsa,49,142,35.318,153,72.6937,69,15.0131,10,44.5822,38,32.7755,53,66.4316,49,10.3571,260,34.5489,163,31.8808,89,52.0591,231,51.3072,78,0.0802,303,0.1136,287,8.5
Dartmouth,45.525,276,31.5068,305,66.8269,248,8.2192,197,52.8376,307,34.555,132,69.6552,195,7.8313,70,23.9031,337,27.208,10,50,275,50.744,65,0.1104,88,0.1138,288,16
Furman,45.4545,279,33.1858,248,70.9402,113,5.8279,311,52.729,305,35.4839,194,69.7959,210,14.2388,338,42.6147,29,36.4491,240,56.25,126,57.3418,242,0.0876,241,0.114,289,0.2
"North Carolina A&T",50.7295,77,33.2681,242,61.5254,327,8.5774,179,53.4519,321,32.243,40,64.3564,7,11.2233,302,36.4479,113,40.1752,315,48.3923,297,51.2535,76,0.0845,275,0.1141,290,-0.1
Fairfield,45.8824,266,38.3613,39,69.6667,150,10.2284,98,49.0566,197,38.4488,314,66.4336,50,9.7059,218,34.4894,165,37.5697,269,62.7596,34,54.608,165,0.1043,133,0.1143,291,-0.5
Stetson,45.6825,272,32.8257,261,67.7279,217,6.5502,283,49.7817,226,32.2394,39,67.7285,99,10.3064,258,35.4317,142,31.1485,61,39.6501,340,49.7965,50,0.1033,140,0.1144,292,13.5
Iona,49.0956,138,31.6609,299,69.3739,159,10.4651,85,46.4147,88,36.0124,225,69.697,198,11.025,294,33.2375,192,38.5348,292,57.3705,112,58.1461,259,0.1112,81,0.1153,293,4.6
Northeastern,46.5656,247,31.3346,311,72.9866,58,8.3789,193,48.9982,194,33.7972,100,71.0092,271,10.6155,277,31.5629,238,31.4179,76,53.0702,212,55.226,184,0.1112,80,0.1163,294,6.4
Syracuse,53.3377,22,34.0502,209,66.7816,249,15.8014,7,46.8021,103,35.3559,185,69.6124,193,8.1956,96,26.9435,320,39.204,304,57.9739,104,61.8378,311,0.1133,65,0.1169,295,-5.1
"NC Greensboro",51.9174,49,35.7698,142,67.3684,227,11.8151,53,47.9452,139,36.227,237,67.5991,96,10.5211,269,38.7349,68,33.8993,155,58.4433,92,52.7671,111,0.1001,160,0.1172,296,1.5
Chattanooga,53.1315,25,32.9134,258,65.7718,277,7.7586,218,48.1681,153,34.6476,141,72.2008,307,9.499,204,39.8619,52,47.4221,341,56.9638,123,63.5007,330,0.0873,246,0.1172,297,-10.5
"Texas A&M Corpus Chris",48.0076,184,28.8,334,65.142,287,11.8042,54,44.3378,34,36.6483,261,71.2482,278,7.4004,50,32.175,216,34.2587,167,50.7692,258,60.5144,294,0.0794,307,0.1173,298,2.2
"St. Francis PA",44.3844,302,33.4566,234,72.3708,78,6.2797,297,52.6166,303,36.7089,265,74.3539,337,12.419,326,36.878,104,31.082,58,53.5473,201,52.132,93,0.0816,292,0.1173,299,7.1
Radford,46.9501,231,31.7992,292,68.7988,174,8.3845,192,50.409,250,37.064,282,68.437,136,8.3179,116,30.641,257,41.2965,324,51.0606,251,60.9626,300,0.082,291,0.1175,300,-4.6
Denver,54.9699,7,34.6667,184,76.3797,9,9.8969,106,50.4124,251,34.7709,144,68.4502,138,10.5422,271,44.1548,21,27.6659,15,66.5448,5,49.1909,40,0.1124,73,0.1178,301,16.7
Tulane,48.8168,153,32.7231,265,70.4512,125,14.6147,13,45.0841,52,33.5,81,70.3364,235,8.4137,122,27.6933,309,34.7021,184,55.8571,139,54.0845,152,0.0989,166,0.1179,302,3.8
"Southern Utah",50.9516,74,32.1739,279,69.8987,145,5.4402,319,51.2364,276,39.4636,321,70.9231,267,10.0346,239,22.9847,338,34.0509,161,64,15,58.011,255,0.0962,185,0.1179,303,6.3
"Boston College",49.6228,119,36.0078,124,68.9808,171,13.95,21,48.5216,176,34.6021,137,66.4835,51,11.2322,303,29.9883,275,30.4692,47,59.0206,85,53.3333,127,0.0874,245,0.1184,304,3.1
"Bowling Green",49.2349,131,31.5678,304,65.5235,283,13.4964,27,46.2862,85,31.6695,28,72.3869,312,9.3609,189,29.8168,280,34.4807,178,53.7356,193,52.6619,106,0.0847,271,0.1184,305,3.6
"William & Mary",46.6515,242,34.1259,205,68.4848,185,6.4008,292,48.1637,152,33.5404,84,67.7817,101,11.2372,304,44.7995,18,40.3256,317,62.1374,41,56.5926,226,0.0951,191,0.1185,306,-1.9
Pennsylvania,47.2698,220,31.8367,291,68.0233,197,10.2395,95,48.8852,191,39.7749,325,69.814,212,8.7205,147,28.5381,297,30.5619,49,57.7446,109,54.602,164,0.0881,239,0.1193,307,9.5
"Southern Methodist",45.9345,263,33.2707,241,66.4093,264,11.166,64,47.8261,137,37.5204,295,70.3093,232,8.7645,150,35.9703,124,37.7231,272,58.1699,100,51.8207,90,0.0868,252,0.1194,308,2.8
"Eastern Kentucky",50.4599,88,35.8744,136,71.8499,87,6.9845,256,52.8825,311,39.9185,328,65.9529,40,10.2497,251,46.7832,8,35.2477,204,64.5833,12,61.367,306,0.1134,64,0.1197,309,2.1
"St. Peter's",44.1379,305,34.6667,184,66.5414,254,11.512,60,48.0241,144,35.182,173,66.8639,64,10.7759,286,34.0909,169,33.1419,129,43.3333,329,58.1365,257,0.1049,127,0.1197,310,2.4
Hofstra,47.2951,216,33.3333,239,67.1821,233,15.0134,9,45.3977,63,33.3898,74,71.3202,281,9.0984,172,26.6827,323,34.5231,180,42.2069,333,62.9787,324,0.0903,223,0.1198,311,0.9
"Eastern Illinois",46.3035,253,37.5921,62,72.9437,60,6.4147,290,47.5372,124,39.4828,322,70,217,7.8794,76,28.3624,300,39.9174,311,59.3005,81,60.0932,290,0.0751,321,0.1203,312,-1.5
Bucknell,47.9233,187,34.1935,203,67.6522,220,8.7133,168,47.923,138,32.2275,38,70.6687,254,8.3067,113,39.7691,55,39.0741,303,59.6677,71,54.5052,161,0.0962,184,0.1205,313,3.4
"North Carolina St.",50.7289,78,34.8515,173,71.8881,85,10.4609,87,44.5501,37,36.7619,270,71.7391,296,10.3013,257,32.9205,203,27.7484,16,58.8825,87,44.2643,4,0.0765,315,0.1208,314,10.1
"UC Riverside",46.5271,248,30,328,69.0941,168,7.2928,239,50.6077,255,37.7323,304,73.3871,328,8.1827,95,27.0645,317,37.2834,259,51.6502,240,54.6142,166,0.1086,100,0.1213,315,8.4
"Central Connecticut",51.0541,72,35.3434,152,70.5882,119,8.1344,202,49.3369,208,36.8506,271,65.8974,36,10.5408,270,35.3673,144,35.2604,205,58.3333,95,51.465,81,0.0821,289,0.1214,316,1
"Loyola Marymount",43.705,312,31.9859,287,64.1026,308,5.8533,309,54.7403,327,37.6838,302,68.9076,156,10.4317,265,33.8489,176,30.9619,54,59.1317,82,57.9977,254,0.0797,305,0.1219,317,6.7
"UC Davis",50,104,34.8562,172,79.1579,1,6.5589,282,56.3688,336,36.0377,228,69.505,187,9.875,228,42.4874,30,33.5019,141,60.396,61,56.6327,227,0.0868,253,0.1222,318,2.3
Canisius,44.0349,307,33.5725,229,64.9378,295,11.3142,62,48.3899,166,35.6564,206,69.1238,167,10.2813,252,40.3356,47,34.9377,198,53.0523,213,58.7629,271,0.0866,256,0.1224,319,-0.7
"Alabama A&M",40.5025,336,32.9114,259,68.6957,175,14.23,17,45.3216,61,35.0746,167,69.7755,208,14.2714,340,32.2668,213,28.1513,18,45.2594,324,55.4455,191,0.1028,145,0.123,320,10.7
"Kennesaw St.",46.1464,257,30.9985,318,65.105,290,9.6271,116,52.9922,313,34.1463,112,65.1603,19,8.8632,152,39.2627,62,29.9088,36,50.8006,257,57.1245,240,0.1318,13,0.1237,321,4.6
Presbyterian,45.8466,267,35.9636,127,65.5488,281,4.0495,334,57.0304,338,39.6061,324,68.6461,149,14.377,341,51.284,2,33.9525,157,61.0687,51,62.5,321,0.1059,119,0.1237,322,-0.4
"Southeast Missouri St.",49.5335,123,34.4523,195,66.4731,259,10.55,78,48.8729,190,36.7052,264,71.0493,272,7.6336,62,32.4355,209,38.4231,290,50.4493,267,62.1859,319,0.1076,106,0.1237,323,-1.7
"Florida International",47.7081,201,33.0645,250,65.9829,271,10.4854,84,46.3107,86,39.9151,327,66.1169,43,8.232,101,25.8154,328,31.3791,73,54.0284,183,53.6842,139,0.0867,255,0.1241,324,11.6
"Florida Gulf Coast",45.6912,271,34.0764,208,64.5973,304,8.6111,175,51.8519,290,37.4436,293,65.8805,35,8.6176,138,36.0505,121,38.1089,281,58.5062,91,62.0519,314,0.1251,25,0.1251,325,-3.2
Samford,57.931,1,34.5291,192,66.9192,242,5.4933,318,49.7758,224,35.9551,221,73.1707,325,10.6897,282,53.5629,1,37.4474,265,72.3104,1,47.4843,20,0.0861,261,0.1255,326,5.3
Iowa,48.3436,171,34.6875,182,64.8855,297,9.6743,115,44.5402,36,33.1641,67,67.9359,108,9.3252,185,43.9863,23,36.1468,232,63.7987,20,60.5144,294,0.0732,324,0.1266,327,0.5
"Tennessee Tech",50.253,96,32.2957,273,65.3351,285,9.6203,118,50.7173,259,36.3636,245,68.9542,159,7.5042,55,30.2353,269,32.5555,107,53.2808,208,54.6354,167,0.114,60,0.127,328,6.6
"Holy Cross",48.6154,160,32.2506,274,72.9825,59,13.1944,32,43.9815,26,36.2454,238,68.1667,118,8.2051,98,30.6543,256,38.3738,288,63.9478,17,65.2174,339,0.1201,40,0.1274,329,-1.5
"Santa Clara",52.0089,48,38.8393,28,70.3407,130,10.4615,86,44.7179,40,36.5759,258,72.8916,320,9.8214,224,33.3333,186,34.5198,179,63.125,29,59.6154,286,0.0861,260,0.1275,330,3.9
Drexel,45.0044,287,31.25,313,62.8617,316,8.7322,167,46.1797,81,33.0896,62,69.5868,191,9.6375,212,31.8264,233,31.473,77,61.1276,48,56.7715,233,0.1045,129,0.1279,331,7.3
"Northwestern St.",47.9222,189,33.045,251,70.2381,135,12.0219,51,51.0018,269,37.5874,300,68.299,127,7.0734,35,33.8209,177,34.2515,166,58.7995,88,59.3548,284,0.1125,72,0.1285,332,5.5
Maryland,50.9286,75,33.7662,219,70.2889,134,15.1454,8,42.5963,10,32.4031,41,73.9726,333,11.5,311,27.7978,306,30.3672,44,62.7933,33,50.0596,55,0.0917,209,0.1288,333,7.8
"North Florida",43.1985,316,27.8261,339,60.9626,331,9.3842,129,48.4848,172,36.9072,273,67.9245,106,9.8346,226,29.7158,283,32.1618,95,50.5017,266,55.1111,179,0.0906,221,0.1292,334,10
Maine,44.7493,294,33.7634,220,67.9803,201,7.032,250,48.5845,179,35.7265,209,73.1293,324,9.0823,169,30.5519,260,34.8214,192,53.6508,195,59.1093,278,0.0925,203,0.1298,335,0.9
"McNeese St.",44.8819,292,32.6969,266,68.5714,180,15.9757,6,42.366,8,35.2342,177,70.346,237,8.9567,161,29.1986,288,33.1757,131,52.4452,227,54.3919,159,0.0895,230,0.1323,336,7.1
Rice,41.2914,331,27.2966,340,64.6962,302,8.8068,162,47.5379,125,33.5106,82,71.4491,287,8.2413,104,24.4544,335,34.8148,191,50.5085,265,61.3603,305,0.0968,181,0.1332,337,1.7
"NJ Inst of Technology",39.0431,341,28.4,337,61.2903,330,9.1403,141,50.6787,258,40.1186,333,68.2927,126,12.0574,320,32.3625,211,31.4091,74,50.5455,264,62.1232,317,0.09,227,0.1346,338,6
"North Carolina Central",40.0428,337,29.6629,331,63.6986,312,6.2563,299,53.9859,323,35.7934,214,70.598,251,12.2056,321,32.2698,212,35.3555,211,59.4862,79,61.8656,312,0.1059,121,0.1346,339,-3.1
Howard,47.5303,208,28.4069,336,61.4983,328,10.7198,71,48.1623,151,35.7751,212,65.6304,31,6.7102,16,32.6851,208,31.009,56,47.1125,308,55.1847,181,0.0644,338,0.1382,340,2.5
"Savannah St.",40.6615,335,36.9369,87,67.2619,230,8.6631,171,47.2727,117,34.7518,143,67.9348,107,11.5759,315,24.4673,334,31.1487,62,50.8318,256,54.8387,172,0.1214,35,0.1398,341,14.1
