535,Butler,49.5402,140,37.0773,72,75.5556,13,5.9590,288,44.1341,28,33.0798,81,68.6854,131,11.1494,296,48.7633,7,32.8750,127,56.2331,139,50.3086,50,0.0896,232,0.0584,1
830,Virginia,48.0287,191,36.6812,92,74.5149,23,8.3263,175,44.2389,33,35.1351,194,70.5972,250,10.3047,267,38.1032,80,35.9030,221,50.5076,271,57.8947,236,0.0655,332,0.0678,2
831,Virginia Tech,49.8567,124,36.3636,105,66.1560,260,13.1047,28,45.7344,73,35.2848,207,65.6878,30,6.3037,6,23.5068,334,35.7264,216,49.8826,278,48.9906,32,0.1259,22,0.0694,3
823,Utah Valley St.,51.3843,68,40.8081,9,74.6667,22,12.2034,45,48.1356,136,31.0345,17,68.3919,119,7.8627,80,35.4077,135,34.3958,177,60.0601,60,53.1579,103,0.1108,82,0.0700,4
703,New Orleans,46.9492,228,41.4313,4,71.3568,105,8.5271,160,50.9044,242,37.7323,286,68.7135,133,9.6610,234,31.0345,233,31.6657,82,44.3152,328,53.1486,102,0.0965,171,0.0709,5
761,Southeastern Louisiana,48.4848,171,33.9721,204,70.9677,114,8.8078,142,51.7794,270,35.5615,222,72.2533,308,7.3314,57,35.9424,120,24.9666,3,54.2692,196,47.9720,20,0.0955,178,0.0718,6
794,Texas A&M,52.7799,33,42.1569,3,71.5803,98,9.5113,111,42.0593,6,29.3663,3,70.7849,260,7.6161,71,27.9759,295,36.0848,230,65.0881,14,55.8036,184,0.0996,150,0.0719,7
789,Temple,51.8164,56,36.7069,90,70.8738,121,7.7617,207,48.8267,161,35.5960,225,73.8095,333,8.4130,124,38.7588,65,35.2804,203,56.4331,134,58.8624,260,0.1089,90,0.0719,8
524,Binghamton,46.7890,236,35.0245,158,68.3168,195,6.0825,285,49.5876,188,33.3333,89,66.6667,57,8.0530,96,38.3794,76,36.5183,247,44.8737,325,50.3748,51,0.1123,75,0.0728,9
841,Washington St.,50.3597,104,37.1917,68,71.6695,95,13.5490,25,44.3182,36,33.1148,83,68.4746,121,6.6347,22,29.6400,262,34.7777,189,57.1429,116,45.9803,12,0.1056,109,0.0729,10
615,Hofstra,47.8378,198,40.8027,11,69.2194,169,6.2444,278,49.8662,198,32.4515,52,72.8070,323,8.7387,156,35.0117,145,33.5900,149,46.7097,314,57.0659,216,0.0887,243,0.0730,11
539,California,49.5246,141,35.9307,125,76.9231,3,5.1980,307,52.8053,295,33.6079,105,67.3611,76,9.5938,227,37.4595,94,33.3700,142,54.3796,193,59.8341,275,0.0692,325,0.0738,12
768,South Alabama,49.0079,152,36.0058,120,66.0839,265,7.5248,226,50.0000,203,32.4031,50,71.4808,287,8.6310,145,40.4959,39,38.9728,302,54.5209,190,54.6218,149,0.0987,156,0.0744,13
530,Bradley,48.8987,155,42.2414,2,67.8451,209,6.5476,268,52.3810,285,36.4341,254,69.2199,169,7.6652,74,41.7052,30,35.4201,208,59.3541,70,54.2891,140,0.1214,32,0.0746,14
617,Houston,45.7035,274,32.7056,252,71.5180,99,9.0986,127,47.6190,119,34.6687,167,68.0715,106,9.2540,207,48.7911,6,35.5616,212,46.4373,318,55.6688,180,0.1176,46,0.0749,15
851,Wright St.,47.6810,205,34.5489,179,73.2270,44,4.9116,319,48.5265,148,32.4088,51,71.4029,283,7.3230,56,29.7714,256,40.2231,312,52.4804,238,58.7989,259,0.0942,191,0.0750,16
597,Fresno St.,48.4817,172,34.3927,185,64.8336,296,14.9709,13,42.1512,7,31.0850,18,63.0137,3,9.6335,232,47.9847,8,33.1390,138,60.3133,57,52.6515,98,0.0810,291,0.0752,17
546,Charlotte,47.1429,221,32.8087,251,70.0637,146,8.1023,190,51.1727,252,38.9752,316,69.5238,182,11.0989,293,47.5806,10,40.7080,315,52.5714,234,53.8988,126,0.0873,251,0.0755,18
720,Ohio St.,53.5354,19,36.1006,116,70.2635,138,15.5000,11,44.5000,40,33.6134,106,68.5300,123,6.9264,33,36.4512,114,37.3041,270,56.6569,129,54.0421,134,0.1043,120,0.0761,19
566,Sacramento St.,44.6267,298,31.7343,281,61.5873,323,7.7922,204,57.1429,334,40.1442,328,69.9594,210,10.4184,273,30.7780,240,27.8447,14,48.1844,298,60.5364,288,0.1414,4,0.0762,20
502,Air Force,56.5525,5,39.7653,19,75.7426,11,4.9383,317,49.1928,176,32.3283,47,66.1053,40,12.5148,323,47.5217,11,36.1818,236,65.6888,10,56.1181,193,0.1075,97,0.0763,21
817,Nevada Las Vegas,49.0829,150,35.9435,124,71.4685,101,14.4036,18,46.9617,104,34.2466,147,70.4185,240,6.8966,32,36.3679,116,33.0151,135,55.9536,145,48.7662,28,0.1169,51,0.0766,22
796,Texas Tech,46.8588,231,41.1881,6,73.9484,34,4.9442,316,52.1531,280,34.2723,149,67.4868,80,6.7997,26,27.1798,304,33.7559,156,53.6817,206,49.9427,42,0.1010,142,0.0773,23
835,Western Kentucky,51.8641,54,40.1899,14,72.5664,64,7.4848,228,53.0026,301,34.4464,156,69.0444,160,8.1193,103,34.3665,161,33.1199,137,49.4318,284,51.3043,62,0.0989,154,0.0774,24
520,Ball St.,42.6579,325,27.1739,334,69.5024,159,7.6923,212,48.9989,168,37.8378,291,68.2635,113,7.8753,82,27.3973,299,35.3102,205,49.1473,289,61.5734,307,0.1204,35,0.0776,25
549,Cincinnati,45.7269,272,30.7947,299,66.0853,264,6.2567,277,48.9752,165,37.7451,287,73.8014,332,11.0132,287,34.7326,152,39.7661,307,53.3333,214,57.3723,223,0.1170,50,0.0784,26
569,Dayton,47.4561,217,38.1323,44,69.4683,163,8.4906,165,48.1132,135,33.3887,93,71.8121,296,9.1228,193,31.0762,232,36.2214,239,52.2388,243,58.0872,242,0.0712,322,0.0796,27
810,UCLA,52.4730,41,37.0840,70,66.7195,245,8.2886,179,45.7406,74,35.0806,190,69.9816,214,7.8825,83,32.7792,185,27.5709,11,55.0931,172,55.0649,166,0.1133,66,0.0797,28
825,Virginia Commonwealth,48.2379,186,40.0657,15,72.7729,58,8.6601,151,49.8366,197,35.6021,226,69.0476,161,8.5169,131,30.8980,237,31.8865,94,52.7192,230,49.6314,41,0.1213,33,0.0800,29
570,Delaware,44.9041,294,32.9372,243,71.7857,92,6.9832,252,52.7933,294,37.7863,289,70.0965,220,8.9808,179,37.2785,97,32.7910,125,52.4257,240,57.6471,230,0.0861,265,0.0800,30
668,Miami FL,47.0633,222,35.3741,148,70.1906,141,9.2629,119,51.7928,271,38.2570,300,69.4070,179,10.2410,265,30.6889,242,40.2736,313,47.7791,305,58.9217,261,0.0946,186,0.0801,31
731,Pittsburgh,50.9749,81,38.2304,40,66.1224,262,10.0681,89,45.9500,81,30.9117,15,72.7417,321,7.5209,65,29.4349,270,34.7009,188,67.3257,5,54.0049,132,0.0822,283,0.0801,32
793,Texas,47.7058,202,38.8889,31,73.6471,36,14.1219,19,44.0143,27,36.0406,243,68.8752,149,8.2302,108,36.5820,111,36.0971,232,50.5711,270,54.8998,161,0.1044,119,0.0801,33
564,Cal St. Fullerton,50.1681,116,36.8254,82,63.8743,304,5.1029,313,50.3704,219,35.7724,231,68.9769,158,5.4622,2,34.6154,156,28.8225,30,57.4186,114,52.0305,75,0.0873,252,0.0802,34
521,Baylor,51.4636,67,36.1357,114,67.8571,207,9.8317,99,48.6271,151,36.3958,253,70.2190,228,8.5930,135,39.0328,59,33.3923,143,52.5316,235,52.8477,100,0.0858,270,0.0805,35
666,Memphis,51.2011,73,35.1010,157,62.1196,321,15.2602,12,42.4051,9,31.3253,21,68.0328,104,9.6088,229,35.2157,139,29.0065,34,52.4414,239,50.0637,44,0.1320,14,0.0807,36
611,Hartford,50.0000,119,29.2199,321,67.5127,218,4.6683,325,51.1057,247,37.0945,271,67.1053,66,8.8106,165,43.7074,20,46.5529,335,52.7273,228,60.6775,297,0.1336,13,0.0812,37
781,St. Mary's,47.7193,201,30.4167,307,68.7933,181,12.6418,38,45.7050,72,36.6755,260,67.8383,94,9.5614,224,29.6296,264,23.4966,1,48.1159,299,43.3855,2,0.0900,225,0.0814,38
800,Troy,47.4510,218,35.7330,133,71.6632,96,9.6682,103,50.6161,232,36.5517,256,71.7949,293,5.0000,1,42.8251,25,40.7303,316,48.2166,297,60.0751,279,0.1121,79,0.0814,39
552,Cleveland St.,44.1909,302,29.9160,315,71.9078,85,9.9404,96,49.5030,186,36.7220,262,72.9310,325,10.9959,285,38.1655,78,32.3925,108,50.6623,268,60.4444,286,0.1054,112,0.0816,40
622,Illinois Chicago,43.0099,321,37.9538,53,71.7014,94,13.6247,24,45.5870,65,39.5082,322,69.8467,204,8.0592,99,33.2602,178,34.3275,175,54.5817,188,58.3441,247,0.0968,169,0.0818,41
755,San Francisco,49.6575,135,36.7384,88,70.1923,140,8.4071,169,50.0000,203,36.0190,242,71.6692,290,7.6199,72,32.3291,200,35.9047,222,49.1720,287,56.8726,209,0.1091,88,0.0819,42
626,Indiana St.,43.2578,314,34.6667,171,70.6282,127,4.1794,329,50.3568,218,34.8639,176,66.2587,46,8.6300,144,39.2927,56,37.4761,274,53.0378,219,53.9342,128,0.0810,289,0.0820,43
631,IUPUI,43.4647,310,38.4758,37,76.1246,6,7.1806,243,48.5744,149,42.1471,334,68.7500,138,9.2324,204,35.8189,126,34.6897,187,49.2013,286,61.4583,305,0.0913,214,0.0824,44
853,Xavier,52.9680,29,39.0421,28,74.1440,32,9.2535,121,48.7558,157,31.5372,28,67.5627,83,9.2237,202,38.6211,70,32.9160,129,59.8351,62,53.8741,125,0.0845,275,0.0828,45
573,DePaul,50.9917,78,34.4426,183,66.2900,256,12.7696,34,44.1760,31,35.2291,202,68.3837,117,5.5372,3,33.1861,179,35.3237,206,55.7039,153,56.3265,197,0.0929,203,0.0828,46
724,Oral Roberts,51.1188,75,36.9403,76,70.7865,124,11.0856,65,46.1009,85,32.6606,58,70.5980,251,6.3683,10,31.5665,222,29.4118,42,55.9343,147,44.4302,5,0.0915,212,0.0829,47
646,Lipscomb,49.4469,144,31.7143,282,69.6970,154,7.5212,227,47.0339,106,34.6154,164,70.5980,251,8.4071,122,43.6409,21,36.6443,250,57.6981,108,54.6603,151,0.1067,103,0.0831,48
503,Akron,52.7016,38,39.2857,24,67.2441,224,11.1022,64,43.0410,14,33.6673,108,67.7258,90,7.3982,59,32.8308,183,28.6452,26,55.1445,168,51.2091,60,0.1188,44,0.0835,49
635,James Madison,48.2431,185,33.6714,215,66.8317,237,7.1672,247,55.5176,329,41.2800,332,67.1900,71,7.2175,53,31.8887,212,41.5559,322,51.6320,253,61.1260,301,0.0945,188,0.0835,50
677,Missouri Kansas City,46.0894,260,35.5072,142,74.2537,30,7.4150,232,53.4501,313,37.0317,269,70.5607,247,6.9832,36,39.1156,58,41.6817,323,47.2973,309,61.4691,306,0.0946,187,0.0837,51
850,Wofford,46.9565,227,36.5887,95,73.5225,39,6.1865,279,53.3703,308,37.6258,284,68.6354,130,8.0745,101,47.4543,12,31.4557,78,53.1056,217,55.0327,165,0.0888,241,0.0838,52
680,Montana,51.9960,52,36.2121,112,66.3139,253,8.3770,171,48.1675,138,42.0935,333,72.5363,315,7.1856,51,39.7112,47,28.1505,18,58.8158,88,48.9879,31,0.0866,256,0.0841,53
560,Coppin St.,44.7723,296,28.9982,324,64.9452,292,5.9556,289,50.6667,235,38.2736,301,63.6364,5,11.9730,315,32.4217,196,35.3076,204,43.6782,330,60.2484,282,0.0978,161,0.0841,54
513,Arkansas Little Rock,47.5170,215,31.8091,276,66.7678,242,6.5751,267,49.4603,183,39.5480,323,70.9259,264,7.8870,84,32.8758,182,34.2581,172,56.9444,120,55.4622,176,0.0786,301,0.0845,55
799,Towson,52.0289,51,31.3433,288,73.5818,38,12.3529,42,50.4902,226,33.4307,97,70.3704,236,8.6564,148,35.2220,138,40.1760,310,61.6188,39,63.9785,328,0.1053,113,0.0847,56
725,Oregon,49.6759,134,39.0190,29,76.0745,7,5.4054,301,50.1826,213,31.5864,29,68.5185,122,12.2366,321,42.0929,29,34.0241,164,53.2710,215,50.1099,45,0.1020,136,0.0848,57
526,Boise St.,51.7794,58,34.1812,196,66.2739,257,8.0222,192,46.4654,94,33.1658,86,70.6806,256,9.4306,215,35.8813,123,32.1659,101,54.7051,184,46.4879,14,0.0884,247,0.0848,58
511,Arizona,53.2806,25,34.0594,202,75.0339,20,8.4913,164,49.6290,191,34.9933,186,68.8482,147,6.5613,19,28.5311,287,37.9857,289,59.2199,73,56.7285,208,0.0858,269,0.0849,59
607,Gonzaga,51.8328,55,39.7188,21,75.0656,19,9.9751,94,43.8903,23,33.8710,121,69.3042,175,7.7713,77,29.4361,269,40.1195,309,52.9475,222,54.9313,162,0.0857,272,0.0849,60
790,Tennessee,50.6192,98,36.4955,100,65.3012,282,8.3721,172,51.6279,268,34.7639,169,72.7506,322,11.4551,308,40.9506,34,35.1433,200,55.6575,154,55.3355,173,0.1302,17,0.0853,61
714,Northern Iowa,49.7951,130,35.2830,151,70.4319,132,9.3254,113,44.4444,38,36.7110,261,71.2418,278,7.4795,61,35.1926,141,37.3913,272,58.3952,97,51.8685,71,0.0666,331,0.0853,62
757,UC Santa Barbara,50.7448,91,36.8750,77,72.6334,63,8.4954,163,46.9806,105,32.6563,57,70.2429,229,7.2493,54,32.2798,201,39.5795,306,55.2326,165,55.3892,174,0.0898,228,0.0856,63
723,Old Dominion,48.1707,189,34.5588,177,72.4660,66,10.0974,88,45.4384,61,33.3882,92,65.8065,33,8.5366,132,37.1991,99,35.0029,195,61.1675,47,55.3073,171,0.1185,45,0.0858,64
623,Illinois,48.2002,188,34.8770,163,62.3529,319,8.7533,144,44.2971,34,32.2689,45,69.4491,180,9.8332,250,37.7596,89,34.4728,179,61.7722,38,54.9784,163,0.0936,196,0.0859,65
701,New Mexico,51.7840,57,37.3351,63,66.1102,263,6.4545,272,53.4545,314,36.2928,251,68.7603,141,8.2932,113,42.2284,28,36.8542,262,55.8537,150,59.4397,269,0.0821,285,0.0859,66
682,Morehead St.,49.8439,125,31.1688,291,65.6587,274,6.1021,283,50.9340,243,38.8785,315,69.2174,168,9.6774,236,35.9333,121,39.9851,308,63.3694,26,68.2334,336,0.0887,242,0.0859,67
575,Drake,50.3384,107,32.9225,244,71.3535,106,8.9990,133,53.3873,310,39.8621,326,71.7857,292,9.3909,212,32.4571,195,42.2987,327,59.0793,83,59.8531,276,0.1136,65,0.0860,68
659,Marist,52.7473,36,35.4949,143,68.4993,191,6.0956,284,50.4942,227,31.5942,30,68.9189,154,8.6081,139,44.5967,15,36.2395,240,57.8829,106,49.2178,35,0.0814,288,0.0861,69
693,North Carolina A&T,48.2377,187,34.3988,184,67.3548,220,4.9683,315,51.5856,266,35.5007,219,65.1391,21,9.2649,209,39.8182,46,44.8397,332,51.7730,250,56.2418,195,0.1105,83,0.0862,70
704,Niagara,46.3801,248,34.2929,190,73.0583,50,3.8141,330,51.5950,267,35.8491,233,67.9627,100,8.5973,137,37.6000,93,30.6064,64,52.5309,236,52.8807,101,0.0908,219,0.0863,71
548,Chicago St.,46.2591,254,34.9174,161,71.8750,87,8.2515,182,55.7957,331,37.2881,277,71.1039,274,9.4891,219,30.6329,243,31.6779,83,48.6686,292,62.7688,322,0.1190,43,0.0863,72
818,Southern California,50.4437,101,39.5038,23,71.5019,100,10.7246,70,43.6232,20,30.9912,16,70.3759,237,7.0307,40,26.3449,314,36.6100,248,49.8943,277,50.0589,43,0.0809,292,0.0864,73
699,Nevada,51.9290,53,40.5316,13,75.8900,8,9.9859,93,44.8664,46,31.3793,23,72.1541,304,6.7130,24,31.7176,217,28.9710,32,59.4329,68,53.4146,111,0.0783,302,0.0868,74
798,Toledo,52.6269,39,31.8113,275,67.2297,225,6.2727,276,55.4545,328,33.5863,103,65.6968,31,9.7952,248,36.9101,102,32.3909,107,49.6250,280,53.6213,117,0.1359,11,0.0869,75
711,North Texas,48.4121,175,37.9817,51,65.4696,277,11.7194,52,44.9102,47,37.1048,273,69.8113,203,8.9078,172,29.6841,259,33.9548,160,46.2740,320,45.1872,8,0.0858,271,0.0871,76
846,Wichita St.,51.3052,70,36.4583,102,70.9282,117,8.2596,180,49.2625,177,33.6879,110,70.1128,221,10.5422,277,36.6412,109,35.6736,215,59.0846,81,51.2301,61,0.0908,218,0.0871,77
651,Louisville,49.9133,123,33.2418,234,68.4286,193,11.8410,50,43.8202,22,32.7338,66,66.5385,54,9.0121,185,38.6823,69,32.4577,111,58.6797,90,56.4586,202,0.1119,80,0.0872,78
538,Cal Poly,51.2221,72,39.1045,26,64.8393,295,8.5661,158,45.9963,82,37.8559,292,68.7023,132,6.4825,16,41.5891,31,35.7271,217,52.8226,226,61.6667,308,0.0951,182,0.0873,79
849,Wisconsin,50.9697,82,35.2349,153,68.8312,178,8.6754,150,43.9194,24,34.4178,153,65.7795,32,8.0683,100,31.6180,220,31.1467,71,56.1707,140,49.0885,34,0.0875,248,0.0875,80
578,Duquesne,50.9910,79,33.1025,240,74.4268,26,8.6076,156,54.5148,327,42.4188,335,71.8354,298,13.6036,331,39.4105,55,31.8574,92,57.6398,111,66.0613,335,0.1022,132,0.0877,81
832,Virginia Military Inst,53.7913,14,31.0613,294,67.1745,228,6.6982,261,60.0135,336,34.6457,166,66.9939,64,9.0990,190,50.8333,2,25.5791,4,55.9709,144,60.6773,296,0.1461,2,0.0879,82
730,Pepperdine,48.7300,161,35.6448,139,70.5674,129,8.8748,138,54.4374,324,38.1579,297,74.8180,335,14.7695,335,43.6074,22,29.6544,45,51.9112,248,58.7640,258,0.1224,29,0.0881,83
647,Long Beach St.,50.3284,108,37.7997,54,70.5531,130,6.8966,255,48.0296,133,38.2215,299,72.1667,306,6.3218,7,36.7929,104,34.4809,181,50.0568,274,56.9880,214,0.0996,151,0.0881,84
596,Fordham,47.6699,207,35.7414,132,66.9872,234,11.1416,62,46.3927,91,35.8811,235,67.9661,101,9.9029,253,33.8046,169,30.0766,51,60.2356,58,52.4372,88,0.1126,69,0.0881,85
678,Missouri St.,52.7483,35,38.0952,47,69.8300,153,9.7353,100,47.6371,120,34.1693,139,69.9029,206,12.5362,324,40.0578,43,37.6179,280,64.1184,19,58.5873,252,0.1200,37,0.0881,86
764,Seton Hall,46.2762,253,31.8919,272,75.2151,17,7.4280,231,52.7391,292,32.8889,72,68.8761,150,11.3808,305,31.7143,218,29.4695,44,47.8082,303,53.7709,121,0.1399,7,0.0885,87
653,Loyola MD,50.7150,93,38.4743,38,71.0031,112,8.8832,137,45.4315,59,33.0769,79,72.6563,318,8.1983,106,36.5012,113,30.5523,62,57.3298,115,50.4937,53,0.0952,181,0.0889,88
574,Detroit,49.9522,122,32.6126,257,65.2000,284,7.3955,234,47.8028,125,38.1703,298,70.9797,268,7.0813,44,34.6875,154,40.4595,314,54.3385,194,57.9942,239,0.0912,216,0.0896,89
824,Texas El Paso,46.8927,230,33.1738,236,66.9868,235,9.3085,115,45.0355,50,35.2041,198,68.9573,156,11.4609,309,33.6013,172,34.2657,173,60.0760,59,60.5594,289,0.1121,78,0.0900,90
702,New Mexico St.,50.8640,87,38.9558,30,65.3234,280,7.3650,236,49.5908,189,32.7820,69,70.5563,246,9.5417,223,27.2280,303,35.2411,201,51.8944,249,50.1214,46,0.0976,163,0.0901,91
621,Idaho St.,47.4704,216,38.1849,41,70.9559,116,10.4784,79,47.0387,107,36.0054,240,65.4762,25,8.7191,155,38.5988,71,45.6010,334,50.9036,264,63.1268,326,0.0950,183,0.0902,92
700,New Hampshire,45.1372,286,34.5912,173,67.6149,216,5.1804,308,48.6586,154,32.4786,53,69.5985,191,10.3491,270,44.2281,16,30.2130,56,52.9210,223,43.5103,3,0.0627,334,0.0903,93
698,Nebraska,50.3045,109,37.6603,55,71.4286,102,7.1974,242,46.7830,102,38.3821,305,70.3340,235,11.2058,299,43.1834,23,38.7850,300,66.0494,9,55.6748,181,0.1028,128,0.0905,94
855,Youngstown St.,45.9411,265,33.7029,214,69.2308,168,7.6364,215,47.5455,116,36.1842,248,66.5188,53,6.4228,13,28.6896,284,35.5972,213,50.8246,265,57.0659,216,0.0762,312,0.0905,95
772,Southern Mississippi,44.4850,300,34.7107,169,65.9634,269,8.3333,174,44.6581,43,34.2920,151,65.6627,27,12.2151,320,24.8630,328,32.5648,117,45.1140,324,47.1204,15,0.0938,195,0.0905,96
620,Idaho,42.9264,323,32.8947,247,67.7104,211,7.4016,233,50.2362,215,36.5530,257,69.6456,193,11.1434,295,39.8601,45,29.3660,40,46.7066,316,55.1143,167,0.0707,324,0.0906,97
791,Tennessee St.,43.4174,311,32.0951,268,66.7774,240,9.5863,107,52.3713,284,33.1715,87,68.2959,115,8.6835,151,38.5894,72,38.4089,294,52.8634,225,60.0829,280,0.0907,220,0.0907,98
632,Jackson St.,45.9874,264,31.5789,284,70.9016,119,7.8728,201,49.8864,199,33.9228,122,65.9831,35,9.6999,237,29.7893,255,32.0124,97,53.5840,209,51.7241,68,0.1123,74,0.0908,99
753,San Diego,48.2883,182,35.6164,140,70.8649,122,7.1119,249,53.6860,318,33.8266,118,71.2500,279,9.0991,191,34.4746,158,29.0898,35,56.8548,124,53.4018,110,0.0979,159,0.0912,100
852,Wyoming,51.5455,64,33.1349,239,72.0052,84,9.0328,131,49.9600,202,34.1699,140,67.3243,75,7.5188,64,29.6296,264,29.2821,39,44.7704,326,48.2544,24,0.0797,297,0.0912,101
713,Northern Arizona,51.3729,69,43.6992,1,74.5098,24,5.4126,300,53.5049,315,38.6916,311,66.8596,61,9.7431,244,30.3516,247,32.1901,103,62.3899,31,53.9506,129,0.0669,329,0.0913,102
744,Rider,46.6307,242,36.7150,89,71.8650,88,9.2423,122,47.4604,114,36.9276,265,71.0669,272,7.9066,87,35.8131,127,36.0490,226,58.7684,89,53.5366,116,0.0773,307,0.0914,103
628,Iowa,47.5524,211,36.1111,115,74.4186,27,9.2224,124,48.3725,141,35.7522,229,64.6739,14,8.6538,147,32.0665,205,33.8121,158,61.0284,49,58.6160,253,0.1035,125,0.0916,104
638,Kennesaw St.,46.3311,250,27.7696,331,64.6667,297,8.4790,166,51.3986,259,34.7826,171,68.9984,159,8.3618,119,36.6144,110,29.6865,46,54.7196,183,58.0688,241,0.1426,3,0.0917,105
637,Kansas St.,48.0560,190,33.2836,230,68.8725,177,9.7318,101,47.5862,117,29.8635,5,70.9497,266,9.1757,196,34.2536,163,30.9889,68,64.8038,15,54.2714,138,0.0871,253,0.0918,106
650,Louisiana Tech,44.9173,292,30.0952,313,62.4746,318,8.9815,134,48.0556,134,38.3673,304,69.6221,192,8.5894,134,29.2642,275,31.2102,73,48.7637,290,54.7383,152,0.1021,134,0.0918,107
812,Louisiana Monroe,46.2254,256,34.8548,166,71.2980,107,3.5806,332,53.1117,303,32.6990,62,69.1824,166,10.2378,264,42.7811,27,33.0097,134,51.2160,258,55.6650,179,0.0885,244,0.0920,108
689,North Dakota St.,52.7040,37,40.0641,16,70.1010,144,11.5222,57,45.1374,51,35.0685,189,70.5128,243,8.7512,160,23.4763,335,27.8413,13,53.1014,218,52.0721,78,0.1137,64,0.0922,109
746,Rutgers,42.4365,328,30.2083,309,67.4336,219,11.2524,61,47.2603,112,39.7028,324,71.2551,280,12.4873,322,32.7645,186,31.5472,80,43.8721,329,59.4030,268,0.0690,326,0.0924,110
843,West Virginia,53.3736,22,37.3822,62,71.2727,108,9.8865,98,51.2156,255,30.3030,7,70.1493,223,8.5599,133,49.0246,5,33.6916,151,68.6584,3,55.9611,188,0.1249,23,0.0924,111
509,American,46.7652,237,34.2629,191,72.9021,55,6.8138,257,43.7620,21,33.3333,89,73.5593,330,9.1497,194,31.6919,219,33.2479,141,59.4395,67,58.0286,240,0.0885,246,0.0926,112
827,Vanderbilt,51.0483,77,37.2716,64,73.1079,47,7.2925,239,50.0419,208,34.3885,152,70.0840,218,10.0273,259,42.8050,26,36.8114,260,63.7413,21,53.4689,112,0.1071,100,0.0927,113
674,Mississippi,48.7754,158,34.5753,176,70.3375,135,9.2652,117,48.6422,152,35.1852,196,67.6602,88,11.7565,314,31.9524,209,34.1053,166,51.4532,255,54.8387,157,0.1056,110,0.0927,114
752,Samford,57.6271,3,32.8804,249,72.8632,56,4.8756,320,52.2388,282,35.3183,211,72.3653,310,10.1695,262,53.1408,1,32.6408,120,64.4481,17,47.4892,18,0.0936,198,0.0930,115
717,Notre Dame,50.2591,112,39.0476,27,74.3119,29,8.6275,155,45.4118,57,33.9934,128,68.7285,137,10.1900,263,38.8273,63,32.2169,104,63.5213,23,58.2166,245,0.1201,36,0.0930,116
721,Oklahoma,48.6023,165,32.8972,246,71.8978,86,12.1531,47,44.6890,44,31.9239,37,68.8245,144,8.3859,120,32.5426,191,31.1594,72,56.0839,141,52.4272,87,0.1071,101,0.0932,117
506,Alabama St.,39.7672,335,30.1786,310,64.0673,301,7.1235,248,49.5041,187,29.4382,4,67.1212,67,8.1474,104,35.1980,140,28.6358,25,46.8048,313,41.6176,1,0.0927,205,0.0932,118
595,Florida St.,52.8345,31,37.9808,52,75.7991,10,9.0554,129,51.2100,253,33.2312,88,70.2955,233,8.6924,152,32.0493,206,33.7642,157,46.2607,321,51.5464,66,0.1156,57,0.0934,119
562,Creighton,50.7109,94,33.7727,212,75.3521,15,7.7209,210,45.5814,64,34.8726,177,69.7761,201,10.7109,280,36.5223,112,36.8761,264,59.5946,64,55.2891,170,0.1016,139,0.0934,120
519,Austin Peay,49.0633,151,34.4828,182,67.9943,204,8.4253,168,53.3601,307,32.3124,46,67.4536,79,9.7235,241,32.9545,181,39.5758,305,55.1351,170,56.1238,194,0.1159,54,0.0934,121
625,Indiana,48.5375,167,38.1241,46,70.9784,113,12.3656,41,45.7885,75,31.4655,25,70.9589,267,8.7751,162,37.6638,91,29.3671,41,54.1507,200,49.4673,38,0.1003,145,0.0935,122
736,Princeton,48.0274,192,34.1137,201,66.6667,246,6.4399,273,50.6683,236,30.7692,11,69.2615,172,13.3791,330,50.6351,3,29.1128,36,64.2562,18,46.2572,13,0.1247,24,0.0935,123
754,San Diego St.,51.5058,65,33.1373,238,70.0361,148,10.6438,74,49.3562,181,33.5357,100,66.1123,42,7.9537,90,28.2548,292,36.1294,233,54.6651,185,54.2714,138,0.1227,28,0.0935,124
686,Mount St. Mary's,47.3767,219,32.0000,271,68.1992,198,7.9123,198,48.8084,159,37.3849,279,70.8455,262,9.7103,240,27.1119,305,34.1080,167,48.0845,301,54.5455,147,0.1149,59,0.0939,125
842,Weber St.,52.0916,49,38.7019,33,67.0227,231,6.7781,259,50.8821,240,32.6923,61,69.9262,209,9.4622,217,29.2958,274,34.6877,186,56.8713,123,53.4694,113,0.0969,167,0.0939,126
844,Wisconsin Green Bay,45.8559,266,38.0859,48,76.5991,5,7.5985,216,47.1857,111,37.1048,273,68.8496,148,8.9189,173,31.5660,223,36.0528,227,50.2841,273,53.9945,130,0.0798,295,0.0940,127
750,Sacred Heart,52.8401,30,36.5724,97,69.1473,173,8.3922,170,51.2157,256,36.2295,249,70.1854,225,7.1001,47,29.7269,257,32.3607,106,52.4070,241,47.7117,19,0.1173,47,0.0941,128
780,St. Louis,49.2563,147,36.8000,83,72.3368,74,11.5450,56,44.3124,35,34.2262,145,68.7140,134,7.5241,67,30.4321,246,36.3243,244,57.6975,109,56.9149,210,0.0719,321,0.0941,129
568,Davidson,49.4167,145,36.9898,74,75.6589,12,6.1511,281,46.6608,98,35.8865,236,68.7170,135,6.8333,29,39.5161,52,38.2528,292,56.2854,136,53.8265,123,0.0978,160,0.0944,130
687,Murray St.,47.5426,213,36.0360,118,68.2446,197,8.7389,145,47.1239,109,31.1891,19,71.8750,300,7.1214,48,30.8119,238,36.2032,238,56.6246,131,60.5802,291,0.1079,92,0.0944,131
833,Western Carolina,46.0812,261,31.2597,289,68.5353,188,5.1339,312,52.4554,286,38.4984,306,69.5710,189,9.7262,242,37.7791,87,41.1301,319,51.3788,257,63.9944,329,0.1127,68,0.0947,132
576,Drexel,49.5790,137,32.8767,250,69.0141,175,13.0623,31,43.5986,19,33.4047,95,72.1562,305,8.7933,164,32.3418,199,28.7739,28,54.4413,192,50.4545,52,0.1244,25,0.0948,133
665,Maryland Eastern Shore,42.1708,330,30.1294,312,62.9433,314,4.6512,326,54.0052,320,33.4677,99,68.7500,138,9.2527,206,32.4925,192,29.9336,48,43.0141,332,57.1248,218,0.0958,177,0.0948,134
639,Kent St.,50.8876,85,33.6449,217,64.9063,293,10.1861,87,46.5230,95,33.9721,125,72.3478,309,9.8901,252,31.1409,230,35.9875,224,56.6496,130,55.8209,185,0.1196,40,0.0949,135
507,Albany,49.5660,139,37.2131,67,72.1934,80,7.3345,237,48.4794,146,34.8432,175,71.2074,276,11.3715,303,34.6198,155,33.9243,159,54.6366,186,53.5040,114,0.0902,221,0.0949,136
829,Villanova,46.1323,257,35.2174,154,78.2609,1,10.5370,76,44.9848,48,35.2410,206,69.5527,186,13.1407,328,39.1378,57,40.2180,311,54.4715,191,56.0472,191,0.1199,38,0.0950,137
556,Colorado,47.2119,220,30.8000,298,65.0502,288,11.6883,53,50.9491,244,39.3471,319,71.3615,282,8.2714,111,31.7259,215,36.7656,254,54.2296,198,59.5399,270,0.0942,192,0.0952,138
599,George Washington,48.9505,153,36.7742,85,70.0491,147,13.7998,22,46.7444,101,32.6656,59,72.7132,320,6.4468,15,25.8477,318,38.6770,298,56.0680,143,60.6061,292,0.1365,10,0.0954,139
769,South Carolina,47.5327,214,34.2302,194,66.8103,239,12.6617,35,50.6470,234,35.4027,214,71.0638,271,12.7895,325,40.2527,41,35.5185,210,47.9315,302,56.9170,211,0.0726,320,0.0954,140
715,Northwestern,51.6014,62,31.5884,283,70.0880,145,9.2593,120,50.6173,233,35.2113,201,68.8341,146,8.6595,150,39.6564,48,41.2192,321,71.6393,1,65.2459,334,0.1403,5,0.0955,141
587,Evansville,49.1718,148,39.7906,17,73.1959,45,8.1443,187,50.8247,238,34.2647,148,69.8052,202,7.8675,81,37.2320,98,41.2121,320,59.0327,84,59.0909,263,0.0744,318,0.0955,142
619,Howard,44.7368,297,38.8158,32,65.3605,278,5.6884,296,54.0808,321,35.7576,230,64.1914,8,8.7045,153,38.0952,81,28.9813,33,55.4572,161,51.6206,67,0.0778,304,0.0957,143
670,Michigan,48.4022,176,34.3434,187,72.7672,59,15.8909,9,44.1413,29,34.8276,173,71.5789,288,8.2619,110,27.8403,296,31.7634,87,60.5563,52,59.5745,271,0.0866,259,0.0957,144
536,Brigham Young,52.3556,43,40.9015,7,65.9159,271,8.7356,147,47.7395,124,34.4523,157,68.8857,152,8.0547,98,31.2794,228,30.2512,58,55.1392,169,50.6112,55,0.0830,280,0.0957,145
675,Mississippi St.,52.7534,34,35.4523,146,66.5375,247,16.2455,7,44.6931,45,32.0270,40,70.0468,216,11.4126,307,39.4978,53,34.8235,191,53.8381,204,53.6215,118,0.1000,147,0.0960,146
657,Maine,45.6193,275,34.1818,195,67.0168,233,8.9431,136,48.9837,166,33.6842,109,69.9634,211,7.0493,41,35.6448,132,36.6795,252,50.7020,267,56.0831,192,0.1144,62,0.0964,147
822,Utah St.,50.3459,105,37.4312,61,78.0130,2,6.7579,260,51.5825,265,35.1190,193,64.4891,11,9.6080,228,29.5233,267,36.5019,246,56.6938,128,55.7807,183,0.0967,170,0.0967,148
571,Delaware St.,50.0529,118,33.3871,228,74.5020,25,8.3097,176,53.5411,316,34.1357,138,63.5359,4,8.1481,105,39.6166,51,30.1451,54,55.1471,167,49.5159,40,0.1032,126,0.0967,149
766,Siena,53.1915,27,34.2342,193,69.4940,162,7.1713,246,47.7291,122,34.0395,130,69.1571,165,7.5228,66,29.6633,260,36.0672,228,54.2697,195,57.6190,229,0.1078,94,0.0968,150
734,Prairie View A&M,41.0369,333,26.7347,335,56.4912,336,5.3803,303,51.2987,257,33.0254,76,64.6746,15,10.3691,272,30.0983,252,28.6565,27,46.8227,312,54.3103,141,0.1308,16,0.0969,151
741,Rhode Island,48.5739,166,39.7690,18,72.0863,83,8.1719,185,50.4634,224,37.9161,295,70.0901,219,8.0380,93,34.3732,160,36.7945,257,52.0548,246,58.3043,246,0.0798,296,0.0972,152
590,Florida Atlantic,53.5433,18,36.4892,101,69.2427,166,5.0598,314,53.7259,319,37.7953,290,69.6746,194,6.5617,20,30.7273,241,36.8757,263,56.7127,126,54.2476,136,0.0921,207,0.0973,153
551,Clemson,53.2918,24,34.1598,198,57.8431,333,13.8006,21,49.1329,172,34.6154,164,70.8904,263,6.9993,37,33.4716,176,29.2434,38,55.5556,158,52.1640,80,0.1388,8,0.0973,154
848,Winthrop,55.1181,10,35.4839,144,62.8670,315,10.7212,71,47.1735,110,31.9605,38,66.1017,39,7.9724,91,40.1649,42,37.1709,267,61.8454,36,51.3274,65,0.1087,91,0.0973,155
739,Quinnipiac,51.2943,71,33.3945,226,65.3448,279,7.7725,206,46.5403,96,35.3635,213,70.5321,245,7.4784,60,34.3199,162,32.5448,115,58.1590,102,53.2042,104,0.1171,48,0.0974,156
811,Louisiana Lafayette,46.3516,249,30.4802,305,66.1458,261,6.8966,255,49.4828,185,35.2000,197,65.4655,24,8.0431,95,28.4273,288,30.1205,53,48.0851,300,50.1333,47,0.0810,290,0.0977,157
648,Long Island,45.0777,287,31.3880,286,67.1827,227,4.8497,321,51.7944,272,34.2237,143,70.6422,253,11.3990,306,39.6498,50,36.7485,253,46.8454,311,54.3978,143,0.0803,294,0.0977,158
636,Kansas,52.8063,32,39.5548,22,65.9679,268,18.1818,2,41.0200,3,31.8008,33,67.0799,65,6.9403,34,26.0598,317,36.6573,251,58.8608,86,52.6119,94,0.1310,15,0.0977,159
775,St. Bonaventure,45.2991,283,33.6268,218,66.7702,241,7.5616,222,53.2710,306,38.7868,314,70.5660,249,8.3571,118,35.0401,143,31.6095,81,55.8383,151,51.3126,64,0.0759,313,0.0978,160
751,Sam Houston St.,49.4781,143,35.7879,129,67.3222,221,8.1688,186,49.2819,179,31.3901,24,71.0879,273,8.2463,109,41.4783,33,28.5897,23,65.1325,13,62.2642,318,0.1023,131,0.0978,161
528,Boston University,45.8472,267,36.0485,117,67.6983,213,10.3726,83,46.4250,92,34.4262,154,64.5439,12,10.8527,283,38.9865,61,32.9507,132,54.9839,174,52.6232,95,0.0891,237,0.0979,162
774,Southern Utah,52.0508,50,36.5116,99,68.0808,202,9.2323,123,49.1740,174,35.5932,223,70.0787,217,6.4453,14,29.5736,266,31.4457,77,52.1739,244,48.5163,25,0.0824,282,0.0980,163
663,Massachusetts,53.4066,20,34.1421,200,62.1287,320,17.7874,5,42.4440,10,35.6239,227,67.8284,93,8.8645,168,29.7116,258,28.5640,21,56.3715,135,48.7245,27,0.0954,179,0.0984,164
683,Morgan St.,50.4013,102,32.8918,248,62.9860,313,8.6562,152,50.3710,220,32.0628,41,65.8354,34,6.3403,9,26.6627,310,26.8837,9,49.1634,288,51.9894,74,0.0861,266,0.0984,165
616,Holy Cross,46.7122,238,35.1103,156,73.3624,41,11.7591,51,43.3078,16,37.6623,285,70.7120,258,6.4902,17,31.7201,216,34.0063,162,62.7371,29,60.6707,294,0.1507,1,0.0986,166
658,Manhattan,46.8119,234,28.9044,325,70.5696,128,10.4808,78,48.6538,153,34.8162,172,68.5864,128,6.6182,21,25.7194,319,33.2049,140,47.4432,308,54.8105,155,0.1153,58,0.0986,167
808,UC Riverside,43.3927,312,32.9094,245,68.5366,187,3.6348,331,54.3440,323,34.0206,129,69.5431,185,8.6223,143,37.0873,100,30.0682,50,50.4478,272,53.7275,120,0.1072,98,0.0986,168
838,Wagner,48.2656,183,34.3260,188,65.5058,276,6.6968,262,52.9412,299,33.9254,123,69.5581,187,8.8206,166,38.7371,67,33.7530,155,51.5581,254,53.9948,131,0.0948,184,0.0988,169
606,Georgia Tech,53.6158,17,37.2222,66,68.0982,201,10.3920,82,49.7721,195,33.0579,78,70.3851,238,7.0124,38,28.2871,291,35.5464,211,52.5134,237,60.3217,283,0.1400,6,0.0992,170
756,San Jose St.,43.0935,317,30.6273,301,60.6870,327,7.7058,211,50.1751,212,34.0836,134,67.9924,103,11.0835,292,30.9537,235,35.2608,202,51.0917,261,61.7834,313,0.0856,273,0.0997,171
582,Eastern Washington,57.3111,4,33.5294,222,73.4351,40,6.6364,265,52.6364,290,39.7661,325,68.5714,126,7.2620,55,33.3551,177,31.8041,90,60.3974,55,56.9604,213,0.0922,206,0.0999,172
845,Wisconsin Milwaukee,42.3759,329,32.6471,256,67.3077,222,5.2893,306,50.9917,245,37.5291,283,70.5634,248,10.7270,281,37.6106,92,26.1745,5,50.7143,266,49.4859,39,0.0844,277,0.1007,173
778,St. John's,45.0195,289,34.2357,192,72.2807,75,9.6491,104,45.2632,54,33.7793,115,64.2361,9,12.1094,318,38.0145,84,34.4074,178,61.3905,44,55.9889,189,0.0864,260,0.1008,174
676,Missouri,50.9837,80,37.2340,65,69.1379,174,8.1395,188,46.6011,97,37.8871,294,69.4051,178,6.7579,25,36.0153,119,32.9334,130,55.4102,163,53.3608,109,0.1373,9,0.1010,175
795,Texas St.,41.6168,332,36.2438,110,69.6594,155,6.1325,282,56.1820,333,38.5681,307,69.3878,177,12.0758,317,37.7253,90,29.9861,49,54.9451,175,64.4898,331,0.1095,86,0.1011,176
708,North Carolina,54.6067,11,35.7737,130,71.1702,111,11.0045,66,45.2975,55,33.7317,112,66.5635,55,8.5955,136,25.2415,324,32.5130,114,58.9722,85,53.2225,105,0.1101,85,0.1012,177
634,Jacksonville St.,48.3932,177,31.8271,274,68.1542,200,7.7745,205,48.4937,147,34.4383,155,69.5238,182,6.3327,8,32.4825,193,34.5420,183,56.0831,142,55.3936,175,0.1045,118,0.1012,178
529,Bowling Green,48.8844,156,34.5389,180,67.6786,214,9.9125,97,44.9951,49,35.9684,238,70.1733,224,8.2150,107,35.9324,122,32.9642,133,61.3670,45,56.5891,206,0.1040,121,0.1014,179
671,Michigan St.,50.6494,96,37.6033,58,71.8331,89,14.8488,14,42.1632,8,32.2630,44,67.7761,91,9.5779,225,28.2051,293,37.4785,275,69.3548,2,57.3770,224,0.0844,276,0.1018,180
588,Fairleigh Dickinson,47.9184,196,32.4138,263,70.3390,134,7.5868,217,52.8652,297,33.7500,114,69.2308,170,7.9014,85,33.0108,180,27.9232,16,49.4681,283,50.1836,48,0.0869,255,0.1019,181
640,Kentucky,54.1051,13,35.4839,144,70.2899,136,12.5687,39,45.7973,76,33.4204,96,64.7887,17,8.9491,177,34.8315,149,37.5674,278,60.3371,56,52.5626,92,0.0864,261,0.1020,182
553,Coastal Carolina,50.2458,113,33.2083,235,67.9325,205,6.1569,280,54.1212,322,34.2048,142,68.4720,120,10.3245,268,34.3871,159,31.3097,75,59.4477,66,52.2792,83,0.1217,31,0.1020,183
758,Santa Clara,50.8094,90,36.6603,93,66.4740,248,9.0909,128,43.9883,25,33.1115,82,71.9298,301,7.0144,39,31.9045,211,37.0074,266,59.1270,78,59.3220,267,0.0793,299,0.1021,184
585,Elon,45.0292,288,32.6613,255,67.8571,207,7.4795,229,51.1270,248,34.1818,141,66.2500,44,7.7973,78,32.5887,189,36.0419,225,51.1218,260,57.3508,221,0.0901,224,0.1021,185
514,Arkansas Pine Bluff,43.3607,313,27.5000,333,60.8949,326,10.6227,75,43.4982,17,32.7684,68,66.5056,52,7.9508,89,24.6914,329,32.7172,122,43.5055,331,53.7750,122,0.0889,239,0.1022,186
792,Tennessee Tech,50.5707,99,34.1463,199,66.4269,250,9.3834,112,47.8999,130,31.8584,34,68.7500,138,8.9552,178,33.5085,174,37.7295,284,52.9793,221,57.7128,231,0.0935,199,0.1022,187
649,Longwood,43.8507,308,29.5688,317,70.3636,133,9.6154,105,51.1706,251,37.3225,278,66.8309,60,9.5844,226,29.2317,276,29.1889,37,56.2784,137,52.6382,96,0.1018,137,0.1023,188
813,MD Baltimore County,46.5959,243,32.5444,261,73.0942,48,8.3029,177,47.4453,113,38.6064,308,66.9759,62,12.2016,319,30.9524,236,32.6368,119,54.9133,176,53.6552,119,0.0860,267,0.1023,189
602,George Mason,52.1323,47,34.1682,197,64.3145,300,7.9887,195,45.2068,53,34.2271,146,71.4286,284,8.6162,141,32.7283,187,37.3380,271,59.2405,72,55.1576,168,0.0973,164,0.1023,190
726,Oregon St.,47.8992,197,29.0614,323,59.4306,331,8.5714,157,50.8929,241,36.9732,268,73.1023,328,6.8908,31,31.7661,214,31.7905,89,51.1628,259,54.6527,150,0.1127,67,0.1025,191
733,Portland St.,51.4919,66,33.5008,224,64.0260,303,12.3917,40,49.9133,200,36.8043,264,71.8350,297,6.8201,28,33.7288,171,32.5541,116,57.7114,107,57.7465,232,0.0940,193,0.1027,192
594,Florida International,46.6598,241,32.9502,242,65.1072,286,6.6602,264,50.5792,229,38.3117,303,69.5238,182,9.9692,257,34.9164,147,30.8411,67,49.5208,281,52.6391,97,0.0970,166,0.1030,193
589,Fairfield,45.3211,282,32.5623,259,70.8333,123,10.0101,91,50.0506,210,34.1297,137,72.3982,311,13.6697,332,34.0194,167,37.2063,268,60.4136,54,55.6835,182,0.1122,77,0.1031,194
805,UAB,47.0093,226,33.3333,229,60.9001,325,9.5280,109,45.4141,58,32.7303,65,72.4138,312,8.5047,129,36.3853,115,35.1242,199,49.2221,285,48.9422,30,0.0994,152,0.1033,195
554,College of Charleston,51.6814,61,34.6369,172,67.8636,206,9.5705,108,45.6669,71,30.8282,13,68.2261,111,6.8142,27,38.7866,64,32.9459,131,59.1346,77,51.9207,72,0.0939,194,0.1033,196
655,Louisiana St.,49.8011,129,33.6557,216,70.4545,131,12.6531,36,44.1633,30,32.6496,56,69.7030,197,7.5577,69,29.1432,278,32.3204,105,55.6250,156,43.9891,4,0.1039,123,0.1035,197
819,Texas Arlington,50.8165,89,33.8205,210,68.6047,186,7.1790,244,51.1628,250,34.9515,183,72.9730,327,8.7416,158,31.5132,224,38.4568,295,54.1245,201,60.6648,293,0.0893,234,0.1035,198
836,Western Michigan,46.9349,229,38.4483,39,72.3598,73,4.2388,328,51.2111,254,32.6765,60,70.2838,232,8.3333,115,35.7143,129,34.5042,182,49.9299,276,52.4652,89,0.0892,235,0.1037,199
728,Pennsylvania,53.6797,16,36.0000,121,67.0927,229,7.8924,200,47.9821,132,35.3167,210,70.5061,242,8.6580,149,30.2115,250,31.8460,91,63.5000,24,53.2684,106,0.1228,27,0.1037,200
705,Nicholls St.,50.6667,95,33.2481,233,75.3507,16,6.4741,271,53.1873,305,38.6454,309,69.1558,164,11.5556,312,46.4923,13,42.8571,329,62.5698,30,61.6970,309,0.0863,263,0.1038,201
785,Stony Brook,42.6020,326,31.1224,292,66.7269,243,6.4968,270,49.1720,173,35.2381,205,71.0265,270,7.0578,43,25.0000,327,44.5230,331,40.1284,335,58.3882,248,0.1147,61,0.1040,202
654,Loyola Chicago,49.6883,133,33.8395,208,73.3232,42,9.0506,130,45.6078,68,33.9721,125,71.6356,289,8.9938,181,29.1035,279,33.7449,154,48.3193,296,52.0451,76,0.0754,315,0.1040,203
743,Richmond,52.5761,40,34.9745,159,65.0108,290,7.2121,241,53.3907,311,35.9081,237,72.0214,303,9.0164,186,40.8177,36,34.0199,163,59.3893,69,58.6826,254,0.0982,158,0.1041,204
583,East Carolina,44.2417,301,30.7832,300,57.4949,335,7.5342,225,48.7443,156,35.3153,208,68.2464,112,8.8940,171,38.4993,73,38.7841,299,55.6553,155,63.0819,325,0.0934,200,0.1042,205
527,Boston College,53.7885,15,34.8754,164,72.4399,69,13.1044,29,48.9839,167,32.9247,73,69.7342,200,9.4921,220,31.8775,213,28.5786,22,57.1259,117,52.3112,85,0.0859,268,0.1042,206
544,Central Connecticut,46.5608,246,38.0814,49,72.9651,51,9.3193,114,49.7569,194,33.5913,104,66.1232,43,9.3474,211,37.7607,88,34.3617,176,53.6709,207,53.3093,107,0.0921,208,0.1043,207
854,Yale,49.8339,126,35.7647,131,68.8057,180,7.7596,208,51.4754,261,35.5294,221,66.6667,57,7.9734,92,32.0030,207,31.7164,86,58.6379,92,57.5563,226,0.1072,99,0.1043,208
840,Washington,50.2119,115,36.7704,86,72.4409,68,7.5610,223,50.4878,225,33.8384,119,71.8062,295,7.6271,73,26.6321,311,32.5658,118,54.0000,202,55.2311,169,0.0770,309,0.1043,209
839,Wake Forest,49.5726,138,36.8705,78,63.3333,310,7.9035,199,52.7454,293,34.9835,185,68.0820,107,9.0598,189,32.2132,202,33.5177,147,52.7389,227,53.9007,127,0.0888,240,0.1044,210
712,Northeastern,44.8276,295,35.5556,141,69.4981,160,10.0078,92,48.2408,140,35.0000,187,70.6740,255,8.2759,112,39.9408,44,27.2882,10,61.4388,42,50.8280,56,0.0773,308,0.1047,211
718,Oakland,46.3058,251,37.5940,59,76.9231,3,2.7978,335,52.5180,289,33.9321,124,71.8690,299,9.6220,231,31.3679,227,28.5959,24,55.0744,173,52.2370,82,0.0934,201,0.1048,212
645,Liberty,52.1531,46,32.6683,254,70.1149,143,7.1753,245,51.1353,249,32.9670,75,65.2857,22,8.0542,97,24.2296,332,33.1512,139,50.5732,269,56.9314,212,0.0891,236,0.1050,213
510,Appalachian St.,53.1646,28,36.7550,87,68.4397,192,10.2612,84,49.4403,182,35.0847,191,64.1739,7,8.4087,123,35.3216,136,35.4994,209,55.9259,148,56.5807,204,0.1206,34,0.1050,214
685,Mississippi Valley St.,44.0920,303,32.1637,266,65.0485,289,10.2200,85,43.5060,18,30.7540,10,67.1756,70,9.7542,245,28.9177,281,26.3461,7,51.0402,262,44.5313,6,0.0873,250,0.1051,215
600,Georgia Southern,47.6800,206,34.5588,177,60.6440,328,8.8097,140,47.8913,128,31.5175,26,69.5716,190,7.6000,70,24.6080,330,32.5111,113,51.9674,247,52.6003,93,0.0987,157,0.1051,216
716,Northwestern St.,47.5867,209,36.2617,109,71.1722,110,10.4853,77,53.3795,309,36.5979,258,68.2896,114,7.6923,75,28.7480,282,33.5253,148,61.8182,37,60.0724,278,0.1296,18,0.1054,217
738,Purdue,51.1475,74,35.6678,137,67.7698,210,7.6395,214,47.4678,115,32.7645,67,69.6746,194,10.8197,282,33.4787,175,33.4666,146,55.1601,166,57.5839,227,0.1193,42,0.1056,218
660,Marquette,48.9157,154,33.5413,221,67.0213,232,9.1954,126,45.1560,52,34.5083,160,68.9016,153,11.0040,286,33.9873,168,30.6773,65,55.9466,146,57.6087,228,0.1261,21,0.1056,219
533,Bucknell,52.2602,44,37.0809,71,72.2488,77,5.4398,297,45.6019,67,34.8409,174,74.1683,334,8.4895,128,35.8557,124,40.8624,318,64.0483,20,56.3123,196,0.1025,130,0.1057,220
747,South Carolina St.,47.9964,193,33.6170,219,68.7107,182,7.0356,251,50.1876,214,31.9923,39,65.0200,20,6.2333,5,29.5041,268,32.8715,126,42.6112,333,52.2792,83,0.0895,233,0.1058,221
557,Colorado St.,53.2630,26,36.8421,80,71.3615,104,12.3433,43,46.1909,88,38.7454,312,72.8696,324,9.5010,221,28.6301,285,34.3255,174,53.4556,212,57.3295,219,0.1017,138,0.1059,222
612,Harvard,49.1274,149,31.7536,279,75.8779,9,7.5701,219,55.9813,332,36.2393,250,71.8004,294,11.0820,291,26.9133,307,35.3474,207,45.3372,322,57.3366,220,0.0963,174,0.1064,223
572,Denver,42.7984,324,35.1667,155,72.2222,78,3.4894,334,50.0426,209,40.4887,330,64.6465,13,9.1564,195,38.1679,77,32.7803,123,55.5024,160,54.2683,137,0.0709,323,0.1064,224
592,Florida,58.7234,1,40.8528,8,69.2390,167,12.2707,44,46.2998,90,28.5319,1,66.0407,36,6.9504,35,34.0197,166,31.3504,76,54.7556,181,45.7356,9,0.0988,155,0.1066,225
806,UC Davis,47.5546,210,30.8362,297,72.2603,76,7.3063,238,52.8169,296,38.7500,313,67.5953,85,11.0302,289,37.3941,95,29.7030,47,53.6278,208,59.2875,266,0.0870,254,0.1067,226
542,Central Arkansas,45.7717,269,30.5195,303,73.6082,37,13.4403,26,45.6369,69,36.9369,266,70.2166,227,9.4080,214,32.8125,184,30.8119,66,47.2125,310,59.7738,274,0.0744,317,0.1067,227
559,Connecticut,45.7122,273,32.0961,267,62.8362,316,20.9945,1,39.7001,1,31.2950,20,72.5664,316,9.6197,230,25.4586,321,30.4992,61,52.8947,224,48.5968,26,0.1124,73,0.1068,228
673,Minnesota,46.8124,233,35.3398,150,68.3036,196,13.0360,32,45.4545,62,33.5689,102,69.9174,207,9.4718,218,31.9281,210,32.6790,121,56.8966,121,61.8056,314,0.0749,316,0.1068,229
579,Eastern Illinois,43.9856,307,32.0574,270,72.6930,61,5.9331,290,47.8964,129,34.9745,184,66.1069,41,8.6176,142,27.2846,302,38.8522,301,55.6090,157,61.2308,303,0.0875,249,0.1069,230
516,Arkansas St.,48.6247,163,39.7213,20,67.0229,230,8.8380,139,45.9083,79,35.7027,228,68.5841,127,7.0985,46,33.7449,170,33.6230,150,55.5412,159,50.2558,49,0.0847,274,0.1070,231
742,Rice,46.2454,255,37.6543,56,71.7593,93,8.5378,159,49.0677,171,35.1767,195,66.0522,37,8.5165,130,30.7985,239,38.9820,303,56.2500,138,58.7106,256,0.0997,149,0.1071,232
719,Ohio,50.7246,92,33.2750,231,72.3684,72,6.3663,274,52.3017,283,34.2246,144,68.9655,157,8.8768,169,34.0896,165,42.2838,326,53.8667,203,56.5823,205,0.1195,41,0.1071,233
598,Furman,48.4504,174,36.6501,94,75.2119,18,5.8118,293,52.6753,291,34.4898,159,66.4865,50,8.8843,170,38.3832,75,31.1309,70,58.8406,87,49.4595,37,0.0977,162,0.1071,234
633,Jacksonville,48.5294,168,32.6810,253,72.8261,57,8.4694,167,51.9388,276,37.8788,293,72.4252,313,13.0515,327,31.9575,208,35.0133,196,54.2446,197,58.5331,250,0.1163,53,0.1071,235
837,Winston Salem St.,38.2770,336,29.8214,316,62.6350,317,4.9198,318,57.2193,335,36.7965,263,67.4884,81,17.0120,336,37.9147,85,33.0709,136,52.1236,245,60.4255,285,0.1090,89,0.1074,236
531,Brown,47.9943,194,36.9565,75,74.1835,31,8.1345,189,49.6746,192,36.5201,255,71.2245,277,10.4585,274,44.1600,17,36.1938,237,66.2338,8,60.4006,284,0.1158,55,0.1075,237
504,Alabama,49.4163,146,37.1226,69,70.7646,125,13.4175,27,48.1452,137,30.8229,12,68.8259,145,10.3502,271,30.4654,245,36.1391,234,49.7630,279,54.9940,164,0.0833,279,0.1077,238
784,Stetson,45.4179,278,33.3935,227,73.1872,46,7.9415,197,52.8736,298,37.9630,296,72.6744,319,8.4592,127,35.8112,128,36.0721,229,48.4277,295,64.4163,330,0.1053,114,0.1078,239
567,Dartmouth,46.5700,245,29.4710,319,70.2290,139,9.7046,102,50.0000,203,37.0968,272,70.2786,231,7.0531,42,27.7235,298,28.1818,19,50.9182,263,51.3072,63,0.1021,133,0.1080,240
749,Southern Illinois,49.7121,132,36.8687,79,69.1790,171,10.9390,67,46.1762,87,34.6939,168,70.1453,222,8.3493,116,36.3081,117,32.1733,102,54.5455,189,51.7774,69,0.1049,115,0.1082,241
809,Central Florida,51.6842,60,38.6980,34,72.6430,62,10.4663,80,45.9067,78,33.1633,85,70.7038,257,8.8421,167,36.7931,103,37.8622,286,61.4184,43,55.9561,187,0.1124,71,0.1082,242
608,Grambling,44.0000,305,30.5128,304,68.5345,189,7.5551,224,48.4785,145,31.7073,31,65.6846,29,9.8462,251,28.5714,286,30.0807,52,46.3504,319,48.1419,23,0.0837,278,0.1086,243
540,Campbell,50.2930,110,33.4877,225,72.4462,67,7.5862,218,53.6207,317,34.4668,158,67.4497,78,13.1836,329,38.7560,66,35.8052,219,61.0656,48,62.9586,323,0.1197,39,0.1088,244
593,Florida A&M,48.7352,160,35.7977,128,65.3141,281,5.7554,294,48.8181,160,34.9355,181,68.8852,151,9.1062,192,30.2353,249,46.7141,336,55.7743,152,60.6727,295,0.0947,185,0.1089,245
807,UC Irvine,49.8201,127,36.0071,119,72.3926,71,11.1203,63,45.4695,63,34.0774,132,67.5806,84,7.1942,52,33.5326,173,35.6310,214,56.8783,122,48.7836,29,0.0651,333,0.1089,246
664,McNeese St.,43.2391,315,27.7916,328,65.9966,267,13.7632,23,46.1020,86,34.5878,163,69.1358,163,8.6325,146,23.5397,333,34.9405,193,47.6401,307,57.8869,234,0.1055,111,0.1090,247
624,Illinois St.,50.8995,84,36.3929,104,64.9621,291,9.5238,110,47.8095,126,36.3095,252,69.2845,173,9.2063,201,39.6552,49,32.4324,110,62.2348,32,58.1022,243,0.1021,135,0.1092,248
707,Norfolk St.,49.4863,142,34.7087,170,63.4267,308,8.9733,135,49.1803,175,40.1487,329,65.4466,23,7.3630,58,26.0759,316,31.7030,84,44.6602,327,51.1450,59,0.0866,257,0.1092,249
815,NC Greensboro,48.2587,184,33.8028,211,65.9574,270,11.6652,54,47.7293,123,33.4432,98,66.0777,38,11.5423,311,38.8686,62,35.0867,197,52.3538,242,52.0974,79,0.1126,70,0.1093,250
643,Lamar,47.0423,224,37.5000,60,64.8997,294,6.6354,266,46.8384,103,36.0134,241,69.9686,212,11.2676,300,37.8284,86,31.7891,88,67.4731,4,62.6994,321,0.0766,310,0.1094,251
601,Gardner Webb,46.0177,262,34.7889,167,64.0271,302,7.4439,230,53.0942,302,34.1270,136,70.3259,234,7.8540,79,43.1804,24,31.1303,69,59.0840,82,54.0576,135,0.1079,93,0.1095,252
771,South Florida,49.5853,136,32.4766,262,66.1581,259,13.0776,30,45.9459,80,33.7329,113,66.4234,49,14.0092,334,28.2882,290,33.7377,153,64.5495,16,58.5635,251,0.0916,211,0.1095,253
614,High Point,50.6250,97,34.5865,174,68.6456,185,8.0470,191,49.2767,178,30.8429,14,68.1739,109,8.9286,174,32.2034,203,32.0639,99,58.3222,98,48.0170,21,0.0909,217,0.1096,254
787,Texas A&M Corpus Chris,56.4448,6,40.5896,12,71.8310,90,8.3490,173,48.8743,163,34.9398,182,71.2050,275,7.4979,62,27.0885,306,38.3815,293,65.2532,12,56.0425,190,0.1068,102,0.1096,255
512,Arizona St.,47.0199,225,31.0881,293,66.0550,266,6.2929,275,49.3135,180,34.2857,150,69.5122,181,8.3885,121,38.9899,60,37.5268,277,61.5512,40,63.0115,324,0.0896,231,0.1096,256
661,Marshall,46.0944,259,29.3395,320,65.2174,283,11.4904,58,46.0450,83,34.0800,133,72.6483,317,9.7854,247,35.8480,125,34.2278,171,54.8077,179,57.9634,237,0.0973,165,0.1096,257
821,Utah,52.4313,42,41.4122,5,73.9726,33,6.6937,263,52.0284,277,46.4738,336,69.3032,174,7.7167,76,35.6463,131,35.9324,223,58.2048,101,58.9610,262,0.0743,319,0.1096,258
662,Maryland,50.8864,86,38.5069,36,69.5044,158,16.1918,8,42.9465,12,30.2360,6,69.3750,176,8.6014,138,25.0492,325,32.0265,98,60.4531,53,48.1166,22,0.1013,140,0.1097,259
826,Valparaiso,50.2720,111,38.5542,35,73.8703,35,8.0039,193,45.8052,77,32.8520,71,70.4309,241,7.1817,50,38.7333,68,34.8209,190,57.4344,113,52.5114,90,0.0777,306,0.1097,260
580,Eastern Kentucky,55.5683,8,35.7041,136,67.5556,217,7.5622,221,51.5423,263,35.8678,234,67.2566,73,9.1848,197,44.6633,14,37.5776,279,60.8163,50,61.7687,312,0.1242,26,0.1098,261
788,Texas Christian,45.5159,277,33.1471,237,60.1744,329,9.5890,106,49.0215,169,34.9091,179,67.8914,97,13.6933,333,34.1169,164,34.9873,194,58.0000,105,61.9048,316,0.1001,146,0.1100,262
518,Auburn,52.1968,45,33.8257,209,63.4868,305,10.8084,68,49.4728,184,37.4422,281,64.3791,10,9.2267,203,37.3003,96,36.3179,243,62.2114,33,55.3350,172,0.1141,63,0.1101,263
816,NC Wilmington,48.3135,180,31.2399,290,69.5364,157,5.4223,298,52.1376,279,32.3680,49,70.7849,260,8.9286,174,38.1215,79,37.9690,288,61.5272,41,53.3333,108,0.0794,298,0.1103,264
765,Stephen F. Austin,47.0462,223,36.7876,84,69.9612,151,5.8757,291,50.2825,217,32.6087,55,67.9283,99,11.4930,310,29.3090,273,31.8707,93,56.5517,132,54.8276,156,0.1102,84,0.1108,265
561,Cornell,50.9615,83,39.2116,25,74.8963,21,8.6433,154,48.7965,158,33.3988,94,72.9437,326,10.3365,269,36.6819,108,35.7695,218,57.0962,118,54.8701,159,0.0897,230,0.1108,266
644,Lehigh,45.3557,281,33.9207,206,70.9244,118,8.7346,148,44.3449,37,39.2294,318,68.7692,142,7.9051,86,30.9686,234,39.0027,304,54.1599,199,65.0000,333,0.0885,245,0.1112,267
558,Columbia,48.6175,164,40.8034,10,73.2892,43,4.6988,324,50.6024,231,34.5098,161,67.9856,102,11.1751,298,35.2722,137,38.0597,291,58.0488,104,54.5302,146,0.0863,264,0.1113,268
834,Western Illinois,45.8333,268,30.5263,302,66.7238,244,5.8263,292,50.4237,221,40.7129,331,67.6271,87,8.7398,157,32.5565,190,36.0867,231,50.0000,275,62.0491,317,0.1000,148,0.1113,269
695,North Carolina St.,55.5200,9,35.7262,134,72.7513,60,8.2937,178,47.5867,118,36.6337,259,68.3305,116,7.9200,88,32.3959,198,32.4610,112,57.5991,112,50.5735,54,0.0778,305,0.1114,270
745,Robert Morris,55.6691,7,33.9130,207,75.4348,14,7.8616,202,52.5157,288,35.3153,208,64.9910,19,6.0266,4,37.0013,101,36.7793,256,58.6486,91,51.9369,73,0.1063,107,0.1117,271
762,Southeast Missouri St.,48.5201,169,33.0176,241,63.3577,309,10.6494,73,53.4199,312,37.4539,282,67.8112,92,8.4567,126,43.8576,19,31.9387,96,54.7653,180,55.4878,177,0.1156,56,0.1119,272
748,South Dakota St.,46.6667,240,31.7719,278,66.2651,258,3.5749,333,52.4638,287,37.2093,276,72.2504,307,8.6111,140,31.2540,229,36.7746,255,52.7273,228,57.3664,222,0.0912,215,0.1122,273
586,East Tennessee St.,50.3823,103,33.9383,205,72.9064,54,12.1827,46,45.4315,59,32.7089,64,68.2099,110,8.7156,154,29.6396,263,36.9936,265,59.2199,73,56.6754,207,0.1353,12,0.1126,274
541,Canisius,46.7943,235,33.5423,220,65.1007,287,6.9789,253,52.1579,281,33.7920,117,65.5977,26,11.9900,316,34.6928,153,37.5215,276,52.5773,233,61.2167,302,0.1007,144,0.1127,275
603,Georgetown,57.7666,2,37.0079,73,70.9581,115,15.6716,10,43.2007,15,30.3155,8,71.0145,269,7.1369,49,34.7755,151,37.6744,283,59.1549,75,54.4474,144,0.0866,258,0.1128,276
515,Arkansas,51.5806,63,34.5840,175,70.2740,137,16.6667,6,45.3243,56,32.9429,74,70.0000,215,9.0208,187,32.0942,204,33.9970,161,59.1373,76,52.5424,91,0.1011,141,0.1129,277
523,Bethune Cookman,43.0526,319,28.8835,326,61.1881,324,10.0338,90,49.7182,193,35.0000,187,68.9189,154,6.5263,18,30.2496,248,35.1134,198,54.7348,182,59.1133,265,0.1037,124,0.1129,278
550,The Citadel,46.0048,263,29.5146,318,63.4434,307,2.6752,336,55.5414,330,39.3673,321,67.5105,82,11.0169,288,38.4042,74,42.0236,324,52.6316,232,61.8182,315,0.1039,122,0.1130,279
679,Monmouth,53.3679,23,34.4891,181,65.7033,272,14.0496,20,46.7401,100,39.1459,317,73.5169,329,9.5337,222,36.2194,118,34.0400,165,58.5227,94,57.8875,235,0.0994,153,0.1133,280
577,Duke,50.5673,100,38.0769,50,68.9112,176,11.4515,59,45.6601,70,31.5193,27,70.6542,254,9.3193,210,29.6465,261,24.3377,2,52.6764,231,49.0196,33,0.1093,87,0.1134,281
629,Iowa St.,45.3846,279,31.7355,280,70.1550,142,8.2324,183,44.2292,32,37.0536,270,71.9536,302,8.7500,159,36.7781,105,26.5560,8,51.6566,252,51.8207,70,0.0668,330,0.1137,282
692,Navy,45.5192,276,35.9238,126,74.3820,28,5.1724,309,48.3908,142,32.8000,70,67.9137,98,11.3798,304,49.2419,4,36.4964,245,63.7168,22,60.8547,300,0.1066,105,0.1137,283
672,Middle Tennessee,50.3448,106,33.7321,213,69.4949,161,8.8000,143,45.6000,66,36.1592,246,67.1598,69,6.6379,23,26.4892,312,36.6286,249,53.7931,205,51.1278,58,0.0612,336,0.1138,284
547,Chattanooga,47.7054,203,34.3701,186,63.2558,311,5.4204,299,50.4425,223,36.1816,247,67.2727,74,10.2455,266,40.6962,37,45.3116,333,57.0359,119,61.7607,311,0.0755,314,0.1140,285
727,Pacific,50.0000,119,36.6906,91,68.5127,190,5.7143,295,52.1182,278,40.0338,327,68.7943,143,8.3499,117,35.5954,133,36.8388,261,62.0934,34,58.4856,249,0.0826,281,0.1142,286
681,Montana St.,47.9826,195,32.4117,264,66.4107,251,9.0099,132,49.8020,196,34.0467,131,72.4860,314,9.7056,239,41.5179,32,33.7270,152,59.2934,71,53.8348,124,0.0788,300,0.1144,287
786,Syracuse,48.4871,170,36.4539,103,69.9764,150,17.9840,4,40.4641,2,32.7014,63,63.0058,2,9.9092,254,34.7805,150,37.9667,287,58.1292,103,58.1535,244,0.1164,52,0.1144,288
565,Cal St. Northridge,47.7383,200,32.5630,258,71.8069,91,7.8280,203,51.8192,274,34.5600,162,69.9187,208,7.5121,63,27.7713,297,40.7963,317,53.4853,211,56.9971,215,0.1122,76,0.1145,289
610,Hampton,50.1472,117,30.2711,308,66.3043,255,9.2661,116,47.8899,127,31.8982,36,67.1558,68,9.0285,188,39.4534,54,31.9176,95,51.4045,256,57.5182,225,0.1275,19,0.1149,290
847,William & Mary,51.1182,76,31.3692,287,69.3141,165,5.1546,310,50.0000,203,32.3481,48,67.8439,96,8.0937,102,38.0607,82,38.5687,297,57.6399,110,56.4516,201,0.0817,287,0.1153,291
630,IUPU Fort Wayne,47.6690,208,36.2429,111,66.3067,254,8.5038,162,50.5920,230,34.1202,135,73.7600,331,8.0420,94,38.0505,83,33.4050,144,63.0000,27,54.3720,142,0.0964,172,0.1155,292
803,Texas Pan American,48.4594,173,36.8313,81,72.9091,53,5.1342,311,51.4586,260,37.7778,288,70.7182,259,9.6639,235,40.5000,38,32.0919,100,66.4762,6,59.0909,263,0.0899,226,0.1158,293
776,St. Francis NY,45.3632,280,29.0909,322,62.0313,322,7.7535,209,50.0000,203,35.5263,220,69.2308,170,9.1963,199,25.3749,322,37.6704,282,45.1748,323,61.7524,310,0.1076,96,0.1161,294
604,Georgia,50.0000,119,38.1306,45,66.3516,252,12.6468,37,48.5998,150,35.8382,232,68.3837,117,9.2000,200,35.0312,144,38.4658,296,51.7007,251,54.4529,145,0.1261,20,0.1162,295
543,Centenary,47.8117,199,34.7222,168,71.6370,97,6.0488,286,51.8049,273,39.3635,320,71.2834,281,9.2486,205,29.3878,272,36.8064,259,54.9072,177,56.5274,203,0.1149,60,0.1163,296
688,Northern Colorado,43.9960,306,38.1517,43,68.0374,203,6.8035,258,50.4320,222,35.4839,217,69.7143,198,11.3017,301,29.8655,254,36.2698,242,56.7839,125,54.8930,160,0.0679,328,0.1164,297
652,Loyola Marymount,42.4940,327,32.0796,269,68.8192,179,4.8314,322,51.6864,269,38.6694,310,68.5374,124,8.4194,125,26.4173,313,30.4816,60,62.9412,28,60.8234,299,0.0963,176,0.1169,298
669,Miami OH,52.1287,48,33.2677,232,70.8835,120,11.9258,49,44.5230,41,32.2330,43,69.2171,167,8.9877,180,32.4601,194,31.2690,74,58.4722,96,47.1642,16,0.0952,180,0.1171,299
517,Army,43.0801,318,38.1818,42,70.0000,149,8.6527,153,46.2299,89,35.4027,214,69.6774,196,9.2612,208,31.4061,225,42.4199,328,62.0275,35,60.5128,287,0.1067,104,0.1175,300
641,La Salle,49.7545,131,35.3579,149,69.2068,170,5.4054,301,51.5315,262,35.2349,204,75.4443,336,9.7381,243,27.3916,300,34.9355,192,55.3826,164,54.8593,158,0.0929,204,0.1178,301
729,Penn St.,48.3431,179,35.9779,122,68.6833,183,5.3156,304,53.1561,304,35.4978,218,67.1937,72,9.4542,216,34.5663,157,43.4211,330,65.5572,11,62.6722,320,0.0890,238,0.1179,302
801,Tulane,47.5482,212,34.9593,160,66.8129,238,14.5729,16,41.1223,4,35.2052,199,66.6187,56,10.8581,284,24.4209,331,27.9421,17,61.3095,46,53.5168,115,0.1010,143,0.1179,303
555,Colgate,42.9538,322,32.2851,265,69.3798,164,7.3762,235,46.6807,99,35.4212,216,69.9805,213,6.8771,30,34.9707,146,32.7904,124,48.5981,294,52.0593,77,0.0943,190,0.1183,304
613,Hawaii,50.2329,114,34.2975,189,72.9469,52,11.6578,55,42.8463,11,31.7554,32,67.4208,77,7.5311,68,27.3138,301,27.7352,12,66.2977,7,45.9422,11,0.0914,213,0.1186,305
732,Portland,45.0083,290,29.9528,314,73.0903,49,6.0329,287,48.1718,139,35.2308,203,66.2500,44,9.6506,233,26.0763,315,37.2706,269,52.9940,220,59.9206,277,0.0617,335,0.1186,306
605,Georgia St.,46.2878,252,36.5854,96,65.6296,275,8.5069,161,51.0417,246,33.5375,101,68.7170,135,10.6324,278,31.0802,231,36.1773,235,48.6131,293,57.9926,238,0.0863,262,0.1192,307
642,Lafayette,48.3826,178,35.2672,152,72.3949,70,7.5693,220,54.4776,326,37.1278,275,70.2521,230,10.6892,279,47.9502,9,37.8396,285,63.4783,25,59.6127,273,0.1060,108,0.1198,308
820,Texas San Antonio,44.5708,299,27.8409,327,59.3190,332,7.9827,196,50.2697,216,34.8837,178,68.0428,105,10.0310,260,26.6869,309,29.4521,43,54.6314,187,54.5757,148,0.1032,127,0.1199,309
828,Vermont,48.2916,181,36.3636,105,67.1937,226,10.1949,86,44.5277,42,31.8966,35,68.1661,108,9.1875,198,26.8740,308,30.3030,59,55.4187,162,51.0911,57,0.0783,303,0.1203,310
783,Stanford,48.7490,159,34.8697,165,68.1600,199,14.5110,17,44.4795,39,33.7302,111,69.7161,199,6.3761,11,28.7112,283,28.4424,20,59.1260,79,47.2752,17,0.0688,327,0.1204,311
537,Central Michigan,44.9848,291,36.5385,98,72.5244,65,8.2587,181,51.8408,275,34.9328,180,71.4801,286,9.8278,249,36.6902,107,34.1415,168,46.7075,315,58.7482,257,0.1114,81,0.1205,312
722,Oklahoma St.,50.8540,88,35.9664,123,72.0899,82,9.2637,118,47.9018,131,35.3312,212,70.5307,244,9.0062,183,31.5985,221,33.4212,145,55.1208,171,54.0410,133,0.1049,116,0.1209,313
804,Texas Southern,43.0490,320,30.4795,306,63.2332,312,7.2761,240,46.4552,93,32.5540,54,66.9916,63,10.5055,276,18.7420,336,34.1523,169,47.7918,304,54.7865,154,0.0899,227,0.1214,314
779,Saint Joseph's,49.8188,128,37.6087,57,72.2222,78,10.6572,72,48.8455,162,33.0784,80,66.4912,51,8.7862,163,29.4118,271,31.7162,85,56.7082,127,57.8147,233,0.0920,209,0.1217,315
802,Tulsa,44.0914,304,35.6618,138,70.6408,126,14.8042,15,41.8338,5,32.1637,42,64.8529,18,11.1221,294,35.0741,142,32.8846,128,58.6207,93,45.9370,10,0.0822,284,0.1225,316
740,Radford,48.6741,162,30.9824,295,64.6154,298,8.8097,140,52.9522,300,33.9823,127,67.6236,86,6.4157,12,25.3512,323,34.6201,184,42.4855,334,59.5773,272,0.1221,30,0.1231,317
814,NC Asheville,45.7323,271,35.7143,135,67.2481,223,10.7507,69,50.5097,228,33.1588,84,69.0802,162,7.0979,45,28.0543,294,34.6852,185,56.4759,133,61.3605,304,0.0963,175,0.1240,318
706,NJ Inst of Technology,47.6923,204,27.7883,329,65.6604,273,9.2191,125,50.8677,239,38.2940,302,70.4142,239,9.0110,184,36.7616,106,37.4067,273,53.3563,213,64.7059,332,0.0931,202,0.1241,319
545,Charleston Southern,46.6880,239,33.5260,223,65.1765,285,4.7764,323,54.4715,325,36.0714,244,64.7312,16,9.4017,213,35.6701,130,36.2694,241,54.8282,178,60.5691,290,0.0901,223,0.1245,320
773,Southern,41.7924,331,32.5581,260,64.4262,299,8.7127,149,47.0958,108,30.6288,9,67.8400,95,10.4703,275,31.4060,226,27.9004,15,46.4789,317,52.3302,86,0.1170,49,0.1246,321
777,St. Francis PA,46.4094,247,36.2725,108,72.1768,81,6.9588,254,49.9141,201,37.4396,280,71.7047,291,11.0397,290,34.8464,148,26.2357,6,58.3062,99,45.1087,7,0.0763,311,0.1279,322
508,Alcorn St.,46.5909,244,27.6074,332,67.6336,215,6.5068,269,49.0582,170,35.5932,223,63.8655,6,9.0035,182,29.9449,253,28.7805,29,39.3713,336,52.2267,81,0.0920,210,0.1280,323
767,Southern Methodist,46.8565,232,34.8797,162,69.9463,152,11.3445,60,48.4244,143,33.0479,77,66.3244,47,11.1507,297,40.8421,35,38.0208,290,59.6990,63,55.5046,178,0.0943,189,0.1283,324
522,Belmont,54.5639,12,36.2113,113,68.6726,184,8.0000,194,44.0000,26,28.6988,2,70.2096,226,9.9391,255,44.0409,18,30.5556,63,60.6838,51,56.3712,198,0.0901,222,0.1285,325
581,Eastern Michigan,46.1229,258,35.9165,127,68.3761,194,5.3153,305,50.8108,237,35.1027,192,69.8941,205,12.8902,326,40.3245,40,34.4746,180,53.5050,210,56.4369,199,0.1025,129,0.1286,326
759,Savannah St.,44.9095,293,31.8766,273,66.9014,236,7.6923,212,48.4615,144,33.8422,120,70.9337,265,11.3122,302,30.5577,244,30.1612,55,55.8541,149,56.4460,200,0.1124,72,0.1293,327
782,St. Peter's,43.4783,309,33.9789,203,66.4516,249,10.4640,81,46.1007,84,36.1017,245,68.5484,125,9.9517,256,35.4336,134,36.8060,258,53.1882,216,60.7353,298,0.1078,95,0.1306,328
797,Tennessee Martin,45.7659,270,30.9524,296,67.7037,212,4.5276,327,51.5748,264,36.9707,267,62.2332,1,8.9439,176,32.4116,197,37.6687,281,59.4976,65,62.3169,319,0.0969,168,0.1309,329
505,Alabama A&M,43.2124,316,26.2260,336,63.4752,306,18.1404,3,43.0264,13,31.3684,22,66.7732,59,10.1554,261,32.7057,188,30.2163,57,48.7037,291,52.8180,99,0.0936,197,0.1311,330
534,Buffalo,45.1693,285,31.4885,285,69.1489,172,7.0979,250,51.3926,258,35.2060,200,67.7124,89,9.9917,258,30.2017,251,32.4226,109,59.9719,61,58.6842,255,0.1064,106,0.1321,331
737,Providence,53.3858,21,36.3289,107,69.6284,156,12.1363,48,47.7140,121,34.7756,170,69.5581,187,9.7638,246,29.1690,277,34.1544,170,59.1014,80,55.8786,186,0.1048,117,0.1327,332
710,North Florida,40.5164,334,31.7919,277,60.0806,330,8.7367,146,50.0590,211,33.3333,89,65.6743,28,11.7180,313,25.5728,320,42.1843,325,58.4942,95,63.6508,327,0.0963,173,0.1349,333
667,Mercer,48.8754,157,30.1486,311,71.3821,103,9.9420,95,48.7158,155,33.6296,107,66.3286,48,8.3045,114,28.9490,280,35.8661,220,49.5050,282,60.2454,281,0.0819,286,0.1421,334
627,Iona,45.2321,284,27.7778,330,57.6985,334,12.8713,33,48.8749,164,33.7891,116,68.6275,129,9.7046,238,25.0474,326,31.5465,79,47.6780,306,54.7486,153,0.0898,229,0.1441,335
690,Northern Illinois,51.7241,59,35.4460,147,71.2032,109,8.1841,184,49.6164,190,36.0000,239,71.4777,285,8.7605,161,28.4189,289,28.8228,31,58.2153,100,49.2696,36,0.0805,293,0.1472,336
